solid OpenSCAD_Model
  facet normal -0.980801 -0.195013 -1.16886e-19
    outer loop
      vertex 89.7479 56.5611 6.7
      vertex 89.6969 56.8176 12.7
      vertex 89.6969 56.8176 6.7
    endloop
  endfacet
  facet normal -0.980801 -0.195013 -1.16886e-19
    outer loop
      vertex 89.6969 56.8176 12.7
      vertex 89.7479 56.5611 6.7
      vertex 89.7479 56.5611 12.7
    endloop
  endfacet
  facet normal -0.997862 -0.0653521 -5.01015e-20
    outer loop
      vertex 89.765 56.3 6.7
      vertex 89.7479 56.5611 12.7
      vertex 89.7479 56.5611 6.7
    endloop
  endfacet
  facet normal -0.997862 -0.0653521 -5.01015e-20
    outer loop
      vertex 89.7479 56.5611 12.7
      vertex 89.765 56.3 6.7
      vertex 89.765 56.3 12.7
    endloop
  endfacet
  facet normal -0.94695 -0.321382 -4.83649e-19
    outer loop
      vertex 89.6969 56.8176 6.7
      vertex 89.6128 57.0654 12.7
      vertex 89.6128 57.0654 6.7
    endloop
  endfacet
  facet normal -0.94695 -0.321382 -4.83649e-19
    outer loop
      vertex 89.6128 57.0654 12.7
      vertex 89.6969 56.8176 6.7
      vertex 89.6969 56.8176 12.7
    endloop
  endfacet
  facet normal 0.980801 -0.195013 1.16886e-19
    outer loop
      vertex 85.7821 56.5611 12.7
      vertex 85.8331 56.8176 6.7
      vertex 85.8331 56.8176 12.7
    endloop
  endfacet
  facet normal 0.980801 -0.195013 1.16886e-19
    outer loop
      vertex 85.8331 56.8176 6.7
      vertex 85.7821 56.5611 12.7
      vertex 85.7821 56.5611 6.7
    endloop
  endfacet
  facet normal -0.831521 -0.555494 -1.79485e-18
    outer loop
      vertex 89.497 57.3 6.7
      vertex 89.3517 57.5175 12.7
      vertex 89.3517 57.5175 6.7
    endloop
  endfacet
  facet normal -0.831521 -0.555494 -1.79485e-18
    outer loop
      vertex 89.3517 57.5175 12.7
      vertex 89.497 57.3 6.7
      vertex 89.497 57.3 12.7
    endloop
  endfacet
  facet normal 0.321039 -0.947066 0
    outer loop
      vertex 86.9996 58.1478 6.7
      vertex 87.2474 58.2318 12.7
      vertex 86.9996 58.1478 12.7
    endloop
  endfacet
  facet normal 0.321039 -0.947066 0
    outer loop
      vertex 87.2474 58.2318 12.7
      vertex 86.9996 58.1478 6.7
      vertex 87.2474 58.2318 6.7
    endloop
  endfacet
  facet normal 0.980801 0.195013 -1.16886e-19
    outer loop
      vertex 85.8331 55.7824 12.7
      vertex 85.7821 56.0389 6.7
      vertex 85.7821 56.0389 12.7
    endloop
  endfacet
  facet normal 0.980801 0.195013 -1.16886e-19
    outer loop
      vertex 85.7821 56.0389 6.7
      vertex 85.8331 55.7824 12.7
      vertex 85.8331 55.7824 6.7
    endloop
  endfacet
  facet normal -0.195013 0.980801 0
    outer loop
      vertex 88.2826 54.3681 6.7
      vertex 88.0261 54.3171 12.7
      vertex 88.2826 54.3681 12.7
    endloop
  endfacet
  facet normal -0.195013 0.980801 0
    outer loop
      vertex 88.0261 54.3171 12.7
      vertex 88.2826 54.3681 6.7
      vertex 88.0261 54.3171 6.7
    endloop
  endfacet
  facet normal -0.896709 -0.442621 1.01822e-18
    outer loop
      vertex 89.6128 57.0654 6.7
      vertex 89.497 57.3 12.7
      vertex 89.497 57.3 6.7
    endloop
  endfacet
  facet normal -0.896709 -0.442621 1.01822e-18
    outer loop
      vertex 89.497 57.3 12.7
      vertex 89.6128 57.0654 6.7
      vertex 89.6128 57.0654 12.7
    endloop
  endfacet
  facet normal -0.442314 -0.89686 0
    outer loop
      vertex 88.5304 58.1478 6.7
      vertex 88.765 58.0321 12.7
      vertex 88.5304 58.1478 12.7
    endloop
  endfacet
  facet normal -0.442314 -0.89686 -0
    outer loop
      vertex 88.765 58.0321 12.7
      vertex 88.5304 58.1478 6.7
      vertex 88.765 58.0321 6.7
    endloop
  endfacet
  facet normal 0.321382 0.94695 -0
    outer loop
      vertex 87.2474 54.3681 6.7
      vertex 86.9996 54.4522 12.7
      vertex 87.2474 54.3681 12.7
    endloop
  endfacet
  facet normal 0.321382 0.94695 0
    outer loop
      vertex 86.9996 54.4522 12.7
      vertex 87.2474 54.3681 6.7
      vertex 86.9996 54.4522 6.7
    endloop
  endfacet
  facet normal 0.555758 -0.831344 0
    outer loop
      vertex 86.5475 57.8867 6.7
      vertex 86.765 58.0321 12.7
      vertex 86.5475 57.8867 12.7
    endloop
  endfacet
  facet normal 0.555758 -0.831344 0
    outer loop
      vertex 86.765 58.0321 12.7
      vertex 86.5475 57.8867 6.7
      vertex 86.765 58.0321 6.7
    endloop
  endfacet
  facet normal -0.831521 0.555494 -1.68562e-18
    outer loop
      vertex 89.3517 55.0825 6.7
      vertex 89.497 55.3 12.7
      vertex 89.497 55.3 6.7
    endloop
  endfacet
  facet normal -0.831521 0.555494 -1.68562e-18
    outer loop
      vertex 89.497 55.3 12.7
      vertex 89.3517 55.0825 6.7
      vertex 89.3517 55.0825 12.7
    endloop
  endfacet
  facet normal 0.896709 -0.442621 1.01871e-18
    outer loop
      vertex 85.9172 57.0654 12.7
      vertex 86.033 57.3 6.7
      vertex 86.033 57.3 12.7
    endloop
  endfacet
  facet normal 0.896709 -0.442621 1.01871e-18
    outer loop
      vertex 86.033 57.3 6.7
      vertex 85.9172 57.0654 12.7
      vertex 85.9172 57.0654 6.7
    endloop
  endfacet
  facet normal 0.659343 -0.751842 0
    outer loop
      vertex 86.3508 57.7142 6.7
      vertex 86.5475 57.8867 12.7
      vertex 86.3508 57.7142 12.7
    endloop
  endfacet
  facet normal 0.659343 -0.751842 0
    outer loop
      vertex 86.5475 57.8867 12.7
      vertex 86.3508 57.7142 6.7
      vertex 86.5475 57.8867 6.7
    endloop
  endfacet
  facet normal 0.751842 0.659343 -1.09598e-18
    outer loop
      vertex 86.3508 54.8858 12.7
      vertex 86.1783 55.0825 6.7
      vertex 86.1783 55.0825 12.7
    endloop
  endfacet
  facet normal 0.751842 0.659343 -1.09598e-18
    outer loop
      vertex 86.1783 55.0825 6.7
      vertex 86.3508 54.8858 12.7
      vertex 86.3508 54.8858 6.7
    endloop
  endfacet
  facet normal 0.997862 -0.0653521 5.01015e-20
    outer loop
      vertex 85.765 56.3 12.7
      vertex 85.7821 56.5611 6.7
      vertex 85.7821 56.5611 12.7
    endloop
  endfacet
  facet normal 0.997862 -0.0653521 5.01015e-20
    outer loop
      vertex 85.7821 56.5611 6.7
      vertex 85.765 56.3 12.7
      vertex 85.765 56.3 6.7
    endloop
  endfacet
  facet normal -0.659343 0.751842 0
    outer loop
      vertex 89.1792 54.8858 6.7
      vertex 88.9825 54.7133 12.7
      vertex 89.1792 54.8858 12.7
    endloop
  endfacet
  facet normal -0.659343 0.751842 0
    outer loop
      vertex 88.9825 54.7133 12.7
      vertex 89.1792 54.8858 6.7
      vertex 88.9825 54.7133 6.7
    endloop
  endfacet
  facet normal 0.94695 0.321382 -1.03166e-18
    outer loop
      vertex 85.9172 55.5346 12.7
      vertex 85.8331 55.7824 6.7
      vertex 85.8331 55.7824 12.7
    endloop
  endfacet
  facet normal 0.94695 0.321382 -1.03166e-18
    outer loop
      vertex 85.8331 55.7824 6.7
      vertex 85.9172 55.5346 12.7
      vertex 85.9172 55.5346 6.7
    endloop
  endfacet
  facet normal 0.659343 0.751842 -0
    outer loop
      vertex 86.5475 54.7133 6.7
      vertex 86.3508 54.8858 12.7
      vertex 86.5475 54.7133 12.7
    endloop
  endfacet
  facet normal 0.659343 0.751842 0
    outer loop
      vertex 86.3508 54.8858 12.7
      vertex 86.5475 54.7133 6.7
      vertex 86.3508 54.8858 6.7
    endloop
  endfacet
  facet normal 0.442314 0.89686 -0
    outer loop
      vertex 86.9996 54.4522 6.7
      vertex 86.765 54.5679 12.7
      vertex 86.9996 54.4522 12.7
    endloop
  endfacet
  facet normal 0.442314 0.89686 0
    outer loop
      vertex 86.765 54.5679 12.7
      vertex 86.9996 54.4522 6.7
      vertex 86.765 54.5679 6.7
    endloop
  endfacet
  facet normal -0.0653521 0.997862 0
    outer loop
      vertex 88.0261 54.3171 6.7
      vertex 87.765 54.3 12.7
      vertex 88.0261 54.3171 12.7
    endloop
  endfacet
  facet normal -0.0653521 0.997862 0
    outer loop
      vertex 87.765 54.3 12.7
      vertex 88.0261 54.3171 6.7
      vertex 87.765 54.3 6.7
    endloop
  endfacet
  facet normal -0.555758 0.831344 0
    outer loop
      vertex 88.9825 54.7133 6.7
      vertex 88.765 54.5679 12.7
      vertex 88.9825 54.7133 12.7
    endloop
  endfacet
  facet normal -0.555758 0.831344 0
    outer loop
      vertex 88.765 54.5679 12.7
      vertex 88.9825 54.7133 6.7
      vertex 88.765 54.5679 6.7
    endloop
  endfacet
  facet normal 0.997862 0.0653521 -4.13552e-21
    outer loop
      vertex 85.7821 56.0389 12.7
      vertex 85.765 56.3 6.7
      vertex 85.765 56.3 12.7
    endloop
  endfacet
  facet normal 0.997862 0.0653521 -4.13552e-21
    outer loop
      vertex 85.765 56.3 6.7
      vertex 85.7821 56.0389 12.7
      vertex 85.7821 56.0389 6.7
    endloop
  endfacet
  facet normal -0.997862 0.0653521 4.13552e-21
    outer loop
      vertex 89.7479 56.0389 6.7
      vertex 89.765 56.3 12.7
      vertex 89.765 56.3 6.7
    endloop
  endfacet
  facet normal -0.997862 0.0653521 4.13552e-21
    outer loop
      vertex 89.765 56.3 12.7
      vertex 89.7479 56.0389 6.7
      vertex 89.7479 56.0389 12.7
    endloop
  endfacet
  facet normal 0.831521 0.555494 -7.90321e-19
    outer loop
      vertex 86.1783 55.0825 12.7
      vertex 86.033 55.3 6.7
      vertex 86.033 55.3 12.7
    endloop
  endfacet
  facet normal 0.831521 0.555494 -7.90321e-19
    outer loop
      vertex 86.033 55.3 6.7
      vertex 86.1783 55.0825 12.7
      vertex 86.1783 55.0825 6.7
    endloop
  endfacet
  facet normal -0.896709 0.442621 -1.01822e-18
    outer loop
      vertex 89.497 55.3 6.7
      vertex 89.6128 55.5346 12.7
      vertex 89.6128 55.5346 6.7
    endloop
  endfacet
  facet normal -0.896709 0.442621 -1.01822e-18
    outer loop
      vertex 89.6128 55.5346 12.7
      vertex 89.497 55.3 6.7
      vertex 89.497 55.3 12.7
    endloop
  endfacet
  facet normal -0.321039 -0.947066 0
    outer loop
      vertex 88.2826 58.2318 6.7
      vertex 88.5304 58.1478 12.7
      vertex 88.2826 58.2318 12.7
    endloop
  endfacet
  facet normal -0.321039 -0.947066 -0
    outer loop
      vertex 88.5304 58.1478 12.7
      vertex 88.2826 58.2318 6.7
      vertex 88.5304 58.1478 6.7
    endloop
  endfacet
  facet normal 0.751842 -0.659343 1.09598e-18
    outer loop
      vertex 86.1783 57.5175 12.7
      vertex 86.3508 57.7142 6.7
      vertex 86.3508 57.7142 12.7
    endloop
  endfacet
  facet normal 0.751842 -0.659343 1.09598e-18
    outer loop
      vertex 86.3508 57.7142 6.7
      vertex 86.1783 57.5175 12.7
      vertex 86.1783 57.5175 6.7
    endloop
  endfacet
  facet normal -0.659343 -0.751842 0
    outer loop
      vertex 88.9825 57.8867 6.7
      vertex 89.1792 57.7142 12.7
      vertex 88.9825 57.8867 12.7
    endloop
  endfacet
  facet normal -0.659343 -0.751842 -0
    outer loop
      vertex 89.1792 57.7142 12.7
      vertex 88.9825 57.8867 6.7
      vertex 89.1792 57.7142 6.7
    endloop
  endfacet
  facet normal -0.555758 -0.831344 0
    outer loop
      vertex 88.765 58.0321 6.7
      vertex 88.9825 57.8867 12.7
      vertex 88.765 58.0321 12.7
    endloop
  endfacet
  facet normal -0.555758 -0.831344 -0
    outer loop
      vertex 88.9825 57.8867 12.7
      vertex 88.765 58.0321 6.7
      vertex 88.9825 57.8867 6.7
    endloop
  endfacet
  facet normal -0.751842 0.659343 1.79617e-18
    outer loop
      vertex 89.1792 54.8858 6.7
      vertex 89.3517 55.0825 12.7
      vertex 89.3517 55.0825 6.7
    endloop
  endfacet
  facet normal -0.751842 0.659343 1.79617e-18
    outer loop
      vertex 89.3517 55.0825 12.7
      vertex 89.1792 54.8858 6.7
      vertex 89.1792 54.8858 12.7
    endloop
  endfacet
  facet normal -0.321382 0.94695 0
    outer loop
      vertex 88.5304 54.4522 6.7
      vertex 88.2826 54.3681 12.7
      vertex 88.5304 54.4522 12.7
    endloop
  endfacet
  facet normal -0.321382 0.94695 0
    outer loop
      vertex 88.2826 54.3681 12.7
      vertex 88.5304 54.4522 6.7
      vertex 88.2826 54.3681 6.7
    endloop
  endfacet
  facet normal -0.94695 0.321382 1.00691e-18
    outer loop
      vertex 89.6128 55.5346 6.7
      vertex 89.6969 55.7824 12.7
      vertex 89.6969 55.7824 6.7
    endloop
  endfacet
  facet normal -0.94695 0.321382 1.00691e-18
    outer loop
      vertex 89.6969 55.7824 12.7
      vertex 89.6128 55.5346 6.7
      vertex 89.6128 55.5346 12.7
    endloop
  endfacet
  facet normal 0.555758 0.831344 -0
    outer loop
      vertex 86.765 54.5679 6.7
      vertex 86.5475 54.7133 12.7
      vertex 86.765 54.5679 12.7
    endloop
  endfacet
  facet normal 0.555758 0.831344 0
    outer loop
      vertex 86.5475 54.7133 12.7
      vertex 86.765 54.5679 6.7
      vertex 86.5475 54.7133 6.7
    endloop
  endfacet
  facet normal 0.195381 -0.980727 0
    outer loop
      vertex 87.2474 58.2318 6.7
      vertex 87.5039 58.2829 12.7
      vertex 87.2474 58.2318 12.7
    endloop
  endfacet
  facet normal 0.195381 -0.980727 0
    outer loop
      vertex 87.5039 58.2829 12.7
      vertex 87.2474 58.2318 6.7
      vertex 87.5039 58.2829 6.7
    endloop
  endfacet
  facet normal 0.896709 0.442621 -1.01871e-18
    outer loop
      vertex 86.033 55.3 12.7
      vertex 85.9172 55.5346 6.7
      vertex 85.9172 55.5346 12.7
    endloop
  endfacet
  facet normal 0.896709 0.442621 -1.01871e-18
    outer loop
      vertex 85.9172 55.5346 6.7
      vertex 86.033 55.3 12.7
      vertex 86.033 55.3 6.7
    endloop
  endfacet
  facet normal 0.94695 -0.321382 5.08398e-19
    outer loop
      vertex 85.8331 56.8176 12.7
      vertex 85.9172 57.0654 6.7
      vertex 85.9172 57.0654 12.7
    endloop
  endfacet
  facet normal 0.94695 -0.321382 5.08398e-19
    outer loop
      vertex 85.9172 57.0654 6.7
      vertex 85.8331 56.8176 12.7
      vertex 85.8331 56.8176 6.7
    endloop
  endfacet
  facet normal 0.442314 -0.89686 0
    outer loop
      vertex 86.765 58.0321 6.7
      vertex 86.9996 58.1478 12.7
      vertex 86.765 58.0321 12.7
    endloop
  endfacet
  facet normal 0.442314 -0.89686 0
    outer loop
      vertex 86.9996 58.1478 12.7
      vertex 86.765 58.0321 6.7
      vertex 86.9996 58.1478 6.7
    endloop
  endfacet
  facet normal 0.195013 0.980801 -0
    outer loop
      vertex 87.5039 54.3171 6.7
      vertex 87.2474 54.3681 12.7
      vertex 87.5039 54.3171 12.7
    endloop
  endfacet
  facet normal 0.195013 0.980801 0
    outer loop
      vertex 87.2474 54.3681 12.7
      vertex 87.5039 54.3171 6.7
      vertex 87.2474 54.3681 6.7
    endloop
  endfacet
  facet normal 0.0653521 -0.997862 0
    outer loop
      vertex 87.5039 58.2829 6.7
      vertex 87.765 58.3 12.7
      vertex 87.5039 58.2829 12.7
    endloop
  endfacet
  facet normal 0.0653521 -0.997862 0
    outer loop
      vertex 87.765 58.3 12.7
      vertex 87.5039 58.2829 6.7
      vertex 87.765 58.3 6.7
    endloop
  endfacet
  facet normal -0.195381 -0.980727 0
    outer loop
      vertex 88.0261 58.2829 6.7
      vertex 88.2826 58.2318 12.7
      vertex 88.0261 58.2829 12.7
    endloop
  endfacet
  facet normal -0.195381 -0.980727 -0
    outer loop
      vertex 88.2826 58.2318 12.7
      vertex 88.0261 58.2829 6.7
      vertex 88.2826 58.2318 6.7
    endloop
  endfacet
  facet normal 0 0 1
    outer loop
      vertex 89.7479 56.5611 6.7
      vertex 89.7479 56.0389 6.7
      vertex 89.765 56.3 6.7
    endloop
  endfacet
  facet normal 0 0 1
    outer loop
      vertex 89.6969 56.8176 6.7
      vertex 89.7479 56.0389 6.7
      vertex 89.7479 56.5611 6.7
    endloop
  endfacet
  facet normal 0 0 1
    outer loop
      vertex 89.6969 56.8176 6.7
      vertex 89.6969 55.7824 6.7
      vertex 89.7479 56.0389 6.7
    endloop
  endfacet
  facet normal 0 0 1
    outer loop
      vertex 89.6128 57.0654 6.7
      vertex 89.6969 55.7824 6.7
      vertex 89.6969 56.8176 6.7
    endloop
  endfacet
  facet normal 0 0 1
    outer loop
      vertex 89.6128 57.0654 6.7
      vertex 89.6128 55.5346 6.7
      vertex 89.6969 55.7824 6.7
    endloop
  endfacet
  facet normal 0 0 1
    outer loop
      vertex 89.497 57.3 6.7
      vertex 89.6128 55.5346 6.7
      vertex 89.6128 57.0654 6.7
    endloop
  endfacet
  facet normal 0 0 1
    outer loop
      vertex 89.497 57.3 6.7
      vertex 89.497 55.3 6.7
      vertex 89.6128 55.5346 6.7
    endloop
  endfacet
  facet normal 0 0 1
    outer loop
      vertex 89.3517 57.5175 6.7
      vertex 89.497 55.3 6.7
      vertex 89.497 57.3 6.7
    endloop
  endfacet
  facet normal 0 0 1
    outer loop
      vertex 89.3517 57.5175 6.7
      vertex 89.3517 55.0825 6.7
      vertex 89.497 55.3 6.7
    endloop
  endfacet
  facet normal 0 0 1
    outer loop
      vertex 89.1792 57.7142 6.7
      vertex 89.3517 55.0825 6.7
      vertex 89.3517 57.5175 6.7
    endloop
  endfacet
  facet normal 0 0 1
    outer loop
      vertex 89.1792 57.7142 6.7
      vertex 89.1792 54.8858 6.7
      vertex 89.3517 55.0825 6.7
    endloop
  endfacet
  facet normal 0 0 1
    outer loop
      vertex 88.9825 57.8867 6.7
      vertex 89.1792 54.8858 6.7
      vertex 89.1792 57.7142 6.7
    endloop
  endfacet
  facet normal 0 0 1
    outer loop
      vertex 88.9825 57.8867 6.7
      vertex 88.9825 54.7133 6.7
      vertex 89.1792 54.8858 6.7
    endloop
  endfacet
  facet normal 0 0 1
    outer loop
      vertex 88.765 58.0321 6.7
      vertex 88.9825 54.7133 6.7
      vertex 88.9825 57.8867 6.7
    endloop
  endfacet
  facet normal 0 0 1
    outer loop
      vertex 88.765 58.0321 6.7
      vertex 88.765 54.5679 6.7
      vertex 88.9825 54.7133 6.7
    endloop
  endfacet
  facet normal 0 0 1
    outer loop
      vertex 88.5304 58.1478 6.7
      vertex 88.765 54.5679 6.7
      vertex 88.765 58.0321 6.7
    endloop
  endfacet
  facet normal 0 0 1
    outer loop
      vertex 88.5304 58.1478 6.7
      vertex 88.5304 54.4522 6.7
      vertex 88.765 54.5679 6.7
    endloop
  endfacet
  facet normal 0 0 1
    outer loop
      vertex 88.2826 58.2318 6.7
      vertex 88.5304 54.4522 6.7
      vertex 88.5304 58.1478 6.7
    endloop
  endfacet
  facet normal 0 0 1
    outer loop
      vertex 88.2826 58.2318 6.7
      vertex 88.2826 54.3681 6.7
      vertex 88.5304 54.4522 6.7
    endloop
  endfacet
  facet normal 0 0 1
    outer loop
      vertex 88.0261 58.2829 6.7
      vertex 88.2826 54.3681 6.7
      vertex 88.2826 58.2318 6.7
    endloop
  endfacet
  facet normal 0 0 1
    outer loop
      vertex 88.0261 58.2829 6.7
      vertex 88.0261 54.3171 6.7
      vertex 88.2826 54.3681 6.7
    endloop
  endfacet
  facet normal 0 0 1
    outer loop
      vertex 87.765 58.3 6.7
      vertex 88.0261 54.3171 6.7
      vertex 88.0261 58.2829 6.7
    endloop
  endfacet
  facet normal 0 0 1
    outer loop
      vertex 87.765 58.3 6.7
      vertex 87.765 54.3 6.7
      vertex 88.0261 54.3171 6.7
    endloop
  endfacet
  facet normal -0 0 1
    outer loop
      vertex 87.5039 58.2829 6.7
      vertex 87.765 54.3 6.7
      vertex 87.765 58.3 6.7
    endloop
  endfacet
  facet normal 0 0 1
    outer loop
      vertex 87.5039 58.2829 6.7
      vertex 87.5039 54.3171 6.7
      vertex 87.765 54.3 6.7
    endloop
  endfacet
  facet normal -0 0 1
    outer loop
      vertex 87.2474 58.2318 6.7
      vertex 87.5039 54.3171 6.7
      vertex 87.5039 58.2829 6.7
    endloop
  endfacet
  facet normal 0 0 1
    outer loop
      vertex 87.2474 58.2318 6.7
      vertex 87.2474 54.3681 6.7
      vertex 87.5039 54.3171 6.7
    endloop
  endfacet
  facet normal -0 0 1
    outer loop
      vertex 86.9996 58.1478 6.7
      vertex 87.2474 54.3681 6.7
      vertex 87.2474 58.2318 6.7
    endloop
  endfacet
  facet normal 0 0 1
    outer loop
      vertex 86.9996 58.1478 6.7
      vertex 86.9996 54.4522 6.7
      vertex 87.2474 54.3681 6.7
    endloop
  endfacet
  facet normal -0 0 1
    outer loop
      vertex 86.765 58.0321 6.7
      vertex 86.9996 54.4522 6.7
      vertex 86.9996 58.1478 6.7
    endloop
  endfacet
  facet normal 0 0 1
    outer loop
      vertex 86.765 58.0321 6.7
      vertex 86.765 54.5679 6.7
      vertex 86.9996 54.4522 6.7
    endloop
  endfacet
  facet normal -0 0 1
    outer loop
      vertex 86.5475 57.8867 6.7
      vertex 86.765 54.5679 6.7
      vertex 86.765 58.0321 6.7
    endloop
  endfacet
  facet normal 0 0 1
    outer loop
      vertex 86.5475 57.8867 6.7
      vertex 86.5475 54.7133 6.7
      vertex 86.765 54.5679 6.7
    endloop
  endfacet
  facet normal -0 0 1
    outer loop
      vertex 86.3508 57.7142 6.7
      vertex 86.5475 54.7133 6.7
      vertex 86.5475 57.8867 6.7
    endloop
  endfacet
  facet normal 0 0 1
    outer loop
      vertex 86.3508 57.7142 6.7
      vertex 86.3508 54.8858 6.7
      vertex 86.5475 54.7133 6.7
    endloop
  endfacet
  facet normal -0 0 1
    outer loop
      vertex 86.1783 57.5175 6.7
      vertex 86.3508 54.8858 6.7
      vertex 86.3508 57.7142 6.7
    endloop
  endfacet
  facet normal 0 0 1
    outer loop
      vertex 86.1783 57.5175 6.7
      vertex 86.1783 55.0825 6.7
      vertex 86.3508 54.8858 6.7
    endloop
  endfacet
  facet normal -0 0 1
    outer loop
      vertex 86.033 57.3 6.7
      vertex 86.1783 55.0825 6.7
      vertex 86.1783 57.5175 6.7
    endloop
  endfacet
  facet normal 0 0 1
    outer loop
      vertex 86.033 57.3 6.7
      vertex 86.033 55.3 6.7
      vertex 86.1783 55.0825 6.7
    endloop
  endfacet
  facet normal -0 0 1
    outer loop
      vertex 85.9172 57.0654 6.7
      vertex 86.033 55.3 6.7
      vertex 86.033 57.3 6.7
    endloop
  endfacet
  facet normal 0 0 1
    outer loop
      vertex 85.9172 57.0654 6.7
      vertex 85.9172 55.5346 6.7
      vertex 86.033 55.3 6.7
    endloop
  endfacet
  facet normal -0 0 1
    outer loop
      vertex 85.8331 56.8176 6.7
      vertex 85.9172 55.5346 6.7
      vertex 85.9172 57.0654 6.7
    endloop
  endfacet
  facet normal 0 0 1
    outer loop
      vertex 85.8331 56.8176 6.7
      vertex 85.8331 55.7824 6.7
      vertex 85.9172 55.5346 6.7
    endloop
  endfacet
  facet normal -0 0 1
    outer loop
      vertex 85.7821 56.5611 6.7
      vertex 85.8331 55.7824 6.7
      vertex 85.8331 56.8176 6.7
    endloop
  endfacet
  facet normal 0 0 1
    outer loop
      vertex 85.7821 56.5611 6.7
      vertex 85.7821 56.0389 6.7
      vertex 85.8331 55.7824 6.7
    endloop
  endfacet
  facet normal 0 -0 1
    outer loop
      vertex 85.7821 56.0389 6.7
      vertex 85.7821 56.5611 6.7
      vertex 85.765 56.3 6.7
    endloop
  endfacet
  facet normal -0.442314 0.89686 0
    outer loop
      vertex 88.765 54.5679 6.7
      vertex 88.5304 54.4522 12.7
      vertex 88.765 54.5679 12.7
    endloop
  endfacet
  facet normal -0.442314 0.89686 0
    outer loop
      vertex 88.5304 54.4522 12.7
      vertex 88.765 54.5679 6.7
      vertex 88.5304 54.4522 6.7
    endloop
  endfacet
  facet normal -0.980801 0.195013 1.16886e-19
    outer loop
      vertex 89.6969 55.7824 6.7
      vertex 89.7479 56.0389 12.7
      vertex 89.7479 56.0389 6.7
    endloop
  endfacet
  facet normal -0.980801 0.195013 1.16886e-19
    outer loop
      vertex 89.7479 56.0389 12.7
      vertex 89.6969 55.7824 6.7
      vertex 89.6969 55.7824 12.7
    endloop
  endfacet
  facet normal 0.831521 -0.555494 -1.50537e-19
    outer loop
      vertex 86.033 57.3 12.7
      vertex 86.1783 57.5175 6.7
      vertex 86.1783 57.5175 12.7
    endloop
  endfacet
  facet normal 0.831521 -0.555494 -1.50537e-19
    outer loop
      vertex 86.1783 57.5175 6.7
      vertex 86.033 57.3 12.7
      vertex 86.033 57.3 6.7
    endloop
  endfacet
  facet normal -0.751842 -0.659343 -1.79617e-18
    outer loop
      vertex 89.3517 57.5175 6.7
      vertex 89.1792 57.7142 12.7
      vertex 89.1792 57.7142 6.7
    endloop
  endfacet
  facet normal -0.751842 -0.659343 -1.79617e-18
    outer loop
      vertex 89.1792 57.7142 12.7
      vertex 89.3517 57.5175 6.7
      vertex 89.3517 57.5175 12.7
    endloop
  endfacet
  facet normal -0.0653521 -0.997862 0
    outer loop
      vertex 87.765 58.3 6.7
      vertex 88.0261 58.2829 12.7
      vertex 87.765 58.3 12.7
    endloop
  endfacet
  facet normal -0.0653521 -0.997862 -0
    outer loop
      vertex 88.0261 58.2829 12.7
      vertex 87.765 58.3 6.7
      vertex 88.0261 58.2829 6.7
    endloop
  endfacet
  facet normal 0.0653521 0.997862 -0
    outer loop
      vertex 87.765 54.3 6.7
      vertex 87.5039 54.3171 12.7
      vertex 87.765 54.3 12.7
    endloop
  endfacet
  facet normal 0.0653521 0.997862 0
    outer loop
      vertex 87.5039 54.3171 12.7
      vertex 87.765 54.3 6.7
      vertex 87.5039 54.3171 6.7
    endloop
  endfacet
  facet normal -0.0653521 0.997862 0
    outer loop
      vertex -87.5039 54.3171 6.7
      vertex -87.765 54.3 12.7
      vertex -87.5039 54.3171 12.7
    endloop
  endfacet
  facet normal -0.0653521 0.997862 0
    outer loop
      vertex -87.765 54.3 12.7
      vertex -87.5039 54.3171 6.7
      vertex -87.765 54.3 6.7
    endloop
  endfacet
  facet normal -0.980801 -0.195013 -1.16886e-19
    outer loop
      vertex -85.7821 56.5611 6.7
      vertex -85.8331 56.8176 12.7
      vertex -85.8331 56.8176 6.7
    endloop
  endfacet
  facet normal -0.980801 -0.195013 -1.16886e-19
    outer loop
      vertex -85.8331 56.8176 12.7
      vertex -85.7821 56.5611 6.7
      vertex -85.7821 56.5611 12.7
    endloop
  endfacet
  facet normal -0.997862 -0.0653521 -5.01015e-20
    outer loop
      vertex -85.765 56.3 6.7
      vertex -85.7821 56.5611 12.7
      vertex -85.7821 56.5611 6.7
    endloop
  endfacet
  facet normal -0.997862 -0.0653521 -5.01015e-20
    outer loop
      vertex -85.7821 56.5611 12.7
      vertex -85.765 56.3 6.7
      vertex -85.765 56.3 12.7
    endloop
  endfacet
  facet normal -0.94695 -0.321382 -5.08398e-19
    outer loop
      vertex -85.8331 56.8176 6.7
      vertex -85.9172 57.0654 12.7
      vertex -85.9172 57.0654 6.7
    endloop
  endfacet
  facet normal -0.94695 -0.321382 -5.08398e-19
    outer loop
      vertex -85.9172 57.0654 12.7
      vertex -85.8331 56.8176 6.7
      vertex -85.8331 56.8176 12.7
    endloop
  endfacet
  facet normal -0.831521 -0.555494 1.50537e-19
    outer loop
      vertex -86.033 57.3 6.7
      vertex -86.1783 57.5175 12.7
      vertex -86.1783 57.5175 6.7
    endloop
  endfacet
  facet normal -0.831521 -0.555494 1.50537e-19
    outer loop
      vertex -86.1783 57.5175 12.7
      vertex -86.033 57.3 6.7
      vertex -86.033 57.3 12.7
    endloop
  endfacet
  facet normal 0.321039 -0.947066 0
    outer loop
      vertex -88.5304 58.1478 6.7
      vertex -88.2826 58.2318 12.7
      vertex -88.5304 58.1478 12.7
    endloop
  endfacet
  facet normal 0.321039 -0.947066 0
    outer loop
      vertex -88.2826 58.2318 12.7
      vertex -88.5304 58.1478 6.7
      vertex -88.2826 58.2318 6.7
    endloop
  endfacet
  facet normal 0.980801 0.195013 -1.16886e-19
    outer loop
      vertex -89.6969 55.7824 12.7
      vertex -89.7479 56.0389 6.7
      vertex -89.7479 56.0389 12.7
    endloop
  endfacet
  facet normal 0.980801 0.195013 -1.16886e-19
    outer loop
      vertex -89.7479 56.0389 6.7
      vertex -89.6969 55.7824 12.7
      vertex -89.6969 55.7824 6.7
    endloop
  endfacet
  facet normal 0 0 1
    outer loop
      vertex -85.7821 56.5611 6.7
      vertex -85.7821 56.0389 6.7
      vertex -85.765 56.3 6.7
    endloop
  endfacet
  facet normal 0 0 1
    outer loop
      vertex -85.8331 56.8176 6.7
      vertex -85.7821 56.0389 6.7
      vertex -85.7821 56.5611 6.7
    endloop
  endfacet
  facet normal 0 0 1
    outer loop
      vertex -85.8331 56.8176 6.7
      vertex -85.8331 55.7824 6.7
      vertex -85.7821 56.0389 6.7
    endloop
  endfacet
  facet normal 0 0 1
    outer loop
      vertex -85.9172 57.0654 6.7
      vertex -85.8331 55.7824 6.7
      vertex -85.8331 56.8176 6.7
    endloop
  endfacet
  facet normal 0 0 1
    outer loop
      vertex -85.9172 57.0654 6.7
      vertex -85.9172 55.5346 6.7
      vertex -85.8331 55.7824 6.7
    endloop
  endfacet
  facet normal 0 0 1
    outer loop
      vertex -86.033 57.3 6.7
      vertex -85.9172 55.5346 6.7
      vertex -85.9172 57.0654 6.7
    endloop
  endfacet
  facet normal 0 0 1
    outer loop
      vertex -86.033 57.3 6.7
      vertex -86.033 55.3 6.7
      vertex -85.9172 55.5346 6.7
    endloop
  endfacet
  facet normal 0 0 1
    outer loop
      vertex -86.1783 57.5175 6.7
      vertex -86.033 55.3 6.7
      vertex -86.033 57.3 6.7
    endloop
  endfacet
  facet normal 0 0 1
    outer loop
      vertex -86.1783 57.5175 6.7
      vertex -86.1783 55.0825 6.7
      vertex -86.033 55.3 6.7
    endloop
  endfacet
  facet normal 0 0 1
    outer loop
      vertex -86.3508 57.7142 6.7
      vertex -86.1783 55.0825 6.7
      vertex -86.1783 57.5175 6.7
    endloop
  endfacet
  facet normal 0 0 1
    outer loop
      vertex -86.3508 57.7142 6.7
      vertex -86.3508 54.8858 6.7
      vertex -86.1783 55.0825 6.7
    endloop
  endfacet
  facet normal 0 0 1
    outer loop
      vertex -86.5475 57.8867 6.7
      vertex -86.3508 54.8858 6.7
      vertex -86.3508 57.7142 6.7
    endloop
  endfacet
  facet normal 0 0 1
    outer loop
      vertex -86.5475 57.8867 6.7
      vertex -86.5475 54.7133 6.7
      vertex -86.3508 54.8858 6.7
    endloop
  endfacet
  facet normal 0 0 1
    outer loop
      vertex -86.765 58.0321 6.7
      vertex -86.5475 54.7133 6.7
      vertex -86.5475 57.8867 6.7
    endloop
  endfacet
  facet normal 0 0 1
    outer loop
      vertex -86.765 58.0321 6.7
      vertex -86.765 54.5679 6.7
      vertex -86.5475 54.7133 6.7
    endloop
  endfacet
  facet normal 0 0 1
    outer loop
      vertex -86.9996 58.1478 6.7
      vertex -86.765 54.5679 6.7
      vertex -86.765 58.0321 6.7
    endloop
  endfacet
  facet normal 0 0 1
    outer loop
      vertex -86.9996 58.1478 6.7
      vertex -86.9996 54.4522 6.7
      vertex -86.765 54.5679 6.7
    endloop
  endfacet
  facet normal 0 0 1
    outer loop
      vertex -87.2474 58.2318 6.7
      vertex -86.9996 54.4522 6.7
      vertex -86.9996 58.1478 6.7
    endloop
  endfacet
  facet normal 0 0 1
    outer loop
      vertex -87.2474 58.2318 6.7
      vertex -87.2474 54.3681 6.7
      vertex -86.9996 54.4522 6.7
    endloop
  endfacet
  facet normal 0 0 1
    outer loop
      vertex -87.5039 58.2829 6.7
      vertex -87.2474 54.3681 6.7
      vertex -87.2474 58.2318 6.7
    endloop
  endfacet
  facet normal 0 0 1
    outer loop
      vertex -87.5039 58.2829 6.7
      vertex -87.5039 54.3171 6.7
      vertex -87.2474 54.3681 6.7
    endloop
  endfacet
  facet normal 0 0 1
    outer loop
      vertex -87.765 58.3 6.7
      vertex -87.5039 54.3171 6.7
      vertex -87.5039 58.2829 6.7
    endloop
  endfacet
  facet normal 0 0 1
    outer loop
      vertex -87.765 58.3 6.7
      vertex -87.765 54.3 6.7
      vertex -87.5039 54.3171 6.7
    endloop
  endfacet
  facet normal -0 0 1
    outer loop
      vertex -88.0261 58.2829 6.7
      vertex -87.765 54.3 6.7
      vertex -87.765 58.3 6.7
    endloop
  endfacet
  facet normal 0 0 1
    outer loop
      vertex -88.0261 58.2829 6.7
      vertex -88.0261 54.3171 6.7
      vertex -87.765 54.3 6.7
    endloop
  endfacet
  facet normal -0 0 1
    outer loop
      vertex -88.2826 58.2318 6.7
      vertex -88.0261 54.3171 6.7
      vertex -88.0261 58.2829 6.7
    endloop
  endfacet
  facet normal 0 0 1
    outer loop
      vertex -88.2826 58.2318 6.7
      vertex -88.2826 54.3681 6.7
      vertex -88.0261 54.3171 6.7
    endloop
  endfacet
  facet normal -0 0 1
    outer loop
      vertex -88.5304 58.1478 6.7
      vertex -88.2826 54.3681 6.7
      vertex -88.2826 58.2318 6.7
    endloop
  endfacet
  facet normal 0 0 1
    outer loop
      vertex -88.5304 58.1478 6.7
      vertex -88.5304 54.4522 6.7
      vertex -88.2826 54.3681 6.7
    endloop
  endfacet
  facet normal -0 0 1
    outer loop
      vertex -88.765 58.0321 6.7
      vertex -88.5304 54.4522 6.7
      vertex -88.5304 58.1478 6.7
    endloop
  endfacet
  facet normal 0 0 1
    outer loop
      vertex -88.765 58.0321 6.7
      vertex -88.765 54.5679 6.7
      vertex -88.5304 54.4522 6.7
    endloop
  endfacet
  facet normal -0 0 1
    outer loop
      vertex -88.9825 57.8867 6.7
      vertex -88.765 54.5679 6.7
      vertex -88.765 58.0321 6.7
    endloop
  endfacet
  facet normal 0 0 1
    outer loop
      vertex -88.9825 57.8867 6.7
      vertex -88.9825 54.7133 6.7
      vertex -88.765 54.5679 6.7
    endloop
  endfacet
  facet normal -0 0 1
    outer loop
      vertex -89.1792 57.7142 6.7
      vertex -88.9825 54.7133 6.7
      vertex -88.9825 57.8867 6.7
    endloop
  endfacet
  facet normal 0 0 1
    outer loop
      vertex -89.1792 57.7142 6.7
      vertex -89.1792 54.8858 6.7
      vertex -88.9825 54.7133 6.7
    endloop
  endfacet
  facet normal -0 0 1
    outer loop
      vertex -89.3517 57.5175 6.7
      vertex -89.1792 54.8858 6.7
      vertex -89.1792 57.7142 6.7
    endloop
  endfacet
  facet normal 0 0 1
    outer loop
      vertex -89.3517 57.5175 6.7
      vertex -89.3517 55.0825 6.7
      vertex -89.1792 54.8858 6.7
    endloop
  endfacet
  facet normal -0 0 1
    outer loop
      vertex -89.497 57.3 6.7
      vertex -89.3517 55.0825 6.7
      vertex -89.3517 57.5175 6.7
    endloop
  endfacet
  facet normal 0 0 1
    outer loop
      vertex -89.497 57.3 6.7
      vertex -89.497 55.3 6.7
      vertex -89.3517 55.0825 6.7
    endloop
  endfacet
  facet normal -0 0 1
    outer loop
      vertex -89.6128 57.0654 6.7
      vertex -89.497 55.3 6.7
      vertex -89.497 57.3 6.7
    endloop
  endfacet
  facet normal 0 0 1
    outer loop
      vertex -89.6128 57.0654 6.7
      vertex -89.6128 55.5346 6.7
      vertex -89.497 55.3 6.7
    endloop
  endfacet
  facet normal -0 0 1
    outer loop
      vertex -89.6969 56.8176 6.7
      vertex -89.6128 55.5346 6.7
      vertex -89.6128 57.0654 6.7
    endloop
  endfacet
  facet normal 0 0 1
    outer loop
      vertex -89.6969 56.8176 6.7
      vertex -89.6969 55.7824 6.7
      vertex -89.6128 55.5346 6.7
    endloop
  endfacet
  facet normal -0 0 1
    outer loop
      vertex -89.7479 56.5611 6.7
      vertex -89.6969 55.7824 6.7
      vertex -89.6969 56.8176 6.7
    endloop
  endfacet
  facet normal 0 0 1
    outer loop
      vertex -89.7479 56.5611 6.7
      vertex -89.7479 56.0389 6.7
      vertex -89.6969 55.7824 6.7
    endloop
  endfacet
  facet normal 0 -0 1
    outer loop
      vertex -89.7479 56.0389 6.7
      vertex -89.7479 56.5611 6.7
      vertex -89.765 56.3 6.7
    endloop
  endfacet
  facet normal -0.442314 0.89686 0
    outer loop
      vertex -86.765 54.5679 6.7
      vertex -86.9996 54.4522 12.7
      vertex -86.765 54.5679 12.7
    endloop
  endfacet
  facet normal -0.442314 0.89686 0
    outer loop
      vertex -86.9996 54.4522 12.7
      vertex -86.765 54.5679 6.7
      vertex -86.9996 54.4522 6.7
    endloop
  endfacet
  facet normal -0.896709 -0.442621 -1.01871e-18
    outer loop
      vertex -85.9172 57.0654 6.7
      vertex -86.033 57.3 12.7
      vertex -86.033 57.3 6.7
    endloop
  endfacet
  facet normal -0.896709 -0.442621 -1.01871e-18
    outer loop
      vertex -86.033 57.3 12.7
      vertex -85.9172 57.0654 6.7
      vertex -85.9172 57.0654 12.7
    endloop
  endfacet
  facet normal 0.831521 0.555494 1.68562e-18
    outer loop
      vertex -89.3517 55.0825 12.7
      vertex -89.497 55.3 6.7
      vertex -89.497 55.3 12.7
    endloop
  endfacet
  facet normal 0.831521 0.555494 1.68562e-18
    outer loop
      vertex -89.497 55.3 6.7
      vertex -89.3517 55.0825 12.7
      vertex -89.3517 55.0825 6.7
    endloop
  endfacet
  facet normal -0.94695 0.321382 1.03166e-18
    outer loop
      vertex -85.9172 55.5346 6.7
      vertex -85.8331 55.7824 12.7
      vertex -85.8331 55.7824 6.7
    endloop
  endfacet
  facet normal -0.94695 0.321382 1.03166e-18
    outer loop
      vertex -85.8331 55.7824 12.7
      vertex -85.9172 55.5346 6.7
      vertex -85.9172 55.5346 12.7
    endloop
  endfacet
  facet normal 0.751842 -0.659343 1.79617e-18
    outer loop
      vertex -89.3517 57.5175 12.7
      vertex -89.1792 57.7142 6.7
      vertex -89.1792 57.7142 12.7
    endloop
  endfacet
  facet normal 0.751842 -0.659343 1.79617e-18
    outer loop
      vertex -89.1792 57.7142 6.7
      vertex -89.3517 57.5175 12.7
      vertex -89.3517 57.5175 6.7
    endloop
  endfacet
  facet normal 0.659343 -0.751842 0
    outer loop
      vertex -89.1792 57.7142 6.7
      vertex -88.9825 57.8867 12.7
      vertex -89.1792 57.7142 12.7
    endloop
  endfacet
  facet normal 0.659343 -0.751842 0
    outer loop
      vertex -88.9825 57.8867 12.7
      vertex -89.1792 57.7142 6.7
      vertex -88.9825 57.8867 6.7
    endloop
  endfacet
  facet normal -0.555758 -0.831344 0
    outer loop
      vertex -86.765 58.0321 6.7
      vertex -86.5475 57.8867 12.7
      vertex -86.765 58.0321 12.7
    endloop
  endfacet
  facet normal -0.555758 -0.831344 -0
    outer loop
      vertex -86.5475 57.8867 12.7
      vertex -86.765 58.0321 6.7
      vertex -86.5475 57.8867 6.7
    endloop
  endfacet
  facet normal 0.195381 -0.980727 0
    outer loop
      vertex -88.2826 58.2318 6.7
      vertex -88.0261 58.2829 12.7
      vertex -88.2826 58.2318 12.7
    endloop
  endfacet
  facet normal 0.195381 -0.980727 0
    outer loop
      vertex -88.0261 58.2829 12.7
      vertex -88.2826 58.2318 6.7
      vertex -88.0261 58.2829 6.7
    endloop
  endfacet
  facet normal -0.659343 0.751842 0
    outer loop
      vertex -86.3508 54.8858 6.7
      vertex -86.5475 54.7133 12.7
      vertex -86.3508 54.8858 12.7
    endloop
  endfacet
  facet normal -0.659343 0.751842 0
    outer loop
      vertex -86.5475 54.7133 12.7
      vertex -86.3508 54.8858 6.7
      vertex -86.5475 54.7133 6.7
    endloop
  endfacet
  facet normal -0.980801 0.195013 1.16886e-19
    outer loop
      vertex -85.8331 55.7824 6.7
      vertex -85.7821 56.0389 12.7
      vertex -85.7821 56.0389 6.7
    endloop
  endfacet
  facet normal -0.980801 0.195013 1.16886e-19
    outer loop
      vertex -85.7821 56.0389 12.7
      vertex -85.8331 55.7824 6.7
      vertex -85.8331 55.7824 12.7
    endloop
  endfacet
  facet normal -0.997862 0.0653521 4.13552e-21
    outer loop
      vertex -85.7821 56.0389 6.7
      vertex -85.765 56.3 12.7
      vertex -85.765 56.3 6.7
    endloop
  endfacet
  facet normal -0.997862 0.0653521 4.13552e-21
    outer loop
      vertex -85.765 56.3 12.7
      vertex -85.7821 56.0389 6.7
      vertex -85.7821 56.0389 12.7
    endloop
  endfacet
  facet normal -0.321382 0.94695 0
    outer loop
      vertex -86.9996 54.4522 6.7
      vertex -87.2474 54.3681 12.7
      vertex -86.9996 54.4522 12.7
    endloop
  endfacet
  facet normal -0.321382 0.94695 0
    outer loop
      vertex -87.2474 54.3681 12.7
      vertex -86.9996 54.4522 6.7
      vertex -87.2474 54.3681 6.7
    endloop
  endfacet
  facet normal -0.195013 0.980801 0
    outer loop
      vertex -87.2474 54.3681 6.7
      vertex -87.5039 54.3171 12.7
      vertex -87.2474 54.3681 12.7
    endloop
  endfacet
  facet normal -0.195013 0.980801 0
    outer loop
      vertex -87.5039 54.3171 12.7
      vertex -87.2474 54.3681 6.7
      vertex -87.5039 54.3171 6.7
    endloop
  endfacet
  facet normal 0.555758 0.831344 -0
    outer loop
      vertex -88.765 54.5679 6.7
      vertex -88.9825 54.7133 12.7
      vertex -88.765 54.5679 12.7
    endloop
  endfacet
  facet normal 0.555758 0.831344 0
    outer loop
      vertex -88.9825 54.7133 12.7
      vertex -88.765 54.5679 6.7
      vertex -88.9825 54.7133 6.7
    endloop
  endfacet
  facet normal 0.896709 0.442621 1.01822e-18
    outer loop
      vertex -89.497 55.3 12.7
      vertex -89.6128 55.5346 6.7
      vertex -89.6128 55.5346 12.7
    endloop
  endfacet
  facet normal 0.896709 0.442621 1.01822e-18
    outer loop
      vertex -89.6128 55.5346 6.7
      vertex -89.497 55.3 12.7
      vertex -89.497 55.3 6.7
    endloop
  endfacet
  facet normal 0.751842 0.659343 -1.79617e-18
    outer loop
      vertex -89.1792 54.8858 12.7
      vertex -89.3517 55.0825 6.7
      vertex -89.3517 55.0825 12.7
    endloop
  endfacet
  facet normal 0.751842 0.659343 -1.79617e-18
    outer loop
      vertex -89.3517 55.0825 6.7
      vertex -89.1792 54.8858 12.7
      vertex -89.1792 54.8858 6.7
    endloop
  endfacet
  facet normal 0.321382 0.94695 -0
    outer loop
      vertex -88.2826 54.3681 6.7
      vertex -88.5304 54.4522 12.7
      vertex -88.2826 54.3681 12.7
    endloop
  endfacet
  facet normal 0.321382 0.94695 0
    outer loop
      vertex -88.5304 54.4522 12.7
      vertex -88.2826 54.3681 6.7
      vertex -88.5304 54.4522 6.7
    endloop
  endfacet
  facet normal 0.442314 -0.89686 0
    outer loop
      vertex -88.765 58.0321 6.7
      vertex -88.5304 58.1478 12.7
      vertex -88.765 58.0321 12.7
    endloop
  endfacet
  facet normal 0.442314 -0.89686 0
    outer loop
      vertex -88.5304 58.1478 12.7
      vertex -88.765 58.0321 6.7
      vertex -88.5304 58.1478 6.7
    endloop
  endfacet
  facet normal 0.980801 -0.195013 1.16886e-19
    outer loop
      vertex -89.7479 56.5611 12.7
      vertex -89.6969 56.8176 6.7
      vertex -89.6969 56.8176 12.7
    endloop
  endfacet
  facet normal 0.980801 -0.195013 1.16886e-19
    outer loop
      vertex -89.6969 56.8176 6.7
      vertex -89.7479 56.5611 12.7
      vertex -89.7479 56.5611 6.7
    endloop
  endfacet
  facet normal 0.896709 -0.442621 -1.01822e-18
    outer loop
      vertex -89.6128 57.0654 12.7
      vertex -89.497 57.3 6.7
      vertex -89.497 57.3 12.7
    endloop
  endfacet
  facet normal 0.896709 -0.442621 -1.01822e-18
    outer loop
      vertex -89.497 57.3 6.7
      vertex -89.6128 57.0654 12.7
      vertex -89.6128 57.0654 6.7
    endloop
  endfacet
  facet normal -0.751842 0.659343 1.09598e-18
    outer loop
      vertex -86.3508 54.8858 6.7
      vertex -86.1783 55.0825 12.7
      vertex -86.1783 55.0825 6.7
    endloop
  endfacet
  facet normal -0.751842 0.659343 1.09598e-18
    outer loop
      vertex -86.1783 55.0825 12.7
      vertex -86.3508 54.8858 6.7
      vertex -86.3508 54.8858 12.7
    endloop
  endfacet
  facet normal -0.831521 0.555494 7.90321e-19
    outer loop
      vertex -86.1783 55.0825 6.7
      vertex -86.033 55.3 12.7
      vertex -86.033 55.3 6.7
    endloop
  endfacet
  facet normal -0.831521 0.555494 7.90321e-19
    outer loop
      vertex -86.033 55.3 12.7
      vertex -86.1783 55.0825 6.7
      vertex -86.1783 55.0825 12.7
    endloop
  endfacet
  facet normal -0.896709 0.442621 1.01871e-18
    outer loop
      vertex -86.033 55.3 6.7
      vertex -85.9172 55.5346 12.7
      vertex -85.9172 55.5346 6.7
    endloop
  endfacet
  facet normal -0.896709 0.442621 1.01871e-18
    outer loop
      vertex -85.9172 55.5346 12.7
      vertex -86.033 55.3 6.7
      vertex -86.033 55.3 12.7
    endloop
  endfacet
  facet normal -0.442314 -0.89686 0
    outer loop
      vertex -86.9996 58.1478 6.7
      vertex -86.765 58.0321 12.7
      vertex -86.9996 58.1478 12.7
    endloop
  endfacet
  facet normal -0.442314 -0.89686 -0
    outer loop
      vertex -86.765 58.0321 12.7
      vertex -86.9996 58.1478 6.7
      vertex -86.765 58.0321 6.7
    endloop
  endfacet
  facet normal -0.195381 -0.980727 0
    outer loop
      vertex -87.5039 58.2829 6.7
      vertex -87.2474 58.2318 12.7
      vertex -87.5039 58.2829 12.7
    endloop
  endfacet
  facet normal -0.195381 -0.980727 -0
    outer loop
      vertex -87.2474 58.2318 12.7
      vertex -87.5039 58.2829 6.7
      vertex -87.2474 58.2318 6.7
    endloop
  endfacet
  facet normal 0.555758 -0.831344 0
    outer loop
      vertex -88.9825 57.8867 6.7
      vertex -88.765 58.0321 12.7
      vertex -88.9825 57.8867 12.7
    endloop
  endfacet
  facet normal 0.555758 -0.831344 0
    outer loop
      vertex -88.765 58.0321 12.7
      vertex -88.9825 57.8867 6.7
      vertex -88.765 58.0321 6.7
    endloop
  endfacet
  facet normal -0.321039 -0.947066 0
    outer loop
      vertex -87.2474 58.2318 6.7
      vertex -86.9996 58.1478 12.7
      vertex -87.2474 58.2318 12.7
    endloop
  endfacet
  facet normal -0.321039 -0.947066 -0
    outer loop
      vertex -86.9996 58.1478 12.7
      vertex -87.2474 58.2318 6.7
      vertex -86.9996 58.1478 6.7
    endloop
  endfacet
  facet normal 0.997862 -0.0653521 5.01015e-20
    outer loop
      vertex -89.765 56.3 12.7
      vertex -89.7479 56.5611 6.7
      vertex -89.7479 56.5611 12.7
    endloop
  endfacet
  facet normal 0.997862 -0.0653521 5.01015e-20
    outer loop
      vertex -89.7479 56.5611 6.7
      vertex -89.765 56.3 12.7
      vertex -89.765 56.3 6.7
    endloop
  endfacet
  facet normal -0.751842 -0.659343 -1.09598e-18
    outer loop
      vertex -86.1783 57.5175 6.7
      vertex -86.3508 57.7142 12.7
      vertex -86.3508 57.7142 6.7
    endloop
  endfacet
  facet normal -0.751842 -0.659343 -1.09598e-18
    outer loop
      vertex -86.3508 57.7142 12.7
      vertex -86.1783 57.5175 6.7
      vertex -86.1783 57.5175 12.7
    endloop
  endfacet
  facet normal 0.0653521 -0.997862 0
    outer loop
      vertex -88.0261 58.2829 6.7
      vertex -87.765 58.3 12.7
      vertex -88.0261 58.2829 12.7
    endloop
  endfacet
  facet normal 0.0653521 -0.997862 0
    outer loop
      vertex -87.765 58.3 12.7
      vertex -88.0261 58.2829 6.7
      vertex -87.765 58.3 6.7
    endloop
  endfacet
  facet normal 0.94695 -0.321382 4.83649e-19
    outer loop
      vertex -89.6969 56.8176 12.7
      vertex -89.6128 57.0654 6.7
      vertex -89.6128 57.0654 12.7
    endloop
  endfacet
  facet normal 0.94695 -0.321382 4.83649e-19
    outer loop
      vertex -89.6128 57.0654 6.7
      vertex -89.6969 56.8176 12.7
      vertex -89.6969 56.8176 6.7
    endloop
  endfacet
  facet normal 0.94695 0.321382 -1.00691e-18
    outer loop
      vertex -89.6128 55.5346 12.7
      vertex -89.6969 55.7824 6.7
      vertex -89.6969 55.7824 12.7
    endloop
  endfacet
  facet normal 0.94695 0.321382 -1.00691e-18
    outer loop
      vertex -89.6969 55.7824 6.7
      vertex -89.6128 55.5346 12.7
      vertex -89.6128 55.5346 6.7
    endloop
  endfacet
  facet normal 0.831521 -0.555494 1.79485e-18
    outer loop
      vertex -89.497 57.3 12.7
      vertex -89.3517 57.5175 6.7
      vertex -89.3517 57.5175 12.7
    endloop
  endfacet
  facet normal 0.831521 -0.555494 1.79485e-18
    outer loop
      vertex -89.3517 57.5175 6.7
      vertex -89.497 57.3 12.7
      vertex -89.497 57.3 6.7
    endloop
  endfacet
  facet normal -0.659343 -0.751842 0
    outer loop
      vertex -86.5475 57.8867 6.7
      vertex -86.3508 57.7142 12.7
      vertex -86.5475 57.8867 12.7
    endloop
  endfacet
  facet normal -0.659343 -0.751842 -0
    outer loop
      vertex -86.3508 57.7142 12.7
      vertex -86.5475 57.8867 6.7
      vertex -86.3508 57.7142 6.7
    endloop
  endfacet
  facet normal 0.997862 0.0653521 -4.13552e-21
    outer loop
      vertex -89.7479 56.0389 12.7
      vertex -89.765 56.3 6.7
      vertex -89.765 56.3 12.7
    endloop
  endfacet
  facet normal 0.997862 0.0653521 -4.13552e-21
    outer loop
      vertex -89.765 56.3 6.7
      vertex -89.7479 56.0389 12.7
      vertex -89.7479 56.0389 6.7
    endloop
  endfacet
  facet normal -0.0653521 -0.997862 0
    outer loop
      vertex -87.765 58.3 6.7
      vertex -87.5039 58.2829 12.7
      vertex -87.765 58.3 12.7
    endloop
  endfacet
  facet normal -0.0653521 -0.997862 -0
    outer loop
      vertex -87.5039 58.2829 12.7
      vertex -87.765 58.3 6.7
      vertex -87.5039 58.2829 6.7
    endloop
  endfacet
  facet normal -0.555758 0.831344 0
    outer loop
      vertex -86.5475 54.7133 6.7
      vertex -86.765 54.5679 12.7
      vertex -86.5475 54.7133 12.7
    endloop
  endfacet
  facet normal -0.555758 0.831344 0
    outer loop
      vertex -86.765 54.5679 12.7
      vertex -86.5475 54.7133 6.7
      vertex -86.765 54.5679 6.7
    endloop
  endfacet
  facet normal 0.442314 0.89686 -0
    outer loop
      vertex -88.5304 54.4522 6.7
      vertex -88.765 54.5679 12.7
      vertex -88.5304 54.4522 12.7
    endloop
  endfacet
  facet normal 0.442314 0.89686 0
    outer loop
      vertex -88.765 54.5679 12.7
      vertex -88.5304 54.4522 6.7
      vertex -88.765 54.5679 6.7
    endloop
  endfacet
  facet normal 0.195013 0.980801 -0
    outer loop
      vertex -88.0261 54.3171 6.7
      vertex -88.2826 54.3681 12.7
      vertex -88.0261 54.3171 12.7
    endloop
  endfacet
  facet normal 0.195013 0.980801 0
    outer loop
      vertex -88.2826 54.3681 12.7
      vertex -88.0261 54.3171 6.7
      vertex -88.2826 54.3681 6.7
    endloop
  endfacet
  facet normal 0.0653521 0.997862 -0
    outer loop
      vertex -87.765 54.3 6.7
      vertex -88.0261 54.3171 12.7
      vertex -87.765 54.3 12.7
    endloop
  endfacet
  facet normal 0.0653521 0.997862 0
    outer loop
      vertex -88.0261 54.3171 12.7
      vertex -87.765 54.3 6.7
      vertex -88.0261 54.3171 6.7
    endloop
  endfacet
  facet normal 0.659343 0.751842 -0
    outer loop
      vertex -88.9825 54.7133 6.7
      vertex -89.1792 54.8858 12.7
      vertex -88.9825 54.7133 12.7
    endloop
  endfacet
  facet normal 0.659343 0.751842 0
    outer loop
      vertex -89.1792 54.8858 12.7
      vertex -88.9825 54.7133 6.7
      vertex -89.1792 54.8858 6.7
    endloop
  endfacet
  facet normal 0.896709 0.442621 -1.01871e-18
    outer loop
      vertex 86.033 -57.3 12.7
      vertex 85.9172 -57.0654 6.7
      vertex 85.9172 -57.0654 12.7
    endloop
  endfacet
  facet normal 0.896709 0.442621 -1.01871e-18
    outer loop
      vertex 85.9172 -57.0654 6.7
      vertex 86.033 -57.3 12.7
      vertex 86.033 -57.3 6.7
    endloop
  endfacet
  facet normal -0.980801 -0.195013 -1.16886e-19
    outer loop
      vertex 89.7479 -56.0389 6.7
      vertex 89.6969 -55.7824 12.7
      vertex 89.6969 -55.7824 6.7
    endloop
  endfacet
  facet normal -0.980801 -0.195013 -1.16886e-19
    outer loop
      vertex 89.6969 -55.7824 12.7
      vertex 89.7479 -56.0389 6.7
      vertex 89.7479 -56.0389 12.7
    endloop
  endfacet
  facet normal -0.997862 -0.0653521 -4.13552e-21
    outer loop
      vertex 89.765 -56.3 6.7
      vertex 89.7479 -56.0389 12.7
      vertex 89.7479 -56.0389 6.7
    endloop
  endfacet
  facet normal -0.997862 -0.0653521 -4.13552e-21
    outer loop
      vertex 89.7479 -56.0389 12.7
      vertex 89.765 -56.3 6.7
      vertex 89.765 -56.3 12.7
    endloop
  endfacet
  facet normal -0.94695 -0.321382 -1.00691e-18
    outer loop
      vertex 89.6969 -55.7824 6.7
      vertex 89.6128 -55.5346 12.7
      vertex 89.6128 -55.5346 6.7
    endloop
  endfacet
  facet normal -0.94695 -0.321382 -1.00691e-18
    outer loop
      vertex 89.6128 -55.5346 12.7
      vertex 89.6969 -55.7824 6.7
      vertex 89.6969 -55.7824 12.7
    endloop
  endfacet
  facet normal -0.442314 -0.89686 0
    outer loop
      vertex 88.5304 -54.4522 6.7
      vertex 88.765 -54.5679 12.7
      vertex 88.5304 -54.4522 12.7
    endloop
  endfacet
  facet normal -0.442314 -0.89686 -0
    outer loop
      vertex 88.765 -54.5679 12.7
      vertex 88.5304 -54.4522 6.7
      vertex 88.765 -54.5679 6.7
    endloop
  endfacet
  facet normal 0.831521 -0.555494 7.90321e-19
    outer loop
      vertex 86.033 -55.3 12.7
      vertex 86.1783 -55.0825 6.7
      vertex 86.1783 -55.0825 12.7
    endloop
  endfacet
  facet normal 0.831521 -0.555494 7.90321e-19
    outer loop
      vertex 86.1783 -55.0825 6.7
      vertex 86.033 -55.3 12.7
      vertex 86.033 -55.3 6.7
    endloop
  endfacet
  facet normal -0.831521 0.555494 1.79485e-18
    outer loop
      vertex 89.3517 -57.5175 6.7
      vertex 89.497 -57.3 12.7
      vertex 89.497 -57.3 6.7
    endloop
  endfacet
  facet normal -0.831521 0.555494 1.79485e-18
    outer loop
      vertex 89.497 -57.3 12.7
      vertex 89.3517 -57.5175 6.7
      vertex 89.3517 -57.5175 12.7
    endloop
  endfacet
  facet normal -0.321039 0.947066 0
    outer loop
      vertex 88.5304 -58.1478 6.7
      vertex 88.2826 -58.2318 12.7
      vertex 88.5304 -58.1478 12.7
    endloop
  endfacet
  facet normal -0.321039 0.947066 0
    outer loop
      vertex 88.2826 -58.2318 12.7
      vertex 88.5304 -58.1478 6.7
      vertex 88.2826 -58.2318 6.7
    endloop
  endfacet
  facet normal -0.831521 -0.555494 1.68562e-18
    outer loop
      vertex 89.497 -55.3 6.7
      vertex 89.3517 -55.0825 12.7
      vertex 89.3517 -55.0825 6.7
    endloop
  endfacet
  facet normal -0.831521 -0.555494 1.68562e-18
    outer loop
      vertex 89.3517 -55.0825 12.7
      vertex 89.497 -55.3 6.7
      vertex 89.497 -55.3 12.7
    endloop
  endfacet
  facet normal -0.896709 -0.442621 1.01822e-18
    outer loop
      vertex 89.6128 -55.5346 6.7
      vertex 89.497 -55.3 12.7
      vertex 89.497 -55.3 6.7
    endloop
  endfacet
  facet normal -0.896709 -0.442621 1.01822e-18
    outer loop
      vertex 89.497 -55.3 12.7
      vertex 89.6128 -55.5346 6.7
      vertex 89.6128 -55.5346 12.7
    endloop
  endfacet
  facet normal 0.195013 -0.980801 0
    outer loop
      vertex 87.2474 -54.3681 6.7
      vertex 87.5039 -54.3171 12.7
      vertex 87.2474 -54.3681 12.7
    endloop
  endfacet
  facet normal 0.195013 -0.980801 0
    outer loop
      vertex 87.5039 -54.3171 12.7
      vertex 87.2474 -54.3681 6.7
      vertex 87.5039 -54.3171 6.7
    endloop
  endfacet
  facet normal -0.94695 0.321382 4.83649e-19
    outer loop
      vertex 89.6128 -57.0654 6.7
      vertex 89.6969 -56.8176 12.7
      vertex 89.6969 -56.8176 6.7
    endloop
  endfacet
  facet normal -0.94695 0.321382 4.83649e-19
    outer loop
      vertex 89.6969 -56.8176 12.7
      vertex 89.6128 -57.0654 6.7
      vertex 89.6128 -57.0654 12.7
    endloop
  endfacet
  facet normal 0.0653521 0.997862 -0
    outer loop
      vertex 87.765 -58.3 6.7
      vertex 87.5039 -58.2829 12.7
      vertex 87.765 -58.3 12.7
    endloop
  endfacet
  facet normal 0.0653521 0.997862 0
    outer loop
      vertex 87.5039 -58.2829 12.7
      vertex 87.765 -58.3 6.7
      vertex 87.5039 -58.2829 6.7
    endloop
  endfacet
  facet normal 0.555758 -0.831344 0
    outer loop
      vertex 86.5475 -54.7133 6.7
      vertex 86.765 -54.5679 12.7
      vertex 86.5475 -54.7133 12.7
    endloop
  endfacet
  facet normal 0.555758 -0.831344 0
    outer loop
      vertex 86.765 -54.5679 12.7
      vertex 86.5475 -54.7133 6.7
      vertex 86.765 -54.5679 6.7
    endloop
  endfacet
  facet normal 0.997862 -0.0653521 4.13552e-21
    outer loop
      vertex 85.765 -56.3 12.7
      vertex 85.7821 -56.0389 6.7
      vertex 85.7821 -56.0389 12.7
    endloop
  endfacet
  facet normal 0.997862 -0.0653521 4.13552e-21
    outer loop
      vertex 85.7821 -56.0389 6.7
      vertex 85.765 -56.3 12.7
      vertex 85.765 -56.3 6.7
    endloop
  endfacet
  facet normal 0.94695 -0.321382 1.03166e-18
    outer loop
      vertex 85.8331 -55.7824 12.7
      vertex 85.9172 -55.5346 6.7
      vertex 85.9172 -55.5346 12.7
    endloop
  endfacet
  facet normal 0.94695 -0.321382 1.03166e-18
    outer loop
      vertex 85.9172 -55.5346 6.7
      vertex 85.8331 -55.7824 12.7
      vertex 85.8331 -55.7824 6.7
    endloop
  endfacet
  facet normal 0.980801 0.195013 -1.16886e-19
    outer loop
      vertex 85.8331 -56.8176 12.7
      vertex 85.7821 -56.5611 6.7
      vertex 85.7821 -56.5611 12.7
    endloop
  endfacet
  facet normal 0.980801 0.195013 -1.16886e-19
    outer loop
      vertex 85.7821 -56.5611 6.7
      vertex 85.8331 -56.8176 12.7
      vertex 85.8331 -56.8176 6.7
    endloop
  endfacet
  facet normal 0.321382 -0.94695 0
    outer loop
      vertex 86.9996 -54.4522 6.7
      vertex 87.2474 -54.3681 12.7
      vertex 86.9996 -54.4522 12.7
    endloop
  endfacet
  facet normal 0.321382 -0.94695 0
    outer loop
      vertex 87.2474 -54.3681 12.7
      vertex 86.9996 -54.4522 6.7
      vertex 87.2474 -54.3681 6.7
    endloop
  endfacet
  facet normal -0.195381 0.980727 0
    outer loop
      vertex 88.2826 -58.2318 6.7
      vertex 88.0261 -58.2829 12.7
      vertex 88.2826 -58.2318 12.7
    endloop
  endfacet
  facet normal -0.195381 0.980727 0
    outer loop
      vertex 88.0261 -58.2829 12.7
      vertex 88.2826 -58.2318 6.7
      vertex 88.0261 -58.2829 6.7
    endloop
  endfacet
  facet normal -0.321382 -0.94695 0
    outer loop
      vertex 88.2826 -54.3681 6.7
      vertex 88.5304 -54.4522 12.7
      vertex 88.2826 -54.3681 12.7
    endloop
  endfacet
  facet normal -0.321382 -0.94695 -0
    outer loop
      vertex 88.5304 -54.4522 12.7
      vertex 88.2826 -54.3681 6.7
      vertex 88.5304 -54.4522 6.7
    endloop
  endfacet
  facet normal 0.659343 -0.751842 0
    outer loop
      vertex 86.3508 -54.8858 6.7
      vertex 86.5475 -54.7133 12.7
      vertex 86.3508 -54.8858 12.7
    endloop
  endfacet
  facet normal 0.659343 -0.751842 0
    outer loop
      vertex 86.5475 -54.7133 12.7
      vertex 86.3508 -54.8858 6.7
      vertex 86.5475 -54.7133 6.7
    endloop
  endfacet
  facet normal -0.751842 -0.659343 -1.79617e-18
    outer loop
      vertex 89.3517 -55.0825 6.7
      vertex 89.1792 -54.8858 12.7
      vertex 89.1792 -54.8858 6.7
    endloop
  endfacet
  facet normal -0.751842 -0.659343 -1.79617e-18
    outer loop
      vertex 89.1792 -54.8858 12.7
      vertex 89.3517 -55.0825 6.7
      vertex 89.3517 -55.0825 12.7
    endloop
  endfacet
  facet normal 0.321039 0.947066 -0
    outer loop
      vertex 87.2474 -58.2318 6.7
      vertex 86.9996 -58.1478 12.7
      vertex 87.2474 -58.2318 12.7
    endloop
  endfacet
  facet normal 0.321039 0.947066 0
    outer loop
      vertex 86.9996 -58.1478 12.7
      vertex 87.2474 -58.2318 6.7
      vertex 86.9996 -58.1478 6.7
    endloop
  endfacet
  facet normal 0.442314 -0.89686 0
    outer loop
      vertex 86.765 -54.5679 6.7
      vertex 86.9996 -54.4522 12.7
      vertex 86.765 -54.5679 12.7
    endloop
  endfacet
  facet normal 0.442314 -0.89686 0
    outer loop
      vertex 86.9996 -54.4522 12.7
      vertex 86.765 -54.5679 6.7
      vertex 86.9996 -54.4522 6.7
    endloop
  endfacet
  facet normal 0 0 1
    outer loop
      vertex 89.7479 -56.0389 6.7
      vertex 89.7479 -56.5611 6.7
      vertex 89.765 -56.3 6.7
    endloop
  endfacet
  facet normal 0 0 1
    outer loop
      vertex 89.6969 -55.7824 6.7
      vertex 89.7479 -56.5611 6.7
      vertex 89.7479 -56.0389 6.7
    endloop
  endfacet
  facet normal 0 0 1
    outer loop
      vertex 89.6969 -55.7824 6.7
      vertex 89.6969 -56.8176 6.7
      vertex 89.7479 -56.5611 6.7
    endloop
  endfacet
  facet normal 0 0 1
    outer loop
      vertex 89.6128 -55.5346 6.7
      vertex 89.6969 -56.8176 6.7
      vertex 89.6969 -55.7824 6.7
    endloop
  endfacet
  facet normal 0 0 1
    outer loop
      vertex 89.6128 -55.5346 6.7
      vertex 89.6128 -57.0654 6.7
      vertex 89.6969 -56.8176 6.7
    endloop
  endfacet
  facet normal 0 0 1
    outer loop
      vertex 89.497 -55.3 6.7
      vertex 89.6128 -57.0654 6.7
      vertex 89.6128 -55.5346 6.7
    endloop
  endfacet
  facet normal 0 0 1
    outer loop
      vertex 89.497 -55.3 6.7
      vertex 89.497 -57.3 6.7
      vertex 89.6128 -57.0654 6.7
    endloop
  endfacet
  facet normal 0 0 1
    outer loop
      vertex 89.3517 -55.0825 6.7
      vertex 89.497 -57.3 6.7
      vertex 89.497 -55.3 6.7
    endloop
  endfacet
  facet normal 0 0 1
    outer loop
      vertex 89.3517 -55.0825 6.7
      vertex 89.3517 -57.5175 6.7
      vertex 89.497 -57.3 6.7
    endloop
  endfacet
  facet normal 0 0 1
    outer loop
      vertex 89.1792 -54.8858 6.7
      vertex 89.3517 -57.5175 6.7
      vertex 89.3517 -55.0825 6.7
    endloop
  endfacet
  facet normal 0 0 1
    outer loop
      vertex 89.1792 -54.8858 6.7
      vertex 89.1792 -57.7142 6.7
      vertex 89.3517 -57.5175 6.7
    endloop
  endfacet
  facet normal 0 0 1
    outer loop
      vertex 88.9825 -54.7133 6.7
      vertex 89.1792 -57.7142 6.7
      vertex 89.1792 -54.8858 6.7
    endloop
  endfacet
  facet normal 0 0 1
    outer loop
      vertex 88.9825 -54.7133 6.7
      vertex 88.9825 -57.8867 6.7
      vertex 89.1792 -57.7142 6.7
    endloop
  endfacet
  facet normal 0 0 1
    outer loop
      vertex 88.765 -54.5679 6.7
      vertex 88.9825 -57.8867 6.7
      vertex 88.9825 -54.7133 6.7
    endloop
  endfacet
  facet normal 0 0 1
    outer loop
      vertex 88.765 -54.5679 6.7
      vertex 88.765 -58.0321 6.7
      vertex 88.9825 -57.8867 6.7
    endloop
  endfacet
  facet normal 0 0 1
    outer loop
      vertex 88.5304 -54.4522 6.7
      vertex 88.765 -58.0321 6.7
      vertex 88.765 -54.5679 6.7
    endloop
  endfacet
  facet normal 0 0 1
    outer loop
      vertex 88.5304 -54.4522 6.7
      vertex 88.5304 -58.1478 6.7
      vertex 88.765 -58.0321 6.7
    endloop
  endfacet
  facet normal 0 0 1
    outer loop
      vertex 88.2826 -54.3681 6.7
      vertex 88.5304 -58.1478 6.7
      vertex 88.5304 -54.4522 6.7
    endloop
  endfacet
  facet normal 0 0 1
    outer loop
      vertex 88.2826 -54.3681 6.7
      vertex 88.2826 -58.2318 6.7
      vertex 88.5304 -58.1478 6.7
    endloop
  endfacet
  facet normal 0 0 1
    outer loop
      vertex 88.0261 -54.3171 6.7
      vertex 88.2826 -58.2318 6.7
      vertex 88.2826 -54.3681 6.7
    endloop
  endfacet
  facet normal 0 0 1
    outer loop
      vertex 88.0261 -54.3171 6.7
      vertex 88.0261 -58.2829 6.7
      vertex 88.2826 -58.2318 6.7
    endloop
  endfacet
  facet normal 0 0 1
    outer loop
      vertex 87.765 -54.3 6.7
      vertex 88.0261 -58.2829 6.7
      vertex 88.0261 -54.3171 6.7
    endloop
  endfacet
  facet normal 0 0 1
    outer loop
      vertex 87.765 -54.3 6.7
      vertex 87.765 -58.3 6.7
      vertex 88.0261 -58.2829 6.7
    endloop
  endfacet
  facet normal -0 0 1
    outer loop
      vertex 87.5039 -54.3171 6.7
      vertex 87.765 -58.3 6.7
      vertex 87.765 -54.3 6.7
    endloop
  endfacet
  facet normal 0 0 1
    outer loop
      vertex 87.5039 -54.3171 6.7
      vertex 87.5039 -58.2829 6.7
      vertex 87.765 -58.3 6.7
    endloop
  endfacet
  facet normal -0 0 1
    outer loop
      vertex 87.2474 -54.3681 6.7
      vertex 87.5039 -58.2829 6.7
      vertex 87.5039 -54.3171 6.7
    endloop
  endfacet
  facet normal 0 0 1
    outer loop
      vertex 87.2474 -54.3681 6.7
      vertex 87.2474 -58.2318 6.7
      vertex 87.5039 -58.2829 6.7
    endloop
  endfacet
  facet normal -0 0 1
    outer loop
      vertex 86.9996 -54.4522 6.7
      vertex 87.2474 -58.2318 6.7
      vertex 87.2474 -54.3681 6.7
    endloop
  endfacet
  facet normal 0 0 1
    outer loop
      vertex 86.9996 -54.4522 6.7
      vertex 86.9996 -58.1478 6.7
      vertex 87.2474 -58.2318 6.7
    endloop
  endfacet
  facet normal -0 0 1
    outer loop
      vertex 86.765 -54.5679 6.7
      vertex 86.9996 -58.1478 6.7
      vertex 86.9996 -54.4522 6.7
    endloop
  endfacet
  facet normal 0 0 1
    outer loop
      vertex 86.765 -54.5679 6.7
      vertex 86.765 -58.0321 6.7
      vertex 86.9996 -58.1478 6.7
    endloop
  endfacet
  facet normal -0 0 1
    outer loop
      vertex 86.5475 -54.7133 6.7
      vertex 86.765 -58.0321 6.7
      vertex 86.765 -54.5679 6.7
    endloop
  endfacet
  facet normal 0 0 1
    outer loop
      vertex 86.5475 -54.7133 6.7
      vertex 86.5475 -57.8867 6.7
      vertex 86.765 -58.0321 6.7
    endloop
  endfacet
  facet normal -0 0 1
    outer loop
      vertex 86.3508 -54.8858 6.7
      vertex 86.5475 -57.8867 6.7
      vertex 86.5475 -54.7133 6.7
    endloop
  endfacet
  facet normal 0 0 1
    outer loop
      vertex 86.3508 -54.8858 6.7
      vertex 86.3508 -57.7142 6.7
      vertex 86.5475 -57.8867 6.7
    endloop
  endfacet
  facet normal -0 0 1
    outer loop
      vertex 86.1783 -55.0825 6.7
      vertex 86.3508 -57.7142 6.7
      vertex 86.3508 -54.8858 6.7
    endloop
  endfacet
  facet normal 0 0 1
    outer loop
      vertex 86.1783 -55.0825 6.7
      vertex 86.1783 -57.5175 6.7
      vertex 86.3508 -57.7142 6.7
    endloop
  endfacet
  facet normal -0 0 1
    outer loop
      vertex 86.033 -55.3 6.7
      vertex 86.1783 -57.5175 6.7
      vertex 86.1783 -55.0825 6.7
    endloop
  endfacet
  facet normal 0 0 1
    outer loop
      vertex 86.033 -55.3 6.7
      vertex 86.033 -57.3 6.7
      vertex 86.1783 -57.5175 6.7
    endloop
  endfacet
  facet normal -0 0 1
    outer loop
      vertex 85.9172 -55.5346 6.7
      vertex 86.033 -57.3 6.7
      vertex 86.033 -55.3 6.7
    endloop
  endfacet
  facet normal 0 0 1
    outer loop
      vertex 85.9172 -55.5346 6.7
      vertex 85.9172 -57.0654 6.7
      vertex 86.033 -57.3 6.7
    endloop
  endfacet
  facet normal -0 0 1
    outer loop
      vertex 85.8331 -55.7824 6.7
      vertex 85.9172 -57.0654 6.7
      vertex 85.9172 -55.5346 6.7
    endloop
  endfacet
  facet normal 0 0 1
    outer loop
      vertex 85.8331 -55.7824 6.7
      vertex 85.8331 -56.8176 6.7
      vertex 85.9172 -57.0654 6.7
    endloop
  endfacet
  facet normal -0 0 1
    outer loop
      vertex 85.7821 -56.0389 6.7
      vertex 85.8331 -56.8176 6.7
      vertex 85.8331 -55.7824 6.7
    endloop
  endfacet
  facet normal 0 0 1
    outer loop
      vertex 85.7821 -56.0389 6.7
      vertex 85.7821 -56.5611 6.7
      vertex 85.8331 -56.8176 6.7
    endloop
  endfacet
  facet normal 0 -0 1
    outer loop
      vertex 85.7821 -56.5611 6.7
      vertex 85.7821 -56.0389 6.7
      vertex 85.765 -56.3 6.7
    endloop
  endfacet
  facet normal -0.980801 0.195013 1.16886e-19
    outer loop
      vertex 89.6969 -56.8176 6.7
      vertex 89.7479 -56.5611 12.7
      vertex 89.7479 -56.5611 6.7
    endloop
  endfacet
  facet normal -0.980801 0.195013 1.16886e-19
    outer loop
      vertex 89.7479 -56.5611 12.7
      vertex 89.6969 -56.8176 6.7
      vertex 89.6969 -56.8176 12.7
    endloop
  endfacet
  facet normal -0.555758 0.831344 0
    outer loop
      vertex 88.9825 -57.8867 6.7
      vertex 88.765 -58.0321 12.7
      vertex 88.9825 -57.8867 12.7
    endloop
  endfacet
  facet normal -0.555758 0.831344 0
    outer loop
      vertex 88.765 -58.0321 12.7
      vertex 88.9825 -57.8867 6.7
      vertex 88.765 -58.0321 6.7
    endloop
  endfacet
  facet normal 0.980801 -0.195013 1.16886e-19
    outer loop
      vertex 85.7821 -56.0389 12.7
      vertex 85.8331 -55.7824 6.7
      vertex 85.8331 -55.7824 12.7
    endloop
  endfacet
  facet normal 0.980801 -0.195013 1.16886e-19
    outer loop
      vertex 85.8331 -55.7824 6.7
      vertex 85.7821 -56.0389 12.7
      vertex 85.7821 -56.0389 6.7
    endloop
  endfacet
  facet normal -0.997862 0.0653521 5.01015e-20
    outer loop
      vertex 89.7479 -56.5611 6.7
      vertex 89.765 -56.3 12.7
      vertex 89.765 -56.3 6.7
    endloop
  endfacet
  facet normal -0.997862 0.0653521 5.01015e-20
    outer loop
      vertex 89.765 -56.3 12.7
      vertex 89.7479 -56.5611 6.7
      vertex 89.7479 -56.5611 12.7
    endloop
  endfacet
  facet normal -0.751842 0.659343 1.79617e-18
    outer loop
      vertex 89.1792 -57.7142 6.7
      vertex 89.3517 -57.5175 12.7
      vertex 89.3517 -57.5175 6.7
    endloop
  endfacet
  facet normal -0.751842 0.659343 1.79617e-18
    outer loop
      vertex 89.3517 -57.5175 12.7
      vertex 89.1792 -57.7142 6.7
      vertex 89.1792 -57.7142 12.7
    endloop
  endfacet
  facet normal 0.94695 0.321382 -5.08398e-19
    outer loop
      vertex 85.9172 -57.0654 12.7
      vertex 85.8331 -56.8176 6.7
      vertex 85.8331 -56.8176 12.7
    endloop
  endfacet
  facet normal 0.94695 0.321382 -5.08398e-19
    outer loop
      vertex 85.8331 -56.8176 6.7
      vertex 85.9172 -57.0654 12.7
      vertex 85.9172 -57.0654 6.7
    endloop
  endfacet
  facet normal 0.896709 -0.442621 1.01871e-18
    outer loop
      vertex 85.9172 -55.5346 12.7
      vertex 86.033 -55.3 6.7
      vertex 86.033 -55.3 12.7
    endloop
  endfacet
  facet normal 0.896709 -0.442621 1.01871e-18
    outer loop
      vertex 86.033 -55.3 6.7
      vertex 85.9172 -55.5346 12.7
      vertex 85.9172 -55.5346 6.7
    endloop
  endfacet
  facet normal 0.195381 0.980727 -0
    outer loop
      vertex 87.5039 -58.2829 6.7
      vertex 87.2474 -58.2318 12.7
      vertex 87.5039 -58.2829 12.7
    endloop
  endfacet
  facet normal 0.195381 0.980727 0
    outer loop
      vertex 87.2474 -58.2318 12.7
      vertex 87.5039 -58.2829 6.7
      vertex 87.2474 -58.2318 6.7
    endloop
  endfacet
  facet normal 0.751842 0.659343 -1.09598e-18
    outer loop
      vertex 86.3508 -57.7142 12.7
      vertex 86.1783 -57.5175 6.7
      vertex 86.1783 -57.5175 12.7
    endloop
  endfacet
  facet normal 0.751842 0.659343 -1.09598e-18
    outer loop
      vertex 86.1783 -57.5175 6.7
      vertex 86.3508 -57.7142 12.7
      vertex 86.3508 -57.7142 6.7
    endloop
  endfacet
  facet normal -0.896709 0.442621 -1.01822e-18
    outer loop
      vertex 89.497 -57.3 6.7
      vertex 89.6128 -57.0654 12.7
      vertex 89.6128 -57.0654 6.7
    endloop
  endfacet
  facet normal -0.896709 0.442621 -1.01822e-18
    outer loop
      vertex 89.6128 -57.0654 12.7
      vertex 89.497 -57.3 6.7
      vertex 89.497 -57.3 12.7
    endloop
  endfacet
  facet normal -0.442314 0.89686 0
    outer loop
      vertex 88.765 -58.0321 6.7
      vertex 88.5304 -58.1478 12.7
      vertex 88.765 -58.0321 12.7
    endloop
  endfacet
  facet normal -0.442314 0.89686 0
    outer loop
      vertex 88.5304 -58.1478 12.7
      vertex 88.765 -58.0321 6.7
      vertex 88.5304 -58.1478 6.7
    endloop
  endfacet
  facet normal 0.0653521 -0.997862 0
    outer loop
      vertex 87.5039 -54.3171 6.7
      vertex 87.765 -54.3 12.7
      vertex 87.5039 -54.3171 12.7
    endloop
  endfacet
  facet normal 0.0653521 -0.997862 0
    outer loop
      vertex 87.765 -54.3 12.7
      vertex 87.5039 -54.3171 6.7
      vertex 87.765 -54.3 6.7
    endloop
  endfacet
  facet normal -0.659343 0.751842 0
    outer loop
      vertex 89.1792 -57.7142 6.7
      vertex 88.9825 -57.8867 12.7
      vertex 89.1792 -57.7142 12.7
    endloop
  endfacet
  facet normal -0.659343 0.751842 0
    outer loop
      vertex 88.9825 -57.8867 12.7
      vertex 89.1792 -57.7142 6.7
      vertex 88.9825 -57.8867 6.7
    endloop
  endfacet
  facet normal -0.555758 -0.831344 0
    outer loop
      vertex 88.765 -54.5679 6.7
      vertex 88.9825 -54.7133 12.7
      vertex 88.765 -54.5679 12.7
    endloop
  endfacet
  facet normal -0.555758 -0.831344 -0
    outer loop
      vertex 88.9825 -54.7133 12.7
      vertex 88.765 -54.5679 6.7
      vertex 88.9825 -54.7133 6.7
    endloop
  endfacet
  facet normal -0.659343 -0.751842 0
    outer loop
      vertex 88.9825 -54.7133 6.7
      vertex 89.1792 -54.8858 12.7
      vertex 88.9825 -54.7133 12.7
    endloop
  endfacet
  facet normal -0.659343 -0.751842 -0
    outer loop
      vertex 89.1792 -54.8858 12.7
      vertex 88.9825 -54.7133 6.7
      vertex 89.1792 -54.8858 6.7
    endloop
  endfacet
  facet normal -0.0653521 -0.997862 0
    outer loop
      vertex 87.765 -54.3 6.7
      vertex 88.0261 -54.3171 12.7
      vertex 87.765 -54.3 12.7
    endloop
  endfacet
  facet normal -0.0653521 -0.997862 -0
    outer loop
      vertex 88.0261 -54.3171 12.7
      vertex 87.765 -54.3 6.7
      vertex 88.0261 -54.3171 6.7
    endloop
  endfacet
  facet normal 0.555758 0.831344 -0
    outer loop
      vertex 86.765 -58.0321 6.7
      vertex 86.5475 -57.8867 12.7
      vertex 86.765 -58.0321 12.7
    endloop
  endfacet
  facet normal 0.555758 0.831344 0
    outer loop
      vertex 86.5475 -57.8867 12.7
      vertex 86.765 -58.0321 6.7
      vertex 86.5475 -57.8867 6.7
    endloop
  endfacet
  facet normal -0.195013 -0.980801 0
    outer loop
      vertex 88.0261 -54.3171 6.7
      vertex 88.2826 -54.3681 12.7
      vertex 88.0261 -54.3171 12.7
    endloop
  endfacet
  facet normal -0.195013 -0.980801 -0
    outer loop
      vertex 88.2826 -54.3681 12.7
      vertex 88.0261 -54.3171 6.7
      vertex 88.2826 -54.3681 6.7
    endloop
  endfacet
  facet normal 0.831521 0.555494 1.50537e-19
    outer loop
      vertex 86.1783 -57.5175 12.7
      vertex 86.033 -57.3 6.7
      vertex 86.033 -57.3 12.7
    endloop
  endfacet
  facet normal 0.831521 0.555494 1.50537e-19
    outer loop
      vertex 86.033 -57.3 6.7
      vertex 86.1783 -57.5175 12.7
      vertex 86.1783 -57.5175 6.7
    endloop
  endfacet
  facet normal -0.0653521 0.997862 0
    outer loop
      vertex 88.0261 -58.2829 6.7
      vertex 87.765 -58.3 12.7
      vertex 88.0261 -58.2829 12.7
    endloop
  endfacet
  facet normal -0.0653521 0.997862 0
    outer loop
      vertex 87.765 -58.3 12.7
      vertex 88.0261 -58.2829 6.7
      vertex 87.765 -58.3 6.7
    endloop
  endfacet
  facet normal 0.997862 0.0653521 -5.01015e-20
    outer loop
      vertex 85.7821 -56.5611 12.7
      vertex 85.765 -56.3 6.7
      vertex 85.765 -56.3 12.7
    endloop
  endfacet
  facet normal 0.997862 0.0653521 -5.01015e-20
    outer loop
      vertex 85.765 -56.3 6.7
      vertex 85.7821 -56.5611 12.7
      vertex 85.7821 -56.5611 6.7
    endloop
  endfacet
  facet normal 0.659343 0.751842 -0
    outer loop
      vertex 86.5475 -57.8867 6.7
      vertex 86.3508 -57.7142 12.7
      vertex 86.5475 -57.8867 12.7
    endloop
  endfacet
  facet normal 0.659343 0.751842 0
    outer loop
      vertex 86.3508 -57.7142 12.7
      vertex 86.5475 -57.8867 6.7
      vertex 86.3508 -57.7142 6.7
    endloop
  endfacet
  facet normal 0.442314 0.89686 -0
    outer loop
      vertex 86.9996 -58.1478 6.7
      vertex 86.765 -58.0321 12.7
      vertex 86.9996 -58.1478 12.7
    endloop
  endfacet
  facet normal 0.442314 0.89686 0
    outer loop
      vertex 86.765 -58.0321 12.7
      vertex 86.9996 -58.1478 6.7
      vertex 86.765 -58.0321 6.7
    endloop
  endfacet
  facet normal 0.751842 -0.659343 1.09598e-18
    outer loop
      vertex 86.1783 -55.0825 12.7
      vertex 86.3508 -54.8858 6.7
      vertex 86.3508 -54.8858 12.7
    endloop
  endfacet
  facet normal 0.751842 -0.659343 1.09598e-18
    outer loop
      vertex 86.3508 -54.8858 6.7
      vertex 86.1783 -55.0825 12.7
      vertex 86.1783 -55.0825 6.7
    endloop
  endfacet
  facet normal -0.980801 -0.195013 -1.16886e-19
    outer loop
      vertex -85.7821 -56.0389 6.7
      vertex -85.8331 -55.7824 12.7
      vertex -85.8331 -55.7824 6.7
    endloop
  endfacet
  facet normal -0.980801 -0.195013 -1.16886e-19
    outer loop
      vertex -85.8331 -55.7824 12.7
      vertex -85.7821 -56.0389 6.7
      vertex -85.7821 -56.0389 12.7
    endloop
  endfacet
  facet normal -0.997862 -0.0653521 -4.13552e-21
    outer loop
      vertex -85.765 -56.3 6.7
      vertex -85.7821 -56.0389 12.7
      vertex -85.7821 -56.0389 6.7
    endloop
  endfacet
  facet normal -0.997862 -0.0653521 -4.13552e-21
    outer loop
      vertex -85.7821 -56.0389 12.7
      vertex -85.765 -56.3 6.7
      vertex -85.765 -56.3 12.7
    endloop
  endfacet
  facet normal -0.94695 -0.321382 -1.03166e-18
    outer loop
      vertex -85.8331 -55.7824 6.7
      vertex -85.9172 -55.5346 12.7
      vertex -85.9172 -55.5346 6.7
    endloop
  endfacet
  facet normal -0.94695 -0.321382 -1.03166e-18
    outer loop
      vertex -85.9172 -55.5346 12.7
      vertex -85.8331 -55.7824 6.7
      vertex -85.8331 -55.7824 12.7
    endloop
  endfacet
  facet normal -0.896709 -0.442621 -1.01871e-18
    outer loop
      vertex -85.9172 -55.5346 6.7
      vertex -86.033 -55.3 12.7
      vertex -86.033 -55.3 6.7
    endloop
  endfacet
  facet normal -0.896709 -0.442621 -1.01871e-18
    outer loop
      vertex -86.033 -55.3 12.7
      vertex -85.9172 -55.5346 6.7
      vertex -85.9172 -55.5346 12.7
    endloop
  endfacet
  facet normal -0.442314 0.89686 0
    outer loop
      vertex -86.765 -58.0321 6.7
      vertex -86.9996 -58.1478 12.7
      vertex -86.765 -58.0321 12.7
    endloop
  endfacet
  facet normal -0.442314 0.89686 0
    outer loop
      vertex -86.9996 -58.1478 12.7
      vertex -86.765 -58.0321 6.7
      vertex -86.9996 -58.1478 6.7
    endloop
  endfacet
  facet normal 0.997862 -0.0653521 4.13552e-21
    outer loop
      vertex -89.765 -56.3 12.7
      vertex -89.7479 -56.0389 6.7
      vertex -89.7479 -56.0389 12.7
    endloop
  endfacet
  facet normal 0.997862 -0.0653521 4.13552e-21
    outer loop
      vertex -89.7479 -56.0389 6.7
      vertex -89.765 -56.3 12.7
      vertex -89.765 -56.3 6.7
    endloop
  endfacet
  facet normal -0.195381 0.980727 0
    outer loop
      vertex -87.2474 -58.2318 6.7
      vertex -87.5039 -58.2829 12.7
      vertex -87.2474 -58.2318 12.7
    endloop
  endfacet
  facet normal -0.195381 0.980727 0
    outer loop
      vertex -87.5039 -58.2829 12.7
      vertex -87.2474 -58.2318 6.7
      vertex -87.5039 -58.2829 6.7
    endloop
  endfacet
  facet normal 0.980801 0.195013 -1.16886e-19
    outer loop
      vertex -89.6969 -56.8176 12.7
      vertex -89.7479 -56.5611 6.7
      vertex -89.7479 -56.5611 12.7
    endloop
  endfacet
  facet normal 0.980801 0.195013 -1.16886e-19
    outer loop
      vertex -89.7479 -56.5611 6.7
      vertex -89.6969 -56.8176 12.7
      vertex -89.6969 -56.8176 6.7
    endloop
  endfacet
  facet normal -0.831521 0.555494 -1.50537e-19
    outer loop
      vertex -86.1783 -57.5175 6.7
      vertex -86.033 -57.3 12.7
      vertex -86.033 -57.3 6.7
    endloop
  endfacet
  facet normal -0.831521 0.555494 -1.50537e-19
    outer loop
      vertex -86.033 -57.3 12.7
      vertex -86.1783 -57.5175 6.7
      vertex -86.1783 -57.5175 12.7
    endloop
  endfacet
  facet normal -0.0653521 -0.997862 0
    outer loop
      vertex -87.765 -54.3 6.7
      vertex -87.5039 -54.3171 12.7
      vertex -87.765 -54.3 12.7
    endloop
  endfacet
  facet normal -0.0653521 -0.997862 -0
    outer loop
      vertex -87.5039 -54.3171 12.7
      vertex -87.765 -54.3 6.7
      vertex -87.5039 -54.3171 6.7
    endloop
  endfacet
  facet normal 0.896709 -0.442621 -1.01822e-18
    outer loop
      vertex -89.6128 -55.5346 12.7
      vertex -89.497 -55.3 6.7
      vertex -89.497 -55.3 12.7
    endloop
  endfacet
  facet normal 0.896709 -0.442621 -1.01822e-18
    outer loop
      vertex -89.497 -55.3 6.7
      vertex -89.6128 -55.5346 12.7
      vertex -89.6128 -55.5346 6.7
    endloop
  endfacet
  facet normal 0.321382 -0.94695 0
    outer loop
      vertex -88.5304 -54.4522 6.7
      vertex -88.2826 -54.3681 12.7
      vertex -88.5304 -54.4522 12.7
    endloop
  endfacet
  facet normal 0.321382 -0.94695 0
    outer loop
      vertex -88.2826 -54.3681 12.7
      vertex -88.5304 -54.4522 6.7
      vertex -88.2826 -54.3681 6.7
    endloop
  endfacet
  facet normal 0.0653521 -0.997862 0
    outer loop
      vertex -88.0261 -54.3171 6.7
      vertex -87.765 -54.3 12.7
      vertex -88.0261 -54.3171 12.7
    endloop
  endfacet
  facet normal 0.0653521 -0.997862 0
    outer loop
      vertex -87.765 -54.3 12.7
      vertex -88.0261 -54.3171 6.7
      vertex -87.765 -54.3 6.7
    endloop
  endfacet
  facet normal 0.751842 -0.659343 1.79617e-18
    outer loop
      vertex -89.3517 -55.0825 12.7
      vertex -89.1792 -54.8858 6.7
      vertex -89.1792 -54.8858 12.7
    endloop
  endfacet
  facet normal 0.751842 -0.659343 1.79617e-18
    outer loop
      vertex -89.1792 -54.8858 6.7
      vertex -89.3517 -55.0825 12.7
      vertex -89.3517 -55.0825 6.7
    endloop
  endfacet
  facet normal 0.980801 -0.195013 1.16886e-19
    outer loop
      vertex -89.7479 -56.0389 12.7
      vertex -89.6969 -55.7824 6.7
      vertex -89.6969 -55.7824 12.7
    endloop
  endfacet
  facet normal 0.980801 -0.195013 1.16886e-19
    outer loop
      vertex -89.6969 -55.7824 6.7
      vertex -89.7479 -56.0389 12.7
      vertex -89.7479 -56.0389 6.7
    endloop
  endfacet
  facet normal 0.751842 0.659343 -1.79617e-18
    outer loop
      vertex -89.1792 -57.7142 12.7
      vertex -89.3517 -57.5175 6.7
      vertex -89.3517 -57.5175 12.7
    endloop
  endfacet
  facet normal 0.751842 0.659343 -1.79617e-18
    outer loop
      vertex -89.3517 -57.5175 6.7
      vertex -89.1792 -57.7142 12.7
      vertex -89.1792 -57.7142 6.7
    endloop
  endfacet
  facet normal -0.659343 -0.751842 0
    outer loop
      vertex -86.5475 -54.7133 6.7
      vertex -86.3508 -54.8858 12.7
      vertex -86.5475 -54.7133 12.7
    endloop
  endfacet
  facet normal -0.659343 -0.751842 -0
    outer loop
      vertex -86.3508 -54.8858 12.7
      vertex -86.5475 -54.7133 6.7
      vertex -86.3508 -54.8858 6.7
    endloop
  endfacet
  facet normal -0.442314 -0.89686 0
    outer loop
      vertex -86.9996 -54.4522 6.7
      vertex -86.765 -54.5679 12.7
      vertex -86.9996 -54.4522 12.7
    endloop
  endfacet
  facet normal -0.442314 -0.89686 -0
    outer loop
      vertex -86.765 -54.5679 12.7
      vertex -86.9996 -54.4522 6.7
      vertex -86.765 -54.5679 6.7
    endloop
  endfacet
  facet normal -0.555758 -0.831344 0
    outer loop
      vertex -86.765 -54.5679 6.7
      vertex -86.5475 -54.7133 12.7
      vertex -86.765 -54.5679 12.7
    endloop
  endfacet
  facet normal -0.555758 -0.831344 -0
    outer loop
      vertex -86.5475 -54.7133 12.7
      vertex -86.765 -54.5679 6.7
      vertex -86.5475 -54.7133 6.7
    endloop
  endfacet
  facet normal 0.442314 0.89686 -0
    outer loop
      vertex -88.5304 -58.1478 6.7
      vertex -88.765 -58.0321 12.7
      vertex -88.5304 -58.1478 12.7
    endloop
  endfacet
  facet normal 0.442314 0.89686 0
    outer loop
      vertex -88.765 -58.0321 12.7
      vertex -88.5304 -58.1478 6.7
      vertex -88.765 -58.0321 6.7
    endloop
  endfacet
  facet normal -0.751842 -0.659343 -1.09598e-18
    outer loop
      vertex -86.1783 -55.0825 6.7
      vertex -86.3508 -54.8858 12.7
      vertex -86.3508 -54.8858 6.7
    endloop
  endfacet
  facet normal -0.751842 -0.659343 -1.09598e-18
    outer loop
      vertex -86.3508 -54.8858 12.7
      vertex -86.1783 -55.0825 6.7
      vertex -86.1783 -55.0825 12.7
    endloop
  endfacet
  facet normal 0.555758 -0.831344 0
    outer loop
      vertex -88.9825 -54.7133 6.7
      vertex -88.765 -54.5679 12.7
      vertex -88.9825 -54.7133 12.7
    endloop
  endfacet
  facet normal 0.555758 -0.831344 0
    outer loop
      vertex -88.765 -54.5679 12.7
      vertex -88.9825 -54.7133 6.7
      vertex -88.765 -54.5679 6.7
    endloop
  endfacet
  facet normal 0.442314 -0.89686 0
    outer loop
      vertex -88.765 -54.5679 6.7
      vertex -88.5304 -54.4522 12.7
      vertex -88.765 -54.5679 12.7
    endloop
  endfacet
  facet normal 0.442314 -0.89686 0
    outer loop
      vertex -88.5304 -54.4522 12.7
      vertex -88.765 -54.5679 6.7
      vertex -88.5304 -54.4522 6.7
    endloop
  endfacet
  facet normal 0.195381 0.980727 -0
    outer loop
      vertex -88.0261 -58.2829 6.7
      vertex -88.2826 -58.2318 12.7
      vertex -88.0261 -58.2829 12.7
    endloop
  endfacet
  facet normal 0.195381 0.980727 0
    outer loop
      vertex -88.2826 -58.2318 12.7
      vertex -88.0261 -58.2829 6.7
      vertex -88.2826 -58.2318 6.7
    endloop
  endfacet
  facet normal -0.0653521 0.997862 0
    outer loop
      vertex -87.5039 -58.2829 6.7
      vertex -87.765 -58.3 12.7
      vertex -87.5039 -58.2829 12.7
    endloop
  endfacet
  facet normal -0.0653521 0.997862 0
    outer loop
      vertex -87.765 -58.3 12.7
      vertex -87.5039 -58.2829 6.7
      vertex -87.765 -58.3 6.7
    endloop
  endfacet
  facet normal 0.896709 0.442621 1.01822e-18
    outer loop
      vertex -89.497 -57.3 12.7
      vertex -89.6128 -57.0654 6.7
      vertex -89.6128 -57.0654 12.7
    endloop
  endfacet
  facet normal 0.896709 0.442621 1.01822e-18
    outer loop
      vertex -89.6128 -57.0654 6.7
      vertex -89.497 -57.3 12.7
      vertex -89.497 -57.3 6.7
    endloop
  endfacet
  facet normal 0.831521 -0.555494 -1.68562e-18
    outer loop
      vertex -89.497 -55.3 12.7
      vertex -89.3517 -55.0825 6.7
      vertex -89.3517 -55.0825 12.7
    endloop
  endfacet
  facet normal 0.831521 -0.555494 -1.68562e-18
    outer loop
      vertex -89.3517 -55.0825 6.7
      vertex -89.497 -55.3 12.7
      vertex -89.497 -55.3 6.7
    endloop
  endfacet
  facet normal 0.831521 0.555494 -1.79485e-18
    outer loop
      vertex -89.3517 -57.5175 12.7
      vertex -89.497 -57.3 6.7
      vertex -89.497 -57.3 12.7
    endloop
  endfacet
  facet normal 0.831521 0.555494 -1.79485e-18
    outer loop
      vertex -89.497 -57.3 6.7
      vertex -89.3517 -57.5175 12.7
      vertex -89.3517 -57.5175 6.7
    endloop
  endfacet
  facet normal 0.321039 0.947066 -0
    outer loop
      vertex -88.2826 -58.2318 6.7
      vertex -88.5304 -58.1478 12.7
      vertex -88.2826 -58.2318 12.7
    endloop
  endfacet
  facet normal 0.321039 0.947066 0
    outer loop
      vertex -88.5304 -58.1478 12.7
      vertex -88.2826 -58.2318 6.7
      vertex -88.5304 -58.1478 6.7
    endloop
  endfacet
  facet normal 0.94695 -0.321382 1.00691e-18
    outer loop
      vertex -89.6969 -55.7824 12.7
      vertex -89.6128 -55.5346 6.7
      vertex -89.6128 -55.5346 12.7
    endloop
  endfacet
  facet normal 0.94695 -0.321382 1.00691e-18
    outer loop
      vertex -89.6128 -55.5346 6.7
      vertex -89.6969 -55.7824 12.7
      vertex -89.6969 -55.7824 6.7
    endloop
  endfacet
  facet normal -0.94695 0.321382 5.08398e-19
    outer loop
      vertex -85.9172 -57.0654 6.7
      vertex -85.8331 -56.8176 12.7
      vertex -85.8331 -56.8176 6.7
    endloop
  endfacet
  facet normal -0.94695 0.321382 5.08398e-19
    outer loop
      vertex -85.8331 -56.8176 12.7
      vertex -85.9172 -57.0654 6.7
      vertex -85.9172 -57.0654 12.7
    endloop
  endfacet
  facet normal -0.555758 0.831344 0
    outer loop
      vertex -86.5475 -57.8867 6.7
      vertex -86.765 -58.0321 12.7
      vertex -86.5475 -57.8867 12.7
    endloop
  endfacet
  facet normal -0.555758 0.831344 0
    outer loop
      vertex -86.765 -58.0321 12.7
      vertex -86.5475 -57.8867 6.7
      vertex -86.765 -58.0321 6.7
    endloop
  endfacet
  facet normal -0.831521 -0.555494 -7.90321e-19
    outer loop
      vertex -86.033 -55.3 6.7
      vertex -86.1783 -55.0825 12.7
      vertex -86.1783 -55.0825 6.7
    endloop
  endfacet
  facet normal -0.831521 -0.555494 -7.90321e-19
    outer loop
      vertex -86.1783 -55.0825 12.7
      vertex -86.033 -55.3 6.7
      vertex -86.033 -55.3 12.7
    endloop
  endfacet
  facet normal 0.659343 -0.751842 0
    outer loop
      vertex -89.1792 -54.8858 6.7
      vertex -88.9825 -54.7133 12.7
      vertex -89.1792 -54.8858 12.7
    endloop
  endfacet
  facet normal 0.659343 -0.751842 0
    outer loop
      vertex -88.9825 -54.7133 12.7
      vertex -89.1792 -54.8858 6.7
      vertex -88.9825 -54.7133 6.7
    endloop
  endfacet
  facet normal -0.321382 -0.94695 0
    outer loop
      vertex -87.2474 -54.3681 6.7
      vertex -86.9996 -54.4522 12.7
      vertex -87.2474 -54.3681 12.7
    endloop
  endfacet
  facet normal -0.321382 -0.94695 -0
    outer loop
      vertex -86.9996 -54.4522 12.7
      vertex -87.2474 -54.3681 6.7
      vertex -86.9996 -54.4522 6.7
    endloop
  endfacet
  facet normal 0.659343 0.751842 -0
    outer loop
      vertex -88.9825 -57.8867 6.7
      vertex -89.1792 -57.7142 12.7
      vertex -88.9825 -57.8867 12.7
    endloop
  endfacet
  facet normal 0.659343 0.751842 0
    outer loop
      vertex -89.1792 -57.7142 12.7
      vertex -88.9825 -57.8867 6.7
      vertex -89.1792 -57.7142 6.7
    endloop
  endfacet
  facet normal 0.0653521 0.997862 -0
    outer loop
      vertex -87.765 -58.3 6.7
      vertex -88.0261 -58.2829 12.7
      vertex -87.765 -58.3 12.7
    endloop
  endfacet
  facet normal 0.0653521 0.997862 0
    outer loop
      vertex -88.0261 -58.2829 12.7
      vertex -87.765 -58.3 6.7
      vertex -88.0261 -58.2829 6.7
    endloop
  endfacet
  facet normal 0.94695 0.321382 -4.83649e-19
    outer loop
      vertex -89.6128 -57.0654 12.7
      vertex -89.6969 -56.8176 6.7
      vertex -89.6969 -56.8176 12.7
    endloop
  endfacet
  facet normal 0.94695 0.321382 -4.83649e-19
    outer loop
      vertex -89.6969 -56.8176 6.7
      vertex -89.6128 -57.0654 12.7
      vertex -89.6128 -57.0654 6.7
    endloop
  endfacet
  facet normal -0.997862 0.0653521 5.01015e-20
    outer loop
      vertex -85.7821 -56.5611 6.7
      vertex -85.765 -56.3 12.7
      vertex -85.765 -56.3 6.7
    endloop
  endfacet
  facet normal -0.997862 0.0653521 5.01015e-20
    outer loop
      vertex -85.765 -56.3 12.7
      vertex -85.7821 -56.5611 6.7
      vertex -85.7821 -56.5611 12.7
    endloop
  endfacet
  facet normal -0.980801 0.195013 1.16886e-19
    outer loop
      vertex -85.8331 -56.8176 6.7
      vertex -85.7821 -56.5611 12.7
      vertex -85.7821 -56.5611 6.7
    endloop
  endfacet
  facet normal -0.980801 0.195013 1.16886e-19
    outer loop
      vertex -85.7821 -56.5611 12.7
      vertex -85.8331 -56.8176 6.7
      vertex -85.8331 -56.8176 12.7
    endloop
  endfacet
  facet normal -0.321039 0.947066 0
    outer loop
      vertex -86.9996 -58.1478 6.7
      vertex -87.2474 -58.2318 12.7
      vertex -86.9996 -58.1478 12.7
    endloop
  endfacet
  facet normal -0.321039 0.947066 0
    outer loop
      vertex -87.2474 -58.2318 12.7
      vertex -86.9996 -58.1478 6.7
      vertex -87.2474 -58.2318 6.7
    endloop
  endfacet
  facet normal 0.195013 -0.980801 0
    outer loop
      vertex -88.2826 -54.3681 6.7
      vertex -88.0261 -54.3171 12.7
      vertex -88.2826 -54.3681 12.7
    endloop
  endfacet
  facet normal 0.195013 -0.980801 0
    outer loop
      vertex -88.0261 -54.3171 12.7
      vertex -88.2826 -54.3681 6.7
      vertex -88.0261 -54.3171 6.7
    endloop
  endfacet
  facet normal -0.896709 0.442621 1.01871e-18
    outer loop
      vertex -86.033 -57.3 6.7
      vertex -85.9172 -57.0654 12.7
      vertex -85.9172 -57.0654 6.7
    endloop
  endfacet
  facet normal -0.896709 0.442621 1.01871e-18
    outer loop
      vertex -85.9172 -57.0654 12.7
      vertex -86.033 -57.3 6.7
      vertex -86.033 -57.3 12.7
    endloop
  endfacet
  facet normal -0.751842 0.659343 1.09598e-18
    outer loop
      vertex -86.3508 -57.7142 6.7
      vertex -86.1783 -57.5175 12.7
      vertex -86.1783 -57.5175 6.7
    endloop
  endfacet
  facet normal -0.751842 0.659343 1.09598e-18
    outer loop
      vertex -86.1783 -57.5175 12.7
      vertex -86.3508 -57.7142 6.7
      vertex -86.3508 -57.7142 12.7
    endloop
  endfacet
  facet normal 0.997862 0.0653521 -5.01015e-20
    outer loop
      vertex -89.7479 -56.5611 12.7
      vertex -89.765 -56.3 6.7
      vertex -89.765 -56.3 12.7
    endloop
  endfacet
  facet normal 0.997862 0.0653521 -5.01015e-20
    outer loop
      vertex -89.765 -56.3 6.7
      vertex -89.7479 -56.5611 12.7
      vertex -89.7479 -56.5611 6.7
    endloop
  endfacet
  facet normal 0.555758 0.831344 -0
    outer loop
      vertex -88.765 -58.0321 6.7
      vertex -88.9825 -57.8867 12.7
      vertex -88.765 -58.0321 12.7
    endloop
  endfacet
  facet normal 0.555758 0.831344 0
    outer loop
      vertex -88.9825 -57.8867 12.7
      vertex -88.765 -58.0321 6.7
      vertex -88.9825 -57.8867 6.7
    endloop
  endfacet
  facet normal 0 0 1
    outer loop
      vertex -85.7821 -56.0389 6.7
      vertex -85.7821 -56.5611 6.7
      vertex -85.765 -56.3 6.7
    endloop
  endfacet
  facet normal 0 0 1
    outer loop
      vertex -85.8331 -55.7824 6.7
      vertex -85.7821 -56.5611 6.7
      vertex -85.7821 -56.0389 6.7
    endloop
  endfacet
  facet normal 0 0 1
    outer loop
      vertex -85.8331 -55.7824 6.7
      vertex -85.8331 -56.8176 6.7
      vertex -85.7821 -56.5611 6.7
    endloop
  endfacet
  facet normal 0 0 1
    outer loop
      vertex -85.9172 -55.5346 6.7
      vertex -85.8331 -56.8176 6.7
      vertex -85.8331 -55.7824 6.7
    endloop
  endfacet
  facet normal 0 0 1
    outer loop
      vertex -85.9172 -55.5346 6.7
      vertex -85.9172 -57.0654 6.7
      vertex -85.8331 -56.8176 6.7
    endloop
  endfacet
  facet normal 0 0 1
    outer loop
      vertex -86.033 -55.3 6.7
      vertex -85.9172 -57.0654 6.7
      vertex -85.9172 -55.5346 6.7
    endloop
  endfacet
  facet normal 0 0 1
    outer loop
      vertex -86.033 -55.3 6.7
      vertex -86.033 -57.3 6.7
      vertex -85.9172 -57.0654 6.7
    endloop
  endfacet
  facet normal 0 0 1
    outer loop
      vertex -86.1783 -55.0825 6.7
      vertex -86.033 -57.3 6.7
      vertex -86.033 -55.3 6.7
    endloop
  endfacet
  facet normal 0 0 1
    outer loop
      vertex -86.1783 -55.0825 6.7
      vertex -86.1783 -57.5175 6.7
      vertex -86.033 -57.3 6.7
    endloop
  endfacet
  facet normal 0 0 1
    outer loop
      vertex -86.3508 -54.8858 6.7
      vertex -86.1783 -57.5175 6.7
      vertex -86.1783 -55.0825 6.7
    endloop
  endfacet
  facet normal 0 0 1
    outer loop
      vertex -86.3508 -54.8858 6.7
      vertex -86.3508 -57.7142 6.7
      vertex -86.1783 -57.5175 6.7
    endloop
  endfacet
  facet normal 0 0 1
    outer loop
      vertex -86.5475 -54.7133 6.7
      vertex -86.3508 -57.7142 6.7
      vertex -86.3508 -54.8858 6.7
    endloop
  endfacet
  facet normal 0 0 1
    outer loop
      vertex -86.5475 -54.7133 6.7
      vertex -86.5475 -57.8867 6.7
      vertex -86.3508 -57.7142 6.7
    endloop
  endfacet
  facet normal 0 0 1
    outer loop
      vertex -86.765 -54.5679 6.7
      vertex -86.5475 -57.8867 6.7
      vertex -86.5475 -54.7133 6.7
    endloop
  endfacet
  facet normal 0 0 1
    outer loop
      vertex -86.765 -54.5679 6.7
      vertex -86.765 -58.0321 6.7
      vertex -86.5475 -57.8867 6.7
    endloop
  endfacet
  facet normal 0 0 1
    outer loop
      vertex -86.9996 -54.4522 6.7
      vertex -86.765 -58.0321 6.7
      vertex -86.765 -54.5679 6.7
    endloop
  endfacet
  facet normal 0 0 1
    outer loop
      vertex -86.9996 -54.4522 6.7
      vertex -86.9996 -58.1478 6.7
      vertex -86.765 -58.0321 6.7
    endloop
  endfacet
  facet normal 0 0 1
    outer loop
      vertex -87.2474 -54.3681 6.7
      vertex -86.9996 -58.1478 6.7
      vertex -86.9996 -54.4522 6.7
    endloop
  endfacet
  facet normal 0 0 1
    outer loop
      vertex -87.2474 -54.3681 6.7
      vertex -87.2474 -58.2318 6.7
      vertex -86.9996 -58.1478 6.7
    endloop
  endfacet
  facet normal 0 0 1
    outer loop
      vertex -87.5039 -54.3171 6.7
      vertex -87.2474 -58.2318 6.7
      vertex -87.2474 -54.3681 6.7
    endloop
  endfacet
  facet normal 0 0 1
    outer loop
      vertex -87.5039 -54.3171 6.7
      vertex -87.5039 -58.2829 6.7
      vertex -87.2474 -58.2318 6.7
    endloop
  endfacet
  facet normal 0 0 1
    outer loop
      vertex -87.765 -54.3 6.7
      vertex -87.5039 -58.2829 6.7
      vertex -87.5039 -54.3171 6.7
    endloop
  endfacet
  facet normal 0 0 1
    outer loop
      vertex -87.765 -54.3 6.7
      vertex -87.765 -58.3 6.7
      vertex -87.5039 -58.2829 6.7
    endloop
  endfacet
  facet normal -0 0 1
    outer loop
      vertex -88.0261 -54.3171 6.7
      vertex -87.765 -58.3 6.7
      vertex -87.765 -54.3 6.7
    endloop
  endfacet
  facet normal 0 0 1
    outer loop
      vertex -88.0261 -54.3171 6.7
      vertex -88.0261 -58.2829 6.7
      vertex -87.765 -58.3 6.7
    endloop
  endfacet
  facet normal -0 0 1
    outer loop
      vertex -88.2826 -54.3681 6.7
      vertex -88.0261 -58.2829 6.7
      vertex -88.0261 -54.3171 6.7
    endloop
  endfacet
  facet normal 0 0 1
    outer loop
      vertex -88.2826 -54.3681 6.7
      vertex -88.2826 -58.2318 6.7
      vertex -88.0261 -58.2829 6.7
    endloop
  endfacet
  facet normal -0 0 1
    outer loop
      vertex -88.5304 -54.4522 6.7
      vertex -88.2826 -58.2318 6.7
      vertex -88.2826 -54.3681 6.7
    endloop
  endfacet
  facet normal 0 0 1
    outer loop
      vertex -88.5304 -54.4522 6.7
      vertex -88.5304 -58.1478 6.7
      vertex -88.2826 -58.2318 6.7
    endloop
  endfacet
  facet normal -0 0 1
    outer loop
      vertex -88.765 -54.5679 6.7
      vertex -88.5304 -58.1478 6.7
      vertex -88.5304 -54.4522 6.7
    endloop
  endfacet
  facet normal 0 0 1
    outer loop
      vertex -88.765 -54.5679 6.7
      vertex -88.765 -58.0321 6.7
      vertex -88.5304 -58.1478 6.7
    endloop
  endfacet
  facet normal -0 0 1
    outer loop
      vertex -88.9825 -54.7133 6.7
      vertex -88.765 -58.0321 6.7
      vertex -88.765 -54.5679 6.7
    endloop
  endfacet
  facet normal 0 0 1
    outer loop
      vertex -88.9825 -54.7133 6.7
      vertex -88.9825 -57.8867 6.7
      vertex -88.765 -58.0321 6.7
    endloop
  endfacet
  facet normal -0 0 1
    outer loop
      vertex -89.1792 -54.8858 6.7
      vertex -88.9825 -57.8867 6.7
      vertex -88.9825 -54.7133 6.7
    endloop
  endfacet
  facet normal 0 0 1
    outer loop
      vertex -89.1792 -54.8858 6.7
      vertex -89.1792 -57.7142 6.7
      vertex -88.9825 -57.8867 6.7
    endloop
  endfacet
  facet normal -0 0 1
    outer loop
      vertex -89.3517 -55.0825 6.7
      vertex -89.1792 -57.7142 6.7
      vertex -89.1792 -54.8858 6.7
    endloop
  endfacet
  facet normal 0 0 1
    outer loop
      vertex -89.3517 -55.0825 6.7
      vertex -89.3517 -57.5175 6.7
      vertex -89.1792 -57.7142 6.7
    endloop
  endfacet
  facet normal -0 0 1
    outer loop
      vertex -89.497 -55.3 6.7
      vertex -89.3517 -57.5175 6.7
      vertex -89.3517 -55.0825 6.7
    endloop
  endfacet
  facet normal 0 0 1
    outer loop
      vertex -89.497 -55.3 6.7
      vertex -89.497 -57.3 6.7
      vertex -89.3517 -57.5175 6.7
    endloop
  endfacet
  facet normal -0 0 1
    outer loop
      vertex -89.6128 -55.5346 6.7
      vertex -89.497 -57.3 6.7
      vertex -89.497 -55.3 6.7
    endloop
  endfacet
  facet normal 0 0 1
    outer loop
      vertex -89.6128 -55.5346 6.7
      vertex -89.6128 -57.0654 6.7
      vertex -89.497 -57.3 6.7
    endloop
  endfacet
  facet normal -0 0 1
    outer loop
      vertex -89.6969 -55.7824 6.7
      vertex -89.6128 -57.0654 6.7
      vertex -89.6128 -55.5346 6.7
    endloop
  endfacet
  facet normal 0 0 1
    outer loop
      vertex -89.6969 -55.7824 6.7
      vertex -89.6969 -56.8176 6.7
      vertex -89.6128 -57.0654 6.7
    endloop
  endfacet
  facet normal -0 0 1
    outer loop
      vertex -89.7479 -56.0389 6.7
      vertex -89.6969 -56.8176 6.7
      vertex -89.6969 -55.7824 6.7
    endloop
  endfacet
  facet normal 0 0 1
    outer loop
      vertex -89.7479 -56.0389 6.7
      vertex -89.7479 -56.5611 6.7
      vertex -89.6969 -56.8176 6.7
    endloop
  endfacet
  facet normal 0 -0 1
    outer loop
      vertex -89.7479 -56.5611 6.7
      vertex -89.7479 -56.0389 6.7
      vertex -89.765 -56.3 6.7
    endloop
  endfacet
  facet normal -0.195013 -0.980801 0
    outer loop
      vertex -87.5039 -54.3171 6.7
      vertex -87.2474 -54.3681 12.7
      vertex -87.5039 -54.3171 12.7
    endloop
  endfacet
  facet normal -0.195013 -0.980801 -0
    outer loop
      vertex -87.2474 -54.3681 12.7
      vertex -87.5039 -54.3171 6.7
      vertex -87.2474 -54.3681 6.7
    endloop
  endfacet
  facet normal -0.659343 0.751842 0
    outer loop
      vertex -86.3508 -57.7142 6.7
      vertex -86.5475 -57.8867 12.7
      vertex -86.3508 -57.7142 12.7
    endloop
  endfacet
  facet normal -0.659343 0.751842 0
    outer loop
      vertex -86.5475 -57.8867 12.7
      vertex -86.3508 -57.7142 6.7
      vertex -86.5475 -57.8867 6.7
    endloop
  endfacet
  facet normal 0.0653902 0.99786 -0
    outer loop
      vertex 87.765 -2 6.7
      vertex 87.5039 -1.98289 12.7
      vertex 87.765 -2 12.7
    endloop
  endfacet
  facet normal 0.0653902 0.99786 0
    outer loop
      vertex 87.5039 -1.98289 12.7
      vertex 87.765 -2 6.7
      vertex 87.5039 -1.98289 6.7
    endloop
  endfacet
  facet normal -0.980813 -0.194951 2.38247e-19
    outer loop
      vertex 89.7479 0.261052 6.7
      vertex 89.6969 0.517637 12.7
      vertex 89.6969 0.517637 6.7
    endloop
  endfacet
  facet normal -0.980813 -0.194951 2.38247e-19
    outer loop
      vertex 89.6969 0.517637 12.7
      vertex 89.7479 0.261052 6.7
      vertex 89.7479 0.261052 12.7
    endloop
  endfacet
  facet normal -0.997861 -0.0653641 2.2243e-19
    outer loop
      vertex 89.765 0 6.7
      vertex 89.7479 0.261052 12.7
      vertex 89.7479 0.261052 6.7
    endloop
  endfacet
  facet normal -0.997861 -0.0653641 2.2243e-19
    outer loop
      vertex 89.7479 0.261052 12.7
      vertex 89.765 0 6.7
      vertex 89.765 0 12.7
    endloop
  endfacet
  facet normal -0.946922 -0.321463 -1.1244e-19
    outer loop
      vertex 89.6969 0.517637 6.7
      vertex 89.6128 0.765367 12.7
      vertex 89.6128 0.765367 6.7
    endloop
  endfacet
  facet normal -0.946922 -0.321463 -1.1244e-19
    outer loop
      vertex 89.6128 0.765367 12.7
      vertex 89.6969 0.517637 6.7
      vertex 89.6969 0.517637 12.7
    endloop
  endfacet
  facet normal -0.442344 -0.896845 0
    outer loop
      vertex 88.5304 1.84776 6.7
      vertex 88.765 1.73205 12.7
      vertex 88.5304 1.84776 12.7
    endloop
  endfacet
  facet normal -0.442344 -0.896845 -0
    outer loop
      vertex 88.765 1.73205 12.7
      vertex 88.5304 1.84776 6.7
      vertex 88.765 1.73205 6.7
    endloop
  endfacet
  facet normal 0.5556 0.83145 -0
    outer loop
      vertex 86.765 -1.73205 6.7
      vertex 86.5475 -1.58671 12.7
      vertex 86.765 -1.73205 12.7
    endloop
  endfacet
  facet normal 0.5556 0.83145 0
    outer loop
      vertex 86.5475 -1.58671 12.7
      vertex 86.765 -1.73205 6.7
      vertex 86.5475 -1.58671 6.7
    endloop
  endfacet
  facet normal -0.321348 0.946961 0
    outer loop
      vertex 88.5304 -1.84776 6.7
      vertex 88.2826 -1.93185 12.7
      vertex 88.5304 -1.84776 12.7
    endloop
  endfacet
  facet normal -0.321348 0.946961 0
    outer loop
      vertex 88.2826 -1.93185 12.7
      vertex 88.5304 -1.84776 6.7
      vertex 88.2826 -1.93185 6.7
    endloop
  endfacet
  facet normal -0.896734 -0.442571 3.76321e-19
    outer loop
      vertex 89.6128 0.765367 6.7
      vertex 89.497 1 12.7
      vertex 89.497 1 6.7
    endloop
  endfacet
  facet normal -0.896734 -0.442571 3.76321e-19
    outer loop
      vertex 89.497 1 12.7
      vertex 89.6128 0.765367 6.7
      vertex 89.6128 0.765367 12.7
    endloop
  endfacet
  facet normal 0.659343 -0.751842 0
    outer loop
      vertex 86.3508 1.41421 6.7
      vertex 86.5475 1.58671 12.7
      vertex 86.3508 1.41421 12.7
    endloop
  endfacet
  facet normal 0.659343 -0.751842 0
    outer loop
      vertex 86.5475 1.58671 12.7
      vertex 86.3508 1.41421 6.7
      vertex 86.5475 1.58671 6.7
    endloop
  endfacet
  facet normal -0.997861 0.0653641 -2.2243e-19
    outer loop
      vertex 89.7479 -0.261052 6.7
      vertex 89.765 0 12.7
      vertex 89.765 0 6.7
    endloop
  endfacet
  facet normal -0.997861 0.0653641 -2.2243e-19
    outer loop
      vertex 89.765 0 12.7
      vertex 89.7479 -0.261052 6.7
      vertex 89.7479 -0.261052 12.7
    endloop
  endfacet
  facet normal 0.751826 -0.659362 1.18592e-18
    outer loop
      vertex 86.1783 1.21752 12.7
      vertex 86.3508 1.41421 6.7
      vertex 86.3508 1.41421 12.7
    endloop
  endfacet
  facet normal 0.751826 -0.659362 1.18592e-18
    outer loop
      vertex 86.3508 1.41421 6.7
      vertex 86.1783 1.21752 12.7
      vertex 86.1783 1.21752 6.7
    endloop
  endfacet
  facet normal -0.751826 0.659362 1.97666e-18
    outer loop
      vertex 89.1792 -1.41421 6.7
      vertex 89.3517 -1.21752 12.7
      vertex 89.3517 -1.21752 6.7
    endloop
  endfacet
  facet normal -0.751826 0.659362 1.97666e-18
    outer loop
      vertex 89.3517 -1.21752 12.7
      vertex 89.1792 -1.41421 6.7
      vertex 89.1792 -1.41421 12.7
    endloop
  endfacet
  facet normal 0.946922 -0.321463 7.70923e-19
    outer loop
      vertex 85.8331 0.517637 12.7
      vertex 85.9172 0.765367 6.7
      vertex 85.9172 0.765367 12.7
    endloop
  endfacet
  facet normal 0.946922 -0.321463 7.70923e-19
    outer loop
      vertex 85.9172 0.765367 6.7
      vertex 85.8331 0.517637 12.7
      vertex 85.8331 0.517637 6.7
    endloop
  endfacet
  facet normal 0.442344 -0.896845 0
    outer loop
      vertex 86.765 1.73205 6.7
      vertex 86.9996 1.84776 12.7
      vertex 86.765 1.73205 12.7
    endloop
  endfacet
  facet normal 0.442344 -0.896845 0
    outer loop
      vertex 86.9996 1.84776 12.7
      vertex 86.765 1.73205 6.7
      vertex 86.9996 1.84776 6.7
    endloop
  endfacet
  facet normal 0.659343 0.751842 -0
    outer loop
      vertex 86.5475 -1.58671 6.7
      vertex 86.3508 -1.41421 12.7
      vertex 86.5475 -1.58671 12.7
    endloop
  endfacet
  facet normal 0.659343 0.751842 0
    outer loop
      vertex 86.3508 -1.41421 12.7
      vertex 86.5475 -1.58671 6.7
      vertex 86.3508 -1.41421 6.7
    endloop
  endfacet
  facet normal -0.659343 -0.751842 0
    outer loop
      vertex 88.9825 1.58671 6.7
      vertex 89.1792 1.41421 12.7
      vertex 88.9825 1.58671 12.7
    endloop
  endfacet
  facet normal -0.659343 -0.751842 -0
    outer loop
      vertex 89.1792 1.41421 12.7
      vertex 88.9825 1.58671 6.7
      vertex 89.1792 1.41421 6.7
    endloop
  endfacet
  facet normal 0.831544 -0.555459 9.96628e-19
    outer loop
      vertex 86.033 1 12.7
      vertex 86.1783 1.21752 6.7
      vertex 86.1783 1.21752 12.7
    endloop
  endfacet
  facet normal 0.831544 -0.555459 9.96628e-19
    outer loop
      vertex 86.1783 1.21752 6.7
      vertex 86.033 1 12.7
      vertex 86.033 1 6.7
    endloop
  endfacet
  facet normal 0.321348 0.946961 -0
    outer loop
      vertex 87.2474 -1.93185 6.7
      vertex 86.9996 -1.84776 12.7
      vertex 87.2474 -1.93185 12.7
    endloop
  endfacet
  facet normal 0.321348 0.946961 0
    outer loop
      vertex 86.9996 -1.84776 12.7
      vertex 87.2474 -1.93185 6.7
      vertex 86.9996 -1.84776 6.7
    endloop
  endfacet
  facet normal -0.19516 0.980771 0
    outer loop
      vertex 88.2826 -1.93185 6.7
      vertex 88.0261 -1.98289 12.7
      vertex 88.2826 -1.93185 12.7
    endloop
  endfacet
  facet normal -0.19516 0.980771 0
    outer loop
      vertex 88.0261 -1.98289 12.7
      vertex 88.2826 -1.93185 6.7
      vertex 88.0261 -1.98289 6.7
    endloop
  endfacet
  facet normal -0.831544 -0.555459 1.29807e-18
    outer loop
      vertex 89.497 1 6.7
      vertex 89.3517 1.21752 12.7
      vertex 89.3517 1.21752 6.7
    endloop
  endfacet
  facet normal -0.831544 -0.555459 1.29807e-18
    outer loop
      vertex 89.3517 1.21752 12.7
      vertex 89.497 1 6.7
      vertex 89.497 1 12.7
    endloop
  endfacet
  facet normal -0.19516 -0.980771 0
    outer loop
      vertex 88.0261 1.98289 6.7
      vertex 88.2826 1.93185 12.7
      vertex 88.0261 1.98289 12.7
    endloop
  endfacet
  facet normal -0.19516 -0.980771 -0
    outer loop
      vertex 88.2826 1.93185 12.7
      vertex 88.0261 1.98289 6.7
      vertex 88.2826 1.93185 6.7
    endloop
  endfacet
  facet normal -0.946922 0.321463 1.1244e-19
    outer loop
      vertex 89.6128 -0.765367 6.7
      vertex 89.6969 -0.517637 12.7
      vertex 89.6969 -0.517637 6.7
    endloop
  endfacet
  facet normal -0.946922 0.321463 1.1244e-19
    outer loop
      vertex 89.6969 -0.517637 12.7
      vertex 89.6128 -0.765367 6.7
      vertex 89.6128 -0.765367 12.7
    endloop
  endfacet
  facet normal -0.5556 -0.83145 0
    outer loop
      vertex 88.765 1.73205 6.7
      vertex 88.9825 1.58671 12.7
      vertex 88.765 1.73205 12.7
    endloop
  endfacet
  facet normal -0.5556 -0.83145 -0
    outer loop
      vertex 88.9825 1.58671 12.7
      vertex 88.765 1.73205 6.7
      vertex 88.9825 1.58671 6.7
    endloop
  endfacet
  facet normal -0.751826 -0.659362 -1.97666e-18
    outer loop
      vertex 89.3517 1.21752 6.7
      vertex 89.1792 1.41421 12.7
      vertex 89.1792 1.41421 6.7
    endloop
  endfacet
  facet normal -0.751826 -0.659362 -1.97666e-18
    outer loop
      vertex 89.1792 1.41421 12.7
      vertex 89.3517 1.21752 6.7
      vertex 89.3517 1.21752 12.7
    endloop
  endfacet
  facet normal 0 0 1
    outer loop
      vertex 89.7479 0.261052 6.7
      vertex 89.7479 -0.261052 6.7
      vertex 89.765 0 6.7
    endloop
  endfacet
  facet normal 0 0 1
    outer loop
      vertex 89.6969 0.517637 6.7
      vertex 89.7479 -0.261052 6.7
      vertex 89.7479 0.261052 6.7
    endloop
  endfacet
  facet normal 0 0 1
    outer loop
      vertex 89.6969 0.517637 6.7
      vertex 89.6969 -0.517637 6.7
      vertex 89.7479 -0.261052 6.7
    endloop
  endfacet
  facet normal 0 0 1
    outer loop
      vertex 89.6128 0.765367 6.7
      vertex 89.6969 -0.517637 6.7
      vertex 89.6969 0.517637 6.7
    endloop
  endfacet
  facet normal 0 0 1
    outer loop
      vertex 89.6128 0.765367 6.7
      vertex 89.6128 -0.765367 6.7
      vertex 89.6969 -0.517637 6.7
    endloop
  endfacet
  facet normal 0 0 1
    outer loop
      vertex 89.497 1 6.7
      vertex 89.6128 -0.765367 6.7
      vertex 89.6128 0.765367 6.7
    endloop
  endfacet
  facet normal 0 0 1
    outer loop
      vertex 89.497 1 6.7
      vertex 89.497 -1 6.7
      vertex 89.6128 -0.765367 6.7
    endloop
  endfacet
  facet normal 0 0 1
    outer loop
      vertex 89.3517 1.21752 6.7
      vertex 89.497 -1 6.7
      vertex 89.497 1 6.7
    endloop
  endfacet
  facet normal 0 0 1
    outer loop
      vertex 89.3517 1.21752 6.7
      vertex 89.3517 -1.21752 6.7
      vertex 89.497 -1 6.7
    endloop
  endfacet
  facet normal 0 0 1
    outer loop
      vertex 89.1792 1.41421 6.7
      vertex 89.3517 -1.21752 6.7
      vertex 89.3517 1.21752 6.7
    endloop
  endfacet
  facet normal 0 0 1
    outer loop
      vertex 89.1792 1.41421 6.7
      vertex 89.1792 -1.41421 6.7
      vertex 89.3517 -1.21752 6.7
    endloop
  endfacet
  facet normal 0 0 1
    outer loop
      vertex 88.9825 1.58671 6.7
      vertex 89.1792 -1.41421 6.7
      vertex 89.1792 1.41421 6.7
    endloop
  endfacet
  facet normal 0 0 1
    outer loop
      vertex 88.9825 1.58671 6.7
      vertex 88.9825 -1.58671 6.7
      vertex 89.1792 -1.41421 6.7
    endloop
  endfacet
  facet normal 0 0 1
    outer loop
      vertex 88.765 1.73205 6.7
      vertex 88.9825 -1.58671 6.7
      vertex 88.9825 1.58671 6.7
    endloop
  endfacet
  facet normal 0 0 1
    outer loop
      vertex 88.765 1.73205 6.7
      vertex 88.765 -1.73205 6.7
      vertex 88.9825 -1.58671 6.7
    endloop
  endfacet
  facet normal 0 0 1
    outer loop
      vertex 88.5304 1.84776 6.7
      vertex 88.765 -1.73205 6.7
      vertex 88.765 1.73205 6.7
    endloop
  endfacet
  facet normal 0 0 1
    outer loop
      vertex 88.5304 1.84776 6.7
      vertex 88.5304 -1.84776 6.7
      vertex 88.765 -1.73205 6.7
    endloop
  endfacet
  facet normal 0 0 1
    outer loop
      vertex 88.2826 1.93185 6.7
      vertex 88.5304 -1.84776 6.7
      vertex 88.5304 1.84776 6.7
    endloop
  endfacet
  facet normal 0 0 1
    outer loop
      vertex 88.2826 1.93185 6.7
      vertex 88.2826 -1.93185 6.7
      vertex 88.5304 -1.84776 6.7
    endloop
  endfacet
  facet normal 0 0 1
    outer loop
      vertex 88.0261 1.98289 6.7
      vertex 88.2826 -1.93185 6.7
      vertex 88.2826 1.93185 6.7
    endloop
  endfacet
  facet normal 0 0 1
    outer loop
      vertex 88.0261 1.98289 6.7
      vertex 88.0261 -1.98289 6.7
      vertex 88.2826 -1.93185 6.7
    endloop
  endfacet
  facet normal 0 0 1
    outer loop
      vertex 87.765 2 6.7
      vertex 88.0261 -1.98289 6.7
      vertex 88.0261 1.98289 6.7
    endloop
  endfacet
  facet normal 0 0 1
    outer loop
      vertex 87.765 2 6.7
      vertex 87.765 -2 6.7
      vertex 88.0261 -1.98289 6.7
    endloop
  endfacet
  facet normal -0 0 1
    outer loop
      vertex 87.5039 1.98289 6.7
      vertex 87.765 -2 6.7
      vertex 87.765 2 6.7
    endloop
  endfacet
  facet normal 0 0 1
    outer loop
      vertex 87.5039 1.98289 6.7
      vertex 87.5039 -1.98289 6.7
      vertex 87.765 -2 6.7
    endloop
  endfacet
  facet normal -0 0 1
    outer loop
      vertex 87.2474 1.93185 6.7
      vertex 87.5039 -1.98289 6.7
      vertex 87.5039 1.98289 6.7
    endloop
  endfacet
  facet normal 0 0 1
    outer loop
      vertex 87.2474 1.93185 6.7
      vertex 87.2474 -1.93185 6.7
      vertex 87.5039 -1.98289 6.7
    endloop
  endfacet
  facet normal -0 0 1
    outer loop
      vertex 86.9996 1.84776 6.7
      vertex 87.2474 -1.93185 6.7
      vertex 87.2474 1.93185 6.7
    endloop
  endfacet
  facet normal 0 0 1
    outer loop
      vertex 86.9996 1.84776 6.7
      vertex 86.9996 -1.84776 6.7
      vertex 87.2474 -1.93185 6.7
    endloop
  endfacet
  facet normal -0 0 1
    outer loop
      vertex 86.765 1.73205 6.7
      vertex 86.9996 -1.84776 6.7
      vertex 86.9996 1.84776 6.7
    endloop
  endfacet
  facet normal 0 0 1
    outer loop
      vertex 86.765 1.73205 6.7
      vertex 86.765 -1.73205 6.7
      vertex 86.9996 -1.84776 6.7
    endloop
  endfacet
  facet normal -0 0 1
    outer loop
      vertex 86.5475 1.58671 6.7
      vertex 86.765 -1.73205 6.7
      vertex 86.765 1.73205 6.7
    endloop
  endfacet
  facet normal 0 0 1
    outer loop
      vertex 86.5475 1.58671 6.7
      vertex 86.5475 -1.58671 6.7
      vertex 86.765 -1.73205 6.7
    endloop
  endfacet
  facet normal -0 0 1
    outer loop
      vertex 86.3508 1.41421 6.7
      vertex 86.5475 -1.58671 6.7
      vertex 86.5475 1.58671 6.7
    endloop
  endfacet
  facet normal 0 0 1
    outer loop
      vertex 86.3508 1.41421 6.7
      vertex 86.3508 -1.41421 6.7
      vertex 86.5475 -1.58671 6.7
    endloop
  endfacet
  facet normal -0 0 1
    outer loop
      vertex 86.1783 1.21752 6.7
      vertex 86.3508 -1.41421 6.7
      vertex 86.3508 1.41421 6.7
    endloop
  endfacet
  facet normal 0 0 1
    outer loop
      vertex 86.1783 1.21752 6.7
      vertex 86.1783 -1.21752 6.7
      vertex 86.3508 -1.41421 6.7
    endloop
  endfacet
  facet normal -0 0 1
    outer loop
      vertex 86.033 1 6.7
      vertex 86.1783 -1.21752 6.7
      vertex 86.1783 1.21752 6.7
    endloop
  endfacet
  facet normal 0 0 1
    outer loop
      vertex 86.033 1 6.7
      vertex 86.033 -1 6.7
      vertex 86.1783 -1.21752 6.7
    endloop
  endfacet
  facet normal -0 0 1
    outer loop
      vertex 85.9172 0.765367 6.7
      vertex 86.033 -1 6.7
      vertex 86.033 1 6.7
    endloop
  endfacet
  facet normal 0 0 1
    outer loop
      vertex 85.9172 0.765367 6.7
      vertex 85.9172 -0.765367 6.7
      vertex 86.033 -1 6.7
    endloop
  endfacet
  facet normal -0 0 1
    outer loop
      vertex 85.8331 0.517637 6.7
      vertex 85.9172 -0.765367 6.7
      vertex 85.9172 0.765367 6.7
    endloop
  endfacet
  facet normal 0 0 1
    outer loop
      vertex 85.8331 0.517637 6.7
      vertex 85.8331 -0.517637 6.7
      vertex 85.9172 -0.765367 6.7
    endloop
  endfacet
  facet normal -0 0 1
    outer loop
      vertex 85.7821 0.261052 6.7
      vertex 85.8331 -0.517637 6.7
      vertex 85.8331 0.517637 6.7
    endloop
  endfacet
  facet normal 0 0 1
    outer loop
      vertex 85.7821 0.261052 6.7
      vertex 85.7821 -0.261052 6.7
      vertex 85.8331 -0.517637 6.7
    endloop
  endfacet
  facet normal 0 -0 1
    outer loop
      vertex 85.7821 -0.261052 6.7
      vertex 85.7821 0.261052 6.7
      vertex 85.765 0 6.7
    endloop
  endfacet
  facet normal 0.831544 0.555459 -9.96628e-19
    outer loop
      vertex 86.1783 -1.21752 12.7
      vertex 86.033 -1 6.7
      vertex 86.033 -1 12.7
    endloop
  endfacet
  facet normal 0.831544 0.555459 -9.96628e-19
    outer loop
      vertex 86.033 -1 6.7
      vertex 86.1783 -1.21752 12.7
      vertex 86.1783 -1.21752 6.7
    endloop
  endfacet
  facet normal 0.5556 -0.83145 0
    outer loop
      vertex 86.5475 1.58671 6.7
      vertex 86.765 1.73205 12.7
      vertex 86.5475 1.58671 12.7
    endloop
  endfacet
  facet normal 0.5556 -0.83145 0
    outer loop
      vertex 86.765 1.73205 12.7
      vertex 86.5475 1.58671 6.7
      vertex 86.765 1.73205 6.7
    endloop
  endfacet
  facet normal -0.0653902 0.99786 0
    outer loop
      vertex 88.0261 -1.98289 6.7
      vertex 87.765 -2 12.7
      vertex 88.0261 -1.98289 12.7
    endloop
  endfacet
  facet normal -0.0653902 0.99786 0
    outer loop
      vertex 87.765 -2 12.7
      vertex 88.0261 -1.98289 6.7
      vertex 87.765 -2 6.7
    endloop
  endfacet
  facet normal 0.321348 -0.946961 0
    outer loop
      vertex 86.9996 1.84776 6.7
      vertex 87.2474 1.93185 12.7
      vertex 86.9996 1.84776 12.7
    endloop
  endfacet
  facet normal 0.321348 -0.946961 0
    outer loop
      vertex 87.2474 1.93185 12.7
      vertex 86.9996 1.84776 6.7
      vertex 87.2474 1.93185 6.7
    endloop
  endfacet
  facet normal -0.321348 -0.946961 0
    outer loop
      vertex 88.2826 1.93185 6.7
      vertex 88.5304 1.84776 12.7
      vertex 88.2826 1.93185 12.7
    endloop
  endfacet
  facet normal -0.321348 -0.946961 -0
    outer loop
      vertex 88.5304 1.84776 12.7
      vertex 88.2826 1.93185 6.7
      vertex 88.5304 1.84776 6.7
    endloop
  endfacet
  facet normal -0.896734 0.442571 -3.76321e-19
    outer loop
      vertex 89.497 -1 6.7
      vertex 89.6128 -0.765367 12.7
      vertex 89.6128 -0.765367 6.7
    endloop
  endfacet
  facet normal -0.896734 0.442571 -3.76321e-19
    outer loop
      vertex 89.6128 -0.765367 12.7
      vertex 89.497 -1 6.7
      vertex 89.497 -1 12.7
    endloop
  endfacet
  facet normal -0.980813 0.194951 -2.38247e-19
    outer loop
      vertex 89.6969 -0.517637 6.7
      vertex 89.7479 -0.261052 12.7
      vertex 89.7479 -0.261052 6.7
    endloop
  endfacet
  facet normal -0.980813 0.194951 -2.38247e-19
    outer loop
      vertex 89.7479 -0.261052 12.7
      vertex 89.6969 -0.517637 6.7
      vertex 89.6969 -0.517637 12.7
    endloop
  endfacet
  facet normal 0.997861 -0.0653641 -2.2243e-19
    outer loop
      vertex 85.765 0 12.7
      vertex 85.7821 0.261052 6.7
      vertex 85.7821 0.261052 12.7
    endloop
  endfacet
  facet normal 0.997861 -0.0653641 -2.2243e-19
    outer loop
      vertex 85.7821 0.261052 6.7
      vertex 85.765 0 12.7
      vertex 85.765 0 6.7
    endloop
  endfacet
  facet normal 0.896734 0.442571 2.50866e-19
    outer loop
      vertex 86.033 -1 12.7
      vertex 85.9172 -0.765367 6.7
      vertex 85.9172 -0.765367 12.7
    endloop
  endfacet
  facet normal 0.896734 0.442571 2.50866e-19
    outer loop
      vertex 85.9172 -0.765367 6.7
      vertex 86.033 -1 12.7
      vertex 86.033 -1 6.7
    endloop
  endfacet
  facet normal 0.442344 0.896845 -0
    outer loop
      vertex 86.9996 -1.84776 6.7
      vertex 86.765 -1.73205 12.7
      vertex 86.9996 -1.84776 12.7
    endloop
  endfacet
  facet normal 0.442344 0.896845 0
    outer loop
      vertex 86.765 -1.73205 12.7
      vertex 86.9996 -1.84776 6.7
      vertex 86.765 -1.73205 6.7
    endloop
  endfacet
  facet normal 0.896734 -0.442571 -2.50866e-19
    outer loop
      vertex 85.9172 0.765367 12.7
      vertex 86.033 1 6.7
      vertex 86.033 1 12.7
    endloop
  endfacet
  facet normal 0.896734 -0.442571 -2.50866e-19
    outer loop
      vertex 86.033 1 6.7
      vertex 85.9172 0.765367 12.7
      vertex 85.9172 0.765367 6.7
    endloop
  endfacet
  facet normal 0.946922 0.321463 -7.70923e-19
    outer loop
      vertex 85.9172 -0.765367 12.7
      vertex 85.8331 -0.517637 6.7
      vertex 85.8331 -0.517637 12.7
    endloop
  endfacet
  facet normal 0.946922 0.321463 -7.70923e-19
    outer loop
      vertex 85.8331 -0.517637 6.7
      vertex 85.9172 -0.765367 12.7
      vertex 85.9172 -0.765367 6.7
    endloop
  endfacet
  facet normal 0.19516 0.980771 -0
    outer loop
      vertex 87.5039 -1.98289 6.7
      vertex 87.2474 -1.93185 12.7
      vertex 87.5039 -1.98289 12.7
    endloop
  endfacet
  facet normal 0.19516 0.980771 0
    outer loop
      vertex 87.2474 -1.93185 12.7
      vertex 87.5039 -1.98289 6.7
      vertex 87.2474 -1.93185 6.7
    endloop
  endfacet
  facet normal -0.831544 0.555459 -1.29807e-18
    outer loop
      vertex 89.3517 -1.21752 6.7
      vertex 89.497 -1 12.7
      vertex 89.497 -1 6.7
    endloop
  endfacet
  facet normal -0.831544 0.555459 -1.29807e-18
    outer loop
      vertex 89.497 -1 12.7
      vertex 89.3517 -1.21752 6.7
      vertex 89.3517 -1.21752 12.7
    endloop
  endfacet
  facet normal -0.442344 0.896845 0
    outer loop
      vertex 88.765 -1.73205 6.7
      vertex 88.5304 -1.84776 12.7
      vertex 88.765 -1.73205 12.7
    endloop
  endfacet
  facet normal -0.442344 0.896845 0
    outer loop
      vertex 88.5304 -1.84776 12.7
      vertex 88.765 -1.73205 6.7
      vertex 88.5304 -1.84776 6.7
    endloop
  endfacet
  facet normal -0.0653902 -0.99786 0
    outer loop
      vertex 87.765 2 6.7
      vertex 88.0261 1.98289 12.7
      vertex 87.765 2 12.7
    endloop
  endfacet
  facet normal -0.0653902 -0.99786 -0
    outer loop
      vertex 88.0261 1.98289 12.7
      vertex 87.765 2 6.7
      vertex 88.0261 1.98289 6.7
    endloop
  endfacet
  facet normal 0.980813 0.194951 2.38247e-19
    outer loop
      vertex 85.8331 -0.517637 12.7
      vertex 85.7821 -0.261052 6.7
      vertex 85.7821 -0.261052 12.7
    endloop
  endfacet
  facet normal 0.980813 0.194951 2.38247e-19
    outer loop
      vertex 85.7821 -0.261052 6.7
      vertex 85.8331 -0.517637 12.7
      vertex 85.8331 -0.517637 6.7
    endloop
  endfacet
  facet normal 0.19516 -0.980771 0
    outer loop
      vertex 87.2474 1.93185 6.7
      vertex 87.5039 1.98289 12.7
      vertex 87.2474 1.93185 12.7
    endloop
  endfacet
  facet normal 0.19516 -0.980771 0
    outer loop
      vertex 87.5039 1.98289 12.7
      vertex 87.2474 1.93185 6.7
      vertex 87.5039 1.98289 6.7
    endloop
  endfacet
  facet normal 0.980813 -0.194951 -2.38247e-19
    outer loop
      vertex 85.7821 0.261052 12.7
      vertex 85.8331 0.517637 6.7
      vertex 85.8331 0.517637 12.7
    endloop
  endfacet
  facet normal 0.980813 -0.194951 -2.38247e-19
    outer loop
      vertex 85.8331 0.517637 6.7
      vertex 85.7821 0.261052 12.7
      vertex 85.7821 0.261052 6.7
    endloop
  endfacet
  facet normal 0.0653902 -0.99786 0
    outer loop
      vertex 87.5039 1.98289 6.7
      vertex 87.765 2 12.7
      vertex 87.5039 1.98289 12.7
    endloop
  endfacet
  facet normal 0.0653902 -0.99786 0
    outer loop
      vertex 87.765 2 12.7
      vertex 87.5039 1.98289 6.7
      vertex 87.765 2 6.7
    endloop
  endfacet
  facet normal 0.997861 0.0653641 2.2243e-19
    outer loop
      vertex 85.7821 -0.261052 12.7
      vertex 85.765 0 6.7
      vertex 85.765 0 12.7
    endloop
  endfacet
  facet normal 0.997861 0.0653641 2.2243e-19
    outer loop
      vertex 85.765 0 6.7
      vertex 85.7821 -0.261052 12.7
      vertex 85.7821 -0.261052 6.7
    endloop
  endfacet
  facet normal 0.751826 0.659362 -1.18592e-18
    outer loop
      vertex 86.3508 -1.41421 12.7
      vertex 86.1783 -1.21752 6.7
      vertex 86.1783 -1.21752 12.7
    endloop
  endfacet
  facet normal 0.751826 0.659362 -1.18592e-18
    outer loop
      vertex 86.1783 -1.21752 6.7
      vertex 86.3508 -1.41421 12.7
      vertex 86.3508 -1.41421 6.7
    endloop
  endfacet
  facet normal -0.659343 0.751842 0
    outer loop
      vertex 89.1792 -1.41421 6.7
      vertex 88.9825 -1.58671 12.7
      vertex 89.1792 -1.41421 12.7
    endloop
  endfacet
  facet normal -0.659343 0.751842 0
    outer loop
      vertex 88.9825 -1.58671 12.7
      vertex 89.1792 -1.41421 6.7
      vertex 88.9825 -1.58671 6.7
    endloop
  endfacet
  facet normal -0.5556 0.83145 0
    outer loop
      vertex 88.9825 -1.58671 6.7
      vertex 88.765 -1.73205 12.7
      vertex 88.9825 -1.58671 12.7
    endloop
  endfacet
  facet normal -0.5556 0.83145 0
    outer loop
      vertex 88.765 -1.73205 12.7
      vertex 88.9825 -1.58671 6.7
      vertex 88.765 -1.73205 6.7
    endloop
  endfacet
  facet normal 0.831544 -0.555459 -1.29807e-18
    outer loop
      vertex -89.497 1 12.7
      vertex -89.3517 1.21752 6.7
      vertex -89.3517 1.21752 12.7
    endloop
  endfacet
  facet normal 0.831544 -0.555459 -1.29807e-18
    outer loop
      vertex -89.3517 1.21752 6.7
      vertex -89.497 1 12.7
      vertex -89.497 1 6.7
    endloop
  endfacet
  facet normal -0.980813 -0.194951 2.38247e-19
    outer loop
      vertex -85.7821 0.261052 6.7
      vertex -85.8331 0.517637 12.7
      vertex -85.8331 0.517637 6.7
    endloop
  endfacet
  facet normal -0.980813 -0.194951 2.38247e-19
    outer loop
      vertex -85.8331 0.517637 12.7
      vertex -85.7821 0.261052 6.7
      vertex -85.7821 0.261052 12.7
    endloop
  endfacet
  facet normal -0.997861 -0.0653641 2.2243e-19
    outer loop
      vertex -85.765 0 6.7
      vertex -85.7821 0.261052 12.7
      vertex -85.7821 0.261052 6.7
    endloop
  endfacet
  facet normal -0.997861 -0.0653641 2.2243e-19
    outer loop
      vertex -85.7821 0.261052 12.7
      vertex -85.765 0 6.7
      vertex -85.765 0 12.7
    endloop
  endfacet
  facet normal -0.946922 -0.321463 -7.70923e-19
    outer loop
      vertex -85.8331 0.517637 6.7
      vertex -85.9172 0.765367 12.7
      vertex -85.9172 0.765367 6.7
    endloop
  endfacet
  facet normal -0.946922 -0.321463 -7.70923e-19
    outer loop
      vertex -85.9172 0.765367 12.7
      vertex -85.8331 0.517637 6.7
      vertex -85.8331 0.517637 12.7
    endloop
  endfacet
  facet normal -0.896734 0.442571 -2.50866e-19
    outer loop
      vertex -86.033 -1 6.7
      vertex -85.9172 -0.765367 12.7
      vertex -85.9172 -0.765367 6.7
    endloop
  endfacet
  facet normal -0.896734 0.442571 -2.50866e-19
    outer loop
      vertex -85.9172 -0.765367 12.7
      vertex -86.033 -1 6.7
      vertex -86.033 -1 12.7
    endloop
  endfacet
  facet normal 0.831544 0.555459 1.29807e-18
    outer loop
      vertex -89.3517 -1.21752 12.7
      vertex -89.497 -1 6.7
      vertex -89.497 -1 12.7
    endloop
  endfacet
  facet normal 0.831544 0.555459 1.29807e-18
    outer loop
      vertex -89.497 -1 6.7
      vertex -89.3517 -1.21752 12.7
      vertex -89.3517 -1.21752 6.7
    endloop
  endfacet
  facet normal -0.442344 0.896845 0
    outer loop
      vertex -86.765 -1.73205 6.7
      vertex -86.9996 -1.84776 12.7
      vertex -86.765 -1.73205 12.7
    endloop
  endfacet
  facet normal -0.442344 0.896845 0
    outer loop
      vertex -86.9996 -1.84776 12.7
      vertex -86.765 -1.73205 6.7
      vertex -86.9996 -1.84776 6.7
    endloop
  endfacet
  facet normal -0.896734 -0.442571 2.50866e-19
    outer loop
      vertex -85.9172 0.765367 6.7
      vertex -86.033 1 12.7
      vertex -86.033 1 6.7
    endloop
  endfacet
  facet normal -0.896734 -0.442571 2.50866e-19
    outer loop
      vertex -86.033 1 12.7
      vertex -85.9172 0.765367 6.7
      vertex -85.9172 0.765367 12.7
    endloop
  endfacet
  facet normal 0.19516 -0.980771 0
    outer loop
      vertex -88.2826 1.93185 6.7
      vertex -88.0261 1.98289 12.7
      vertex -88.2826 1.93185 12.7
    endloop
  endfacet
  facet normal 0.19516 -0.980771 0
    outer loop
      vertex -88.0261 1.98289 12.7
      vertex -88.2826 1.93185 6.7
      vertex -88.0261 1.98289 6.7
    endloop
  endfacet
  facet normal 0.980813 -0.194951 -2.38247e-19
    outer loop
      vertex -89.7479 0.261052 12.7
      vertex -89.6969 0.517637 6.7
      vertex -89.6969 0.517637 12.7
    endloop
  endfacet
  facet normal 0.980813 -0.194951 -2.38247e-19
    outer loop
      vertex -89.6969 0.517637 6.7
      vertex -89.7479 0.261052 12.7
      vertex -89.7479 0.261052 6.7
    endloop
  endfacet
  facet normal 0.442344 -0.896845 0
    outer loop
      vertex -88.765 1.73205 6.7
      vertex -88.5304 1.84776 12.7
      vertex -88.765 1.73205 12.7
    endloop
  endfacet
  facet normal 0.442344 -0.896845 0
    outer loop
      vertex -88.5304 1.84776 12.7
      vertex -88.765 1.73205 6.7
      vertex -88.5304 1.84776 6.7
    endloop
  endfacet
  facet normal -0.946922 0.321463 7.70923e-19
    outer loop
      vertex -85.9172 -0.765367 6.7
      vertex -85.8331 -0.517637 12.7
      vertex -85.8331 -0.517637 6.7
    endloop
  endfacet
  facet normal -0.946922 0.321463 7.70923e-19
    outer loop
      vertex -85.8331 -0.517637 12.7
      vertex -85.9172 -0.765367 6.7
      vertex -85.9172 -0.765367 12.7
    endloop
  endfacet
  facet normal -0.997861 0.0653641 -2.2243e-19
    outer loop
      vertex -85.7821 -0.261052 6.7
      vertex -85.765 0 12.7
      vertex -85.765 0 6.7
    endloop
  endfacet
  facet normal -0.997861 0.0653641 -2.2243e-19
    outer loop
      vertex -85.765 0 12.7
      vertex -85.7821 -0.261052 6.7
      vertex -85.7821 -0.261052 12.7
    endloop
  endfacet
  facet normal -0.831544 -0.555459 -9.96628e-19
    outer loop
      vertex -86.033 1 6.7
      vertex -86.1783 1.21752 12.7
      vertex -86.1783 1.21752 6.7
    endloop
  endfacet
  facet normal -0.831544 -0.555459 -9.96628e-19
    outer loop
      vertex -86.1783 1.21752 12.7
      vertex -86.033 1 6.7
      vertex -86.033 1 12.7
    endloop
  endfacet
  facet normal 0.997861 -0.0653641 -2.2243e-19
    outer loop
      vertex -89.765 0 12.7
      vertex -89.7479 0.261052 6.7
      vertex -89.7479 0.261052 12.7
    endloop
  endfacet
  facet normal 0.997861 -0.0653641 -2.2243e-19
    outer loop
      vertex -89.7479 0.261052 6.7
      vertex -89.765 0 12.7
      vertex -89.765 0 6.7
    endloop
  endfacet
  facet normal -0.0653902 0.99786 0
    outer loop
      vertex -87.5039 -1.98289 6.7
      vertex -87.765 -2 12.7
      vertex -87.5039 -1.98289 12.7
    endloop
  endfacet
  facet normal -0.0653902 0.99786 0
    outer loop
      vertex -87.765 -2 12.7
      vertex -87.5039 -1.98289 6.7
      vertex -87.765 -2 6.7
    endloop
  endfacet
  facet normal 0.751826 -0.659362 1.97666e-18
    outer loop
      vertex -89.3517 1.21752 12.7
      vertex -89.1792 1.41421 6.7
      vertex -89.1792 1.41421 12.7
    endloop
  endfacet
  facet normal 0.751826 -0.659362 1.97666e-18
    outer loop
      vertex -89.1792 1.41421 6.7
      vertex -89.3517 1.21752 12.7
      vertex -89.3517 1.21752 6.7
    endloop
  endfacet
  facet normal -0.5556 -0.83145 0
    outer loop
      vertex -86.765 1.73205 6.7
      vertex -86.5475 1.58671 12.7
      vertex -86.765 1.73205 12.7
    endloop
  endfacet
  facet normal -0.5556 -0.83145 -0
    outer loop
      vertex -86.5475 1.58671 12.7
      vertex -86.765 1.73205 6.7
      vertex -86.5475 1.58671 6.7
    endloop
  endfacet
  facet normal -0.321348 0.946961 0
    outer loop
      vertex -86.9996 -1.84776 6.7
      vertex -87.2474 -1.93185 12.7
      vertex -86.9996 -1.84776 12.7
    endloop
  endfacet
  facet normal -0.321348 0.946961 0
    outer loop
      vertex -87.2474 -1.93185 12.7
      vertex -86.9996 -1.84776 6.7
      vertex -87.2474 -1.93185 6.7
    endloop
  endfacet
  facet normal -0.5556 0.83145 0
    outer loop
      vertex -86.5475 -1.58671 6.7
      vertex -86.765 -1.73205 12.7
      vertex -86.5475 -1.58671 12.7
    endloop
  endfacet
  facet normal -0.5556 0.83145 0
    outer loop
      vertex -86.765 -1.73205 12.7
      vertex -86.5475 -1.58671 6.7
      vertex -86.765 -1.73205 6.7
    endloop
  endfacet
  facet normal -0.751826 -0.659362 -1.18592e-18
    outer loop
      vertex -86.1783 1.21752 6.7
      vertex -86.3508 1.41421 12.7
      vertex -86.3508 1.41421 6.7
    endloop
  endfacet
  facet normal -0.751826 -0.659362 -1.18592e-18
    outer loop
      vertex -86.3508 1.41421 12.7
      vertex -86.1783 1.21752 6.7
      vertex -86.1783 1.21752 12.7
    endloop
  endfacet
  facet normal 0.5556 -0.83145 0
    outer loop
      vertex -88.9825 1.58671 6.7
      vertex -88.765 1.73205 12.7
      vertex -88.9825 1.58671 12.7
    endloop
  endfacet
  facet normal 0.5556 -0.83145 0
    outer loop
      vertex -88.765 1.73205 12.7
      vertex -88.9825 1.58671 6.7
      vertex -88.765 1.73205 6.7
    endloop
  endfacet
  facet normal 0.751826 0.659362 -1.97666e-18
    outer loop
      vertex -89.1792 -1.41421 12.7
      vertex -89.3517 -1.21752 6.7
      vertex -89.3517 -1.21752 12.7
    endloop
  endfacet
  facet normal 0.751826 0.659362 -1.97666e-18
    outer loop
      vertex -89.3517 -1.21752 6.7
      vertex -89.1792 -1.41421 12.7
      vertex -89.1792 -1.41421 6.7
    endloop
  endfacet
  facet normal 0.896734 -0.442571 -3.76321e-19
    outer loop
      vertex -89.6128 0.765367 12.7
      vertex -89.497 1 6.7
      vertex -89.497 1 12.7
    endloop
  endfacet
  facet normal 0.896734 -0.442571 -3.76321e-19
    outer loop
      vertex -89.497 1 6.7
      vertex -89.6128 0.765367 12.7
      vertex -89.6128 0.765367 6.7
    endloop
  endfacet
  facet normal -0.659343 -0.751842 0
    outer loop
      vertex -86.5475 1.58671 6.7
      vertex -86.3508 1.41421 12.7
      vertex -86.5475 1.58671 12.7
    endloop
  endfacet
  facet normal -0.659343 -0.751842 -0
    outer loop
      vertex -86.3508 1.41421 12.7
      vertex -86.5475 1.58671 6.7
      vertex -86.3508 1.41421 6.7
    endloop
  endfacet
  facet normal -0.442344 -0.896845 0
    outer loop
      vertex -86.9996 1.84776 6.7
      vertex -86.765 1.73205 12.7
      vertex -86.9996 1.84776 12.7
    endloop
  endfacet
  facet normal -0.442344 -0.896845 -0
    outer loop
      vertex -86.765 1.73205 12.7
      vertex -86.9996 1.84776 6.7
      vertex -86.765 1.73205 6.7
    endloop
  endfacet
  facet normal -0.831544 0.555459 9.96628e-19
    outer loop
      vertex -86.1783 -1.21752 6.7
      vertex -86.033 -1 12.7
      vertex -86.033 -1 6.7
    endloop
  endfacet
  facet normal -0.831544 0.555459 9.96628e-19
    outer loop
      vertex -86.033 -1 12.7
      vertex -86.1783 -1.21752 6.7
      vertex -86.1783 -1.21752 12.7
    endloop
  endfacet
  facet normal 0.896734 0.442571 3.76321e-19
    outer loop
      vertex -89.497 -1 12.7
      vertex -89.6128 -0.765367 6.7
      vertex -89.6128 -0.765367 12.7
    endloop
  endfacet
  facet normal 0.896734 0.442571 3.76321e-19
    outer loop
      vertex -89.6128 -0.765367 6.7
      vertex -89.497 -1 12.7
      vertex -89.497 -1 6.7
    endloop
  endfacet
  facet normal -0.980813 0.194951 -2.38247e-19
    outer loop
      vertex -85.8331 -0.517637 6.7
      vertex -85.7821 -0.261052 12.7
      vertex -85.7821 -0.261052 6.7
    endloop
  endfacet
  facet normal -0.980813 0.194951 -2.38247e-19
    outer loop
      vertex -85.7821 -0.261052 12.7
      vertex -85.8331 -0.517637 6.7
      vertex -85.8331 -0.517637 12.7
    endloop
  endfacet
  facet normal -0.0653902 -0.99786 0
    outer loop
      vertex -87.765 2 6.7
      vertex -87.5039 1.98289 12.7
      vertex -87.765 2 12.7
    endloop
  endfacet
  facet normal -0.0653902 -0.99786 -0
    outer loop
      vertex -87.5039 1.98289 12.7
      vertex -87.765 2 6.7
      vertex -87.5039 1.98289 6.7
    endloop
  endfacet
  facet normal 0.659343 -0.751842 0
    outer loop
      vertex -89.1792 1.41421 6.7
      vertex -88.9825 1.58671 12.7
      vertex -89.1792 1.41421 12.7
    endloop
  endfacet
  facet normal 0.659343 -0.751842 0
    outer loop
      vertex -88.9825 1.58671 12.7
      vertex -89.1792 1.41421 6.7
      vertex -88.9825 1.58671 6.7
    endloop
  endfacet
  facet normal 0.5556 0.83145 -0
    outer loop
      vertex -88.765 -1.73205 6.7
      vertex -88.9825 -1.58671 12.7
      vertex -88.765 -1.73205 12.7
    endloop
  endfacet
  facet normal 0.5556 0.83145 0
    outer loop
      vertex -88.9825 -1.58671 12.7
      vertex -88.765 -1.73205 6.7
      vertex -88.9825 -1.58671 6.7
    endloop
  endfacet
  facet normal -0.19516 0.980771 0
    outer loop
      vertex -87.2474 -1.93185 6.7
      vertex -87.5039 -1.98289 12.7
      vertex -87.2474 -1.93185 12.7
    endloop
  endfacet
  facet normal -0.19516 0.980771 0
    outer loop
      vertex -87.5039 -1.98289 12.7
      vertex -87.2474 -1.93185 6.7
      vertex -87.5039 -1.98289 6.7
    endloop
  endfacet
  facet normal 0.0653902 -0.99786 0
    outer loop
      vertex -88.0261 1.98289 6.7
      vertex -87.765 2 12.7
      vertex -88.0261 1.98289 12.7
    endloop
  endfacet
  facet normal 0.0653902 -0.99786 0
    outer loop
      vertex -87.765 2 12.7
      vertex -88.0261 1.98289 6.7
      vertex -87.765 2 6.7
    endloop
  endfacet
  facet normal 0.946922 0.321463 -1.1244e-19
    outer loop
      vertex -89.6128 -0.765367 12.7
      vertex -89.6969 -0.517637 6.7
      vertex -89.6969 -0.517637 12.7
    endloop
  endfacet
  facet normal 0.946922 0.321463 -1.1244e-19
    outer loop
      vertex -89.6969 -0.517637 6.7
      vertex -89.6128 -0.765367 12.7
      vertex -89.6128 -0.765367 6.7
    endloop
  endfacet
  facet normal 0.980813 0.194951 2.38247e-19
    outer loop
      vertex -89.6969 -0.517637 12.7
      vertex -89.7479 -0.261052 6.7
      vertex -89.7479 -0.261052 12.7
    endloop
  endfacet
  facet normal 0.980813 0.194951 2.38247e-19
    outer loop
      vertex -89.7479 -0.261052 6.7
      vertex -89.6969 -0.517637 12.7
      vertex -89.6969 -0.517637 6.7
    endloop
  endfacet
  facet normal 0 0 1
    outer loop
      vertex -85.7821 0.261052 6.7
      vertex -85.7821 -0.261052 6.7
      vertex -85.765 0 6.7
    endloop
  endfacet
  facet normal 0 0 1
    outer loop
      vertex -85.8331 0.517637 6.7
      vertex -85.7821 -0.261052 6.7
      vertex -85.7821 0.261052 6.7
    endloop
  endfacet
  facet normal 0 0 1
    outer loop
      vertex -85.8331 0.517637 6.7
      vertex -85.8331 -0.517637 6.7
      vertex -85.7821 -0.261052 6.7
    endloop
  endfacet
  facet normal 0 0 1
    outer loop
      vertex -85.9172 0.765367 6.7
      vertex -85.8331 -0.517637 6.7
      vertex -85.8331 0.517637 6.7
    endloop
  endfacet
  facet normal 0 0 1
    outer loop
      vertex -85.9172 0.765367 6.7
      vertex -85.9172 -0.765367 6.7
      vertex -85.8331 -0.517637 6.7
    endloop
  endfacet
  facet normal 0 0 1
    outer loop
      vertex -86.033 1 6.7
      vertex -85.9172 -0.765367 6.7
      vertex -85.9172 0.765367 6.7
    endloop
  endfacet
  facet normal 0 0 1
    outer loop
      vertex -86.033 1 6.7
      vertex -86.033 -1 6.7
      vertex -85.9172 -0.765367 6.7
    endloop
  endfacet
  facet normal 0 0 1
    outer loop
      vertex -86.1783 1.21752 6.7
      vertex -86.033 -1 6.7
      vertex -86.033 1 6.7
    endloop
  endfacet
  facet normal 0 0 1
    outer loop
      vertex -86.1783 1.21752 6.7
      vertex -86.1783 -1.21752 6.7
      vertex -86.033 -1 6.7
    endloop
  endfacet
  facet normal 0 0 1
    outer loop
      vertex -86.3508 1.41421 6.7
      vertex -86.1783 -1.21752 6.7
      vertex -86.1783 1.21752 6.7
    endloop
  endfacet
  facet normal 0 0 1
    outer loop
      vertex -86.3508 1.41421 6.7
      vertex -86.3508 -1.41421 6.7
      vertex -86.1783 -1.21752 6.7
    endloop
  endfacet
  facet normal 0 0 1
    outer loop
      vertex -86.5475 1.58671 6.7
      vertex -86.3508 -1.41421 6.7
      vertex -86.3508 1.41421 6.7
    endloop
  endfacet
  facet normal 0 0 1
    outer loop
      vertex -86.5475 1.58671 6.7
      vertex -86.5475 -1.58671 6.7
      vertex -86.3508 -1.41421 6.7
    endloop
  endfacet
  facet normal 0 0 1
    outer loop
      vertex -86.765 1.73205 6.7
      vertex -86.5475 -1.58671 6.7
      vertex -86.5475 1.58671 6.7
    endloop
  endfacet
  facet normal 0 0 1
    outer loop
      vertex -86.765 1.73205 6.7
      vertex -86.765 -1.73205 6.7
      vertex -86.5475 -1.58671 6.7
    endloop
  endfacet
  facet normal 0 0 1
    outer loop
      vertex -86.9996 1.84776 6.7
      vertex -86.765 -1.73205 6.7
      vertex -86.765 1.73205 6.7
    endloop
  endfacet
  facet normal 0 0 1
    outer loop
      vertex -86.9996 1.84776 6.7
      vertex -86.9996 -1.84776 6.7
      vertex -86.765 -1.73205 6.7
    endloop
  endfacet
  facet normal 0 0 1
    outer loop
      vertex -87.2474 1.93185 6.7
      vertex -86.9996 -1.84776 6.7
      vertex -86.9996 1.84776 6.7
    endloop
  endfacet
  facet normal 0 0 1
    outer loop
      vertex -87.2474 1.93185 6.7
      vertex -87.2474 -1.93185 6.7
      vertex -86.9996 -1.84776 6.7
    endloop
  endfacet
  facet normal 0 0 1
    outer loop
      vertex -87.5039 1.98289 6.7
      vertex -87.2474 -1.93185 6.7
      vertex -87.2474 1.93185 6.7
    endloop
  endfacet
  facet normal 0 0 1
    outer loop
      vertex -87.5039 1.98289 6.7
      vertex -87.5039 -1.98289 6.7
      vertex -87.2474 -1.93185 6.7
    endloop
  endfacet
  facet normal 0 0 1
    outer loop
      vertex -87.765 2 6.7
      vertex -87.5039 -1.98289 6.7
      vertex -87.5039 1.98289 6.7
    endloop
  endfacet
  facet normal 0 0 1
    outer loop
      vertex -87.765 2 6.7
      vertex -87.765 -2 6.7
      vertex -87.5039 -1.98289 6.7
    endloop
  endfacet
  facet normal -0 0 1
    outer loop
      vertex -88.0261 1.98289 6.7
      vertex -87.765 -2 6.7
      vertex -87.765 2 6.7
    endloop
  endfacet
  facet normal 0 0 1
    outer loop
      vertex -88.0261 1.98289 6.7
      vertex -88.0261 -1.98289 6.7
      vertex -87.765 -2 6.7
    endloop
  endfacet
  facet normal -0 0 1
    outer loop
      vertex -88.2826 1.93185 6.7
      vertex -88.0261 -1.98289 6.7
      vertex -88.0261 1.98289 6.7
    endloop
  endfacet
  facet normal 0 0 1
    outer loop
      vertex -88.2826 1.93185 6.7
      vertex -88.2826 -1.93185 6.7
      vertex -88.0261 -1.98289 6.7
    endloop
  endfacet
  facet normal -0 0 1
    outer loop
      vertex -88.5304 1.84776 6.7
      vertex -88.2826 -1.93185 6.7
      vertex -88.2826 1.93185 6.7
    endloop
  endfacet
  facet normal 0 0 1
    outer loop
      vertex -88.5304 1.84776 6.7
      vertex -88.5304 -1.84776 6.7
      vertex -88.2826 -1.93185 6.7
    endloop
  endfacet
  facet normal -0 0 1
    outer loop
      vertex -88.765 1.73205 6.7
      vertex -88.5304 -1.84776 6.7
      vertex -88.5304 1.84776 6.7
    endloop
  endfacet
  facet normal 0 0 1
    outer loop
      vertex -88.765 1.73205 6.7
      vertex -88.765 -1.73205 6.7
      vertex -88.5304 -1.84776 6.7
    endloop
  endfacet
  facet normal -0 0 1
    outer loop
      vertex -88.9825 1.58671 6.7
      vertex -88.765 -1.73205 6.7
      vertex -88.765 1.73205 6.7
    endloop
  endfacet
  facet normal 0 0 1
    outer loop
      vertex -88.9825 1.58671 6.7
      vertex -88.9825 -1.58671 6.7
      vertex -88.765 -1.73205 6.7
    endloop
  endfacet
  facet normal -0 0 1
    outer loop
      vertex -89.1792 1.41421 6.7
      vertex -88.9825 -1.58671 6.7
      vertex -88.9825 1.58671 6.7
    endloop
  endfacet
  facet normal 0 0 1
    outer loop
      vertex -89.1792 1.41421 6.7
      vertex -89.1792 -1.41421 6.7
      vertex -88.9825 -1.58671 6.7
    endloop
  endfacet
  facet normal -0 0 1
    outer loop
      vertex -89.3517 1.21752 6.7
      vertex -89.1792 -1.41421 6.7
      vertex -89.1792 1.41421 6.7
    endloop
  endfacet
  facet normal 0 0 1
    outer loop
      vertex -89.3517 1.21752 6.7
      vertex -89.3517 -1.21752 6.7
      vertex -89.1792 -1.41421 6.7
    endloop
  endfacet
  facet normal -0 0 1
    outer loop
      vertex -89.497 1 6.7
      vertex -89.3517 -1.21752 6.7
      vertex -89.3517 1.21752 6.7
    endloop
  endfacet
  facet normal 0 0 1
    outer loop
      vertex -89.497 1 6.7
      vertex -89.497 -1 6.7
      vertex -89.3517 -1.21752 6.7
    endloop
  endfacet
  facet normal -0 0 1
    outer loop
      vertex -89.6128 0.765367 6.7
      vertex -89.497 -1 6.7
      vertex -89.497 1 6.7
    endloop
  endfacet
  facet normal 0 0 1
    outer loop
      vertex -89.6128 0.765367 6.7
      vertex -89.6128 -0.765367 6.7
      vertex -89.497 -1 6.7
    endloop
  endfacet
  facet normal -0 0 1
    outer loop
      vertex -89.6969 0.517637 6.7
      vertex -89.6128 -0.765367 6.7
      vertex -89.6128 0.765367 6.7
    endloop
  endfacet
  facet normal 0 0 1
    outer loop
      vertex -89.6969 0.517637 6.7
      vertex -89.6969 -0.517637 6.7
      vertex -89.6128 -0.765367 6.7
    endloop
  endfacet
  facet normal -0 0 1
    outer loop
      vertex -89.7479 0.261052 6.7
      vertex -89.6969 -0.517637 6.7
      vertex -89.6969 0.517637 6.7
    endloop
  endfacet
  facet normal 0 0 1
    outer loop
      vertex -89.7479 0.261052 6.7
      vertex -89.7479 -0.261052 6.7
      vertex -89.6969 -0.517637 6.7
    endloop
  endfacet
  facet normal 0 -0 1
    outer loop
      vertex -89.7479 -0.261052 6.7
      vertex -89.7479 0.261052 6.7
      vertex -89.765 0 6.7
    endloop
  endfacet
  facet normal -0.321348 -0.946961 0
    outer loop
      vertex -87.2474 1.93185 6.7
      vertex -86.9996 1.84776 12.7
      vertex -87.2474 1.93185 12.7
    endloop
  endfacet
  facet normal -0.321348 -0.946961 -0
    outer loop
      vertex -86.9996 1.84776 12.7
      vertex -87.2474 1.93185 6.7
      vertex -86.9996 1.84776 6.7
    endloop
  endfacet
  facet normal 0.442344 0.896845 -0
    outer loop
      vertex -88.5304 -1.84776 6.7
      vertex -88.765 -1.73205 12.7
      vertex -88.5304 -1.84776 12.7
    endloop
  endfacet
  facet normal 0.442344 0.896845 0
    outer loop
      vertex -88.765 -1.73205 12.7
      vertex -88.5304 -1.84776 6.7
      vertex -88.765 -1.73205 6.7
    endloop
  endfacet
  facet normal -0.19516 -0.980771 0
    outer loop
      vertex -87.5039 1.98289 6.7
      vertex -87.2474 1.93185 12.7
      vertex -87.5039 1.98289 12.7
    endloop
  endfacet
  facet normal -0.19516 -0.980771 -0
    outer loop
      vertex -87.2474 1.93185 12.7
      vertex -87.5039 1.98289 6.7
      vertex -87.2474 1.93185 6.7
    endloop
  endfacet
  facet normal 0.997861 0.0653641 2.2243e-19
    outer loop
      vertex -89.7479 -0.261052 12.7
      vertex -89.765 0 6.7
      vertex -89.765 0 12.7
    endloop
  endfacet
  facet normal 0.997861 0.0653641 2.2243e-19
    outer loop
      vertex -89.765 0 6.7
      vertex -89.7479 -0.261052 12.7
      vertex -89.7479 -0.261052 6.7
    endloop
  endfacet
  facet normal 0.321348 -0.946961 0
    outer loop
      vertex -88.5304 1.84776 6.7
      vertex -88.2826 1.93185 12.7
      vertex -88.5304 1.84776 12.7
    endloop
  endfacet
  facet normal 0.321348 -0.946961 0
    outer loop
      vertex -88.2826 1.93185 12.7
      vertex -88.5304 1.84776 6.7
      vertex -88.2826 1.93185 6.7
    endloop
  endfacet
  facet normal 0.946922 -0.321463 1.1244e-19
    outer loop
      vertex -89.6969 0.517637 12.7
      vertex -89.6128 0.765367 6.7
      vertex -89.6128 0.765367 12.7
    endloop
  endfacet
  facet normal 0.946922 -0.321463 1.1244e-19
    outer loop
      vertex -89.6128 0.765367 6.7
      vertex -89.6969 0.517637 12.7
      vertex -89.6969 0.517637 6.7
    endloop
  endfacet
  facet normal -0.751826 0.659362 1.18592e-18
    outer loop
      vertex -86.3508 -1.41421 6.7
      vertex -86.1783 -1.21752 12.7
      vertex -86.1783 -1.21752 6.7
    endloop
  endfacet
  facet normal -0.751826 0.659362 1.18592e-18
    outer loop
      vertex -86.1783 -1.21752 12.7
      vertex -86.3508 -1.41421 6.7
      vertex -86.3508 -1.41421 12.7
    endloop
  endfacet
  facet normal -0.659343 0.751842 0
    outer loop
      vertex -86.3508 -1.41421 6.7
      vertex -86.5475 -1.58671 12.7
      vertex -86.3508 -1.41421 12.7
    endloop
  endfacet
  facet normal -0.659343 0.751842 0
    outer loop
      vertex -86.5475 -1.58671 12.7
      vertex -86.3508 -1.41421 6.7
      vertex -86.5475 -1.58671 6.7
    endloop
  endfacet
  facet normal 0.19516 0.980771 -0
    outer loop
      vertex -88.0261 -1.98289 6.7
      vertex -88.2826 -1.93185 12.7
      vertex -88.0261 -1.98289 12.7
    endloop
  endfacet
  facet normal 0.19516 0.980771 0
    outer loop
      vertex -88.2826 -1.93185 12.7
      vertex -88.0261 -1.98289 6.7
      vertex -88.2826 -1.93185 6.7
    endloop
  endfacet
  facet normal 0.0653902 0.99786 -0
    outer loop
      vertex -87.765 -2 6.7
      vertex -88.0261 -1.98289 12.7
      vertex -87.765 -2 12.7
    endloop
  endfacet
  facet normal 0.0653902 0.99786 0
    outer loop
      vertex -88.0261 -1.98289 12.7
      vertex -87.765 -2 6.7
      vertex -88.0261 -1.98289 6.7
    endloop
  endfacet
  facet normal 0.659343 0.751842 -0
    outer loop
      vertex -88.9825 -1.58671 6.7
      vertex -89.1792 -1.41421 12.7
      vertex -88.9825 -1.58671 12.7
    endloop
  endfacet
  facet normal 0.659343 0.751842 0
    outer loop
      vertex -89.1792 -1.41421 12.7
      vertex -88.9825 -1.58671 6.7
      vertex -89.1792 -1.41421 6.7
    endloop
  endfacet
  facet normal 0.321348 0.946961 -0
    outer loop
      vertex -88.2826 -1.93185 6.7
      vertex -88.5304 -1.84776 12.7
      vertex -88.2826 -1.93185 12.7
    endloop
  endfacet
  facet normal 0.321348 0.946961 0
    outer loop
      vertex -88.5304 -1.84776 12.7
      vertex -88.2826 -1.93185 6.7
      vertex -88.5304 -1.84776 6.7
    endloop
  endfacet
  facet normal -0.321463 0.946922 0
    outer loop
      vertex 0.765367 54.4522 6.7
      vertex 0.517637 54.3681 12.7
      vertex 0.765367 54.4522 12.7
    endloop
  endfacet
  facet normal -0.321463 0.946922 0
    outer loop
      vertex 0.517637 54.3681 12.7
      vertex 0.765367 54.4522 6.7
      vertex 0.517637 54.3681 6.7
    endloop
  endfacet
  facet normal -0.980771 -0.19516 4.92854e-19
    outer loop
      vertex 1.98289 56.5611 6.7
      vertex 1.93185 56.8176 12.7
      vertex 1.93185 56.8176 6.7
    endloop
  endfacet
  facet normal -0.980771 -0.19516 4.92854e-19
    outer loop
      vertex 1.93185 56.8176 12.7
      vertex 1.98289 56.5611 6.7
      vertex 1.98289 56.5611 12.7
    endloop
  endfacet
  facet normal -0.99786 -0.0653902 6.39372e-20
    outer loop
      vertex 2 56.3 6.7
      vertex 1.98289 56.5611 12.7
      vertex 1.98289 56.5611 6.7
    endloop
  endfacet
  facet normal -0.99786 -0.0653902 6.39372e-20
    outer loop
      vertex 1.98289 56.5611 12.7
      vertex 2 56.3 6.7
      vertex 2 56.3 12.7
    endloop
  endfacet
  facet normal 0.99786 0.0653902 1.55162e-19
    outer loop
      vertex -1.98289 56.0389 12.7
      vertex -2 56.3 6.7
      vertex -2 56.3 12.7
    endloop
  endfacet
  facet normal 0.99786 0.0653902 1.55162e-19
    outer loop
      vertex -2 56.3 6.7
      vertex -1.98289 56.0389 12.7
      vertex -1.98289 56.0389 6.7
    endloop
  endfacet
  facet normal -0.555723 0.831368 0
    outer loop
      vertex 1.21752 54.7133 6.7
      vertex 1 54.5679 12.7
      vertex 1.21752 54.7133 12.7
    endloop
  endfacet
  facet normal -0.555723 0.831368 0
    outer loop
      vertex 1 54.5679 12.7
      vertex 1.21752 54.7133 6.7
      vertex 1 54.5679 6.7
    endloop
  endfacet
  facet normal -0.896845 0.442344 -2.00998e-19
    outer loop
      vertex 1.73205 55.3 6.7
      vertex 1.84776 55.5346 12.7
      vertex 1.84776 55.5346 6.7
    endloop
  endfacet
  facet normal -0.896845 0.442344 -2.00998e-19
    outer loop
      vertex 1.84776 55.5346 12.7
      vertex 1.73205 55.3 6.7
      vertex 1.73205 55.3 12.7
    endloop
  endfacet
  facet normal 0.442264 -0.896885 0
    outer loop
      vertex -1 58.0321 6.7
      vertex -0.765367 58.1478 12.7
      vertex -1 58.0321 12.7
    endloop
  endfacet
  facet normal 0.442264 -0.896885 0
    outer loop
      vertex -0.765367 58.1478 12.7
      vertex -1 58.0321 6.7
      vertex -0.765367 58.1478 6.7
    endloop
  endfacet
  facet normal -0.659362 -0.751826 0
    outer loop
      vertex 1.21752 57.8867 6.7
      vertex 1.41421 57.7142 12.7
      vertex 1.21752 57.8867 12.7
    endloop
  endfacet
  facet normal -0.659362 -0.751826 -0
    outer loop
      vertex 1.41421 57.7142 12.7
      vertex 1.21752 57.8867 6.7
      vertex 1.41421 57.7142 6.7
    endloop
  endfacet
  facet normal 0.99786 -0.0653902 -6.39372e-20
    outer loop
      vertex -2 56.3 12.7
      vertex -1.98289 56.5611 6.7
      vertex -1.98289 56.5611 12.7
    endloop
  endfacet
  facet normal 0.99786 -0.0653902 -6.39372e-20
    outer loop
      vertex -1.98289 56.5611 6.7
      vertex -2 56.3 12.7
      vertex -2 56.3 6.7
    endloop
  endfacet
  facet normal -0.194951 0.980813 0
    outer loop
      vertex 0.517637 54.3681 6.7
      vertex 0.261052 54.3171 12.7
      vertex 0.517637 54.3681 12.7
    endloop
  endfacet
  facet normal -0.194951 0.980813 0
    outer loop
      vertex 0.261052 54.3171 12.7
      vertex 0.517637 54.3681 6.7
      vertex 0.261052 54.3171 6.7
    endloop
  endfacet
  facet normal 0.555723 -0.831368 0
    outer loop
      vertex -1.21752 57.8867 6.7
      vertex -1 58.0321 12.7
      vertex -1.21752 57.8867 12.7
    endloop
  endfacet
  facet normal 0.555723 -0.831368 0
    outer loop
      vertex -1 58.0321 12.7
      vertex -1.21752 57.8867 6.7
      vertex -1 58.0321 6.7
    endloop
  endfacet
  facet normal 0.896845 -0.442344 -2.00998e-19
    outer loop
      vertex -1.84776 57.0654 12.7
      vertex -1.73205 57.3 6.7
      vertex -1.73205 57.3 12.7
    endloop
  endfacet
  facet normal 0.896845 -0.442344 -2.00998e-19
    outer loop
      vertex -1.73205 57.3 6.7
      vertex -1.84776 57.0654 12.7
      vertex -1.84776 57.0654 6.7
    endloop
  endfacet
  facet normal -0.946961 0.321348 -2.13689e-19
    outer loop
      vertex 1.84776 55.5346 6.7
      vertex 1.93185 55.7824 12.7
      vertex 1.93185 55.7824 6.7
    endloop
  endfacet
  facet normal -0.946961 0.321348 -2.13689e-19
    outer loop
      vertex 1.93185 55.7824 12.7
      vertex 1.84776 55.5346 6.7
      vertex 1.84776 55.5346 12.7
    endloop
  endfacet
  facet normal 0.896845 0.442344 2.00998e-19
    outer loop
      vertex -1.73205 55.3 12.7
      vertex -1.84776 55.5346 6.7
      vertex -1.84776 55.5346 12.7
    endloop
  endfacet
  facet normal 0.896845 0.442344 2.00998e-19
    outer loop
      vertex -1.84776 55.5346 6.7
      vertex -1.73205 55.3 12.7
      vertex -1.73205 55.3 6.7
    endloop
  endfacet
  facet normal -0.442264 -0.896885 0
    outer loop
      vertex 0.765367 58.1478 6.7
      vertex 1 58.0321 12.7
      vertex 0.765367 58.1478 12.7
    endloop
  endfacet
  facet normal -0.442264 -0.896885 -0
    outer loop
      vertex 1 58.0321 12.7
      vertex 0.765367 58.1478 6.7
      vertex 1 58.0321 6.7
    endloop
  endfacet
  facet normal -0.321121 -0.947038 0
    outer loop
      vertex 0.517637 58.2318 6.7
      vertex 0.765367 58.1478 12.7
      vertex 0.517637 58.2318 12.7
    endloop
  endfacet
  facet normal -0.321121 -0.947038 -0
    outer loop
      vertex 0.765367 58.1478 12.7
      vertex 0.517637 58.2318 6.7
      vertex 0.765367 58.1478 6.7
    endloop
  endfacet
  facet normal 0.83145 0.5556 5.99722e-19
    outer loop
      vertex -1.58671 55.0825 12.7
      vertex -1.73205 55.3 6.7
      vertex -1.73205 55.3 12.7
    endloop
  endfacet
  facet normal 0.83145 0.5556 5.99722e-19
    outer loop
      vertex -1.73205 55.3 6.7
      vertex -1.58671 55.0825 12.7
      vertex -1.58671 55.0825 6.7
    endloop
  endfacet
  facet normal 0.946961 0.321348 2.13689e-19
    outer loop
      vertex -1.84776 55.5346 12.7
      vertex -1.93185 55.7824 6.7
      vertex -1.93185 55.7824 12.7
    endloop
  endfacet
  facet normal 0.946961 0.321348 2.13689e-19
    outer loop
      vertex -1.93185 55.7824 6.7
      vertex -1.84776 55.5346 12.7
      vertex -1.84776 55.5346 6.7
    endloop
  endfacet
  facet normal 0.659362 0.751826 -0
    outer loop
      vertex -1.21752 54.7133 6.7
      vertex -1.41421 54.8858 12.7
      vertex -1.21752 54.7133 12.7
    endloop
  endfacet
  facet normal 0.659362 0.751826 0
    outer loop
      vertex -1.41421 54.8858 12.7
      vertex -1.21752 54.7133 6.7
      vertex -1.41421 54.8858 6.7
    endloop
  endfacet
  facet normal -0.442264 0.896885 0
    outer loop
      vertex 1 54.5679 6.7
      vertex 0.765367 54.4522 12.7
      vertex 1 54.5679 12.7
    endloop
  endfacet
  facet normal -0.442264 0.896885 0
    outer loop
      vertex 0.765367 54.4522 12.7
      vertex 1 54.5679 6.7
      vertex 0.765367 54.4522 6.7
    endloop
  endfacet
  facet normal -0.659362 0.751826 0
    outer loop
      vertex 1.41421 54.8858 6.7
      vertex 1.21752 54.7133 12.7
      vertex 1.41421 54.8858 12.7
    endloop
  endfacet
  facet normal -0.659362 0.751826 0
    outer loop
      vertex 1.21752 54.7133 12.7
      vertex 1.41421 54.8858 6.7
      vertex 1.21752 54.7133 6.7
    endloop
  endfacet
  facet normal -0.195319 -0.98074 0
    outer loop
      vertex 0.261052 58.2829 6.7
      vertex 0.517637 58.2318 12.7
      vertex 0.261052 58.2829 12.7
    endloop
  endfacet
  facet normal -0.195319 -0.98074 -0
    outer loop
      vertex 0.517637 58.2318 12.7
      vertex 0.261052 58.2829 6.7
      vertex 0.517637 58.2318 6.7
    endloop
  endfacet
  facet normal 0.751842 0.659343 -1.27986e-18
    outer loop
      vertex -1.41421 54.8858 12.7
      vertex -1.58671 55.0825 6.7
      vertex -1.58671 55.0825 12.7
    endloop
  endfacet
  facet normal 0.751842 0.659343 -1.27986e-18
    outer loop
      vertex -1.58671 55.0825 6.7
      vertex -1.41421 54.8858 12.7
      vertex -1.41421 54.8858 6.7
    endloop
  endfacet
  facet normal -0.980771 0.19516 -4.92854e-19
    outer loop
      vertex 1.93185 55.7824 6.7
      vertex 1.98289 56.0389 12.7
      vertex 1.98289 56.0389 6.7
    endloop
  endfacet
  facet normal -0.980771 0.19516 -4.92854e-19
    outer loop
      vertex 1.98289 56.0389 12.7
      vertex 1.93185 55.7824 6.7
      vertex 1.93185 55.7824 12.7
    endloop
  endfacet
  facet normal -0.83145 0.5556 -5.99722e-19
    outer loop
      vertex 1.58671 55.0825 6.7
      vertex 1.73205 55.3 12.7
      vertex 1.73205 55.3 6.7
    endloop
  endfacet
  facet normal -0.83145 0.5556 -5.99722e-19
    outer loop
      vertex 1.73205 55.3 12.7
      vertex 1.58671 55.0825 6.7
      vertex 1.58671 55.0825 12.7
    endloop
  endfacet
  facet normal -0.83145 -0.5556 1.35942e-18
    outer loop
      vertex 1.73205 57.3 6.7
      vertex 1.58671 57.5175 12.7
      vertex 1.58671 57.5175 6.7
    endloop
  endfacet
  facet normal -0.83145 -0.5556 1.35942e-18
    outer loop
      vertex 1.58671 57.5175 12.7
      vertex 1.73205 57.3 6.7
      vertex 1.73205 57.3 12.7
    endloop
  endfacet
  facet normal 0 0 1
    outer loop
      vertex 1.98289 56.5611 6.7
      vertex 1.98289 56.0389 6.7
      vertex 2 56.3 6.7
    endloop
  endfacet
  facet normal 0 0 1
    outer loop
      vertex 1.93185 56.8176 6.7
      vertex 1.98289 56.0389 6.7
      vertex 1.98289 56.5611 6.7
    endloop
  endfacet
  facet normal 0 0 1
    outer loop
      vertex 1.93185 56.8176 6.7
      vertex 1.93185 55.7824 6.7
      vertex 1.98289 56.0389 6.7
    endloop
  endfacet
  facet normal 0 0 1
    outer loop
      vertex 1.84776 57.0654 6.7
      vertex 1.93185 55.7824 6.7
      vertex 1.93185 56.8176 6.7
    endloop
  endfacet
  facet normal 0 0 1
    outer loop
      vertex 1.84776 57.0654 6.7
      vertex 1.84776 55.5346 6.7
      vertex 1.93185 55.7824 6.7
    endloop
  endfacet
  facet normal 0 0 1
    outer loop
      vertex 1.73205 57.3 6.7
      vertex 1.84776 55.5346 6.7
      vertex 1.84776 57.0654 6.7
    endloop
  endfacet
  facet normal 0 0 1
    outer loop
      vertex 1.73205 57.3 6.7
      vertex 1.73205 55.3 6.7
      vertex 1.84776 55.5346 6.7
    endloop
  endfacet
  facet normal 0 0 1
    outer loop
      vertex 1.58671 57.5175 6.7
      vertex 1.73205 55.3 6.7
      vertex 1.73205 57.3 6.7
    endloop
  endfacet
  facet normal 0 0 1
    outer loop
      vertex 1.58671 57.5175 6.7
      vertex 1.58671 55.0825 6.7
      vertex 1.73205 55.3 6.7
    endloop
  endfacet
  facet normal 0 0 1
    outer loop
      vertex 1.41421 57.7142 6.7
      vertex 1.58671 55.0825 6.7
      vertex 1.58671 57.5175 6.7
    endloop
  endfacet
  facet normal 0 0 1
    outer loop
      vertex 1.41421 57.7142 6.7
      vertex 1.41421 54.8858 6.7
      vertex 1.58671 55.0825 6.7
    endloop
  endfacet
  facet normal 0 0 1
    outer loop
      vertex 1.21752 57.8867 6.7
      vertex 1.41421 54.8858 6.7
      vertex 1.41421 57.7142 6.7
    endloop
  endfacet
  facet normal 0 0 1
    outer loop
      vertex 1.21752 57.8867 6.7
      vertex 1.21752 54.7133 6.7
      vertex 1.41421 54.8858 6.7
    endloop
  endfacet
  facet normal 0 0 1
    outer loop
      vertex 1 58.0321 6.7
      vertex 1.21752 54.7133 6.7
      vertex 1.21752 57.8867 6.7
    endloop
  endfacet
  facet normal 0 0 1
    outer loop
      vertex 1 58.0321 6.7
      vertex 1 54.5679 6.7
      vertex 1.21752 54.7133 6.7
    endloop
  endfacet
  facet normal 0 0 1
    outer loop
      vertex 0.765367 58.1478 6.7
      vertex 1 54.5679 6.7
      vertex 1 58.0321 6.7
    endloop
  endfacet
  facet normal 0 0 1
    outer loop
      vertex 0.765367 58.1478 6.7
      vertex 0.765367 54.4522 6.7
      vertex 1 54.5679 6.7
    endloop
  endfacet
  facet normal 0 0 1
    outer loop
      vertex 0.517637 58.2318 6.7
      vertex 0.765367 54.4522 6.7
      vertex 0.765367 58.1478 6.7
    endloop
  endfacet
  facet normal 0 0 1
    outer loop
      vertex 0.517637 58.2318 6.7
      vertex 0.517637 54.3681 6.7
      vertex 0.765367 54.4522 6.7
    endloop
  endfacet
  facet normal 0 0 1
    outer loop
      vertex 0.261052 58.2829 6.7
      vertex 0.517637 54.3681 6.7
      vertex 0.517637 58.2318 6.7
    endloop
  endfacet
  facet normal 0 0 1
    outer loop
      vertex 0.261052 58.2829 6.7
      vertex 0.261052 54.3171 6.7
      vertex 0.517637 54.3681 6.7
    endloop
  endfacet
  facet normal 0 0 1
    outer loop
      vertex 0 58.3 6.7
      vertex 0.261052 54.3171 6.7
      vertex 0.261052 58.2829 6.7
    endloop
  endfacet
  facet normal 0 0 1
    outer loop
      vertex 0 58.3 6.7
      vertex 0 54.3 6.7
      vertex 0.261052 54.3171 6.7
    endloop
  endfacet
  facet normal -0 0 1
    outer loop
      vertex -0.261052 58.2829 6.7
      vertex 0 54.3 6.7
      vertex 0 58.3 6.7
    endloop
  endfacet
  facet normal 0 0 1
    outer loop
      vertex -0.261052 58.2829 6.7
      vertex -0.261052 54.3171 6.7
      vertex 0 54.3 6.7
    endloop
  endfacet
  facet normal -0 0 1
    outer loop
      vertex -0.517637 58.2318 6.7
      vertex -0.261052 54.3171 6.7
      vertex -0.261052 58.2829 6.7
    endloop
  endfacet
  facet normal 0 0 1
    outer loop
      vertex -0.517637 58.2318 6.7
      vertex -0.517637 54.3681 6.7
      vertex -0.261052 54.3171 6.7
    endloop
  endfacet
  facet normal -0 0 1
    outer loop
      vertex -0.765367 58.1478 6.7
      vertex -0.517637 54.3681 6.7
      vertex -0.517637 58.2318 6.7
    endloop
  endfacet
  facet normal 0 0 1
    outer loop
      vertex -0.765367 58.1478 6.7
      vertex -0.765367 54.4522 6.7
      vertex -0.517637 54.3681 6.7
    endloop
  endfacet
  facet normal -0 0 1
    outer loop
      vertex -1 58.0321 6.7
      vertex -0.765367 54.4522 6.7
      vertex -0.765367 58.1478 6.7
    endloop
  endfacet
  facet normal 0 0 1
    outer loop
      vertex -1 58.0321 6.7
      vertex -1 54.5679 6.7
      vertex -0.765367 54.4522 6.7
    endloop
  endfacet
  facet normal -0 0 1
    outer loop
      vertex -1.21752 57.8867 6.7
      vertex -1 54.5679 6.7
      vertex -1 58.0321 6.7
    endloop
  endfacet
  facet normal 0 0 1
    outer loop
      vertex -1.21752 57.8867 6.7
      vertex -1.21752 54.7133 6.7
      vertex -1 54.5679 6.7
    endloop
  endfacet
  facet normal -0 0 1
    outer loop
      vertex -1.41421 57.7142 6.7
      vertex -1.21752 54.7133 6.7
      vertex -1.21752 57.8867 6.7
    endloop
  endfacet
  facet normal 0 0 1
    outer loop
      vertex -1.41421 57.7142 6.7
      vertex -1.41421 54.8858 6.7
      vertex -1.21752 54.7133 6.7
    endloop
  endfacet
  facet normal -0 0 1
    outer loop
      vertex -1.58671 57.5175 6.7
      vertex -1.41421 54.8858 6.7
      vertex -1.41421 57.7142 6.7
    endloop
  endfacet
  facet normal 0 0 1
    outer loop
      vertex -1.58671 57.5175 6.7
      vertex -1.58671 55.0825 6.7
      vertex -1.41421 54.8858 6.7
    endloop
  endfacet
  facet normal -0 0 1
    outer loop
      vertex -1.73205 57.3 6.7
      vertex -1.58671 55.0825 6.7
      vertex -1.58671 57.5175 6.7
    endloop
  endfacet
  facet normal 0 0 1
    outer loop
      vertex -1.73205 57.3 6.7
      vertex -1.73205 55.3 6.7
      vertex -1.58671 55.0825 6.7
    endloop
  endfacet
  facet normal -0 0 1
    outer loop
      vertex -1.84776 57.0654 6.7
      vertex -1.73205 55.3 6.7
      vertex -1.73205 57.3 6.7
    endloop
  endfacet
  facet normal 0 0 1
    outer loop
      vertex -1.84776 57.0654 6.7
      vertex -1.84776 55.5346 6.7
      vertex -1.73205 55.3 6.7
    endloop
  endfacet
  facet normal -0 0 1
    outer loop
      vertex -1.93185 56.8176 6.7
      vertex -1.84776 55.5346 6.7
      vertex -1.84776 57.0654 6.7
    endloop
  endfacet
  facet normal 0 0 1
    outer loop
      vertex -1.93185 56.8176 6.7
      vertex -1.93185 55.7824 6.7
      vertex -1.84776 55.5346 6.7
    endloop
  endfacet
  facet normal -0 0 1
    outer loop
      vertex -1.98289 56.5611 6.7
      vertex -1.93185 55.7824 6.7
      vertex -1.93185 56.8176 6.7
    endloop
  endfacet
  facet normal 0 0 1
    outer loop
      vertex -1.98289 56.5611 6.7
      vertex -1.98289 56.0389 6.7
      vertex -1.93185 55.7824 6.7
    endloop
  endfacet
  facet normal 0 -0 1
    outer loop
      vertex -1.98289 56.0389 6.7
      vertex -1.98289 56.5611 6.7
      vertex -2 56.3 6.7
    endloop
  endfacet
  facet normal 0.946961 -0.321348 -6.91699e-19
    outer loop
      vertex -1.93185 56.8176 12.7
      vertex -1.84776 57.0654 6.7
      vertex -1.84776 57.0654 12.7
    endloop
  endfacet
  facet normal 0.946961 -0.321348 -6.91699e-19
    outer loop
      vertex -1.84776 57.0654 6.7
      vertex -1.93185 56.8176 12.7
      vertex -1.93185 56.8176 6.7
    endloop
  endfacet
  facet normal -0.751842 -0.659343 -1.27986e-18
    outer loop
      vertex 1.58671 57.5175 6.7
      vertex 1.41421 57.7142 12.7
      vertex 1.41421 57.7142 6.7
    endloop
  endfacet
  facet normal -0.751842 -0.659343 -1.27986e-18
    outer loop
      vertex 1.41421 57.7142 12.7
      vertex 1.58671 57.5175 6.7
      vertex 1.58671 57.5175 12.7
    endloop
  endfacet
  facet normal 0.0653641 0.997861 -0
    outer loop
      vertex 0 54.3 6.7
      vertex -0.261052 54.3171 12.7
      vertex 0 54.3 12.7
    endloop
  endfacet
  facet normal 0.0653641 0.997861 0
    outer loop
      vertex -0.261052 54.3171 12.7
      vertex 0 54.3 6.7
      vertex -0.261052 54.3171 6.7
    endloop
  endfacet
  facet normal 0.0653641 -0.997861 0
    outer loop
      vertex -0.261052 58.2829 6.7
      vertex 0 58.3 12.7
      vertex -0.261052 58.2829 12.7
    endloop
  endfacet
  facet normal 0.0653641 -0.997861 0
    outer loop
      vertex 0 58.3 12.7
      vertex -0.261052 58.2829 6.7
      vertex 0 58.3 6.7
    endloop
  endfacet
  facet normal 0.980771 0.19516 4.92854e-19
    outer loop
      vertex -1.93185 55.7824 12.7
      vertex -1.98289 56.0389 6.7
      vertex -1.98289 56.0389 12.7
    endloop
  endfacet
  facet normal 0.980771 0.19516 4.92854e-19
    outer loop
      vertex -1.98289 56.0389 6.7
      vertex -1.93185 55.7824 12.7
      vertex -1.93185 55.7824 6.7
    endloop
  endfacet
  facet normal 0.194951 0.980813 -0
    outer loop
      vertex -0.261052 54.3171 6.7
      vertex -0.517637 54.3681 12.7
      vertex -0.261052 54.3171 12.7
    endloop
  endfacet
  facet normal 0.194951 0.980813 0
    outer loop
      vertex -0.517637 54.3681 12.7
      vertex -0.261052 54.3171 6.7
      vertex -0.517637 54.3681 6.7
    endloop
  endfacet
  facet normal 0.751842 -0.659343 1.27986e-18
    outer loop
      vertex -1.58671 57.5175 12.7
      vertex -1.41421 57.7142 6.7
      vertex -1.41421 57.7142 12.7
    endloop
  endfacet
  facet normal 0.751842 -0.659343 1.27986e-18
    outer loop
      vertex -1.41421 57.7142 6.7
      vertex -1.58671 57.5175 12.7
      vertex -1.58671 57.5175 6.7
    endloop
  endfacet
  facet normal -0.555723 -0.831368 0
    outer loop
      vertex 1 58.0321 6.7
      vertex 1.21752 57.8867 12.7
      vertex 1 58.0321 12.7
    endloop
  endfacet
  facet normal -0.555723 -0.831368 -0
    outer loop
      vertex 1.21752 57.8867 12.7
      vertex 1 58.0321 6.7
      vertex 1.21752 57.8867 6.7
    endloop
  endfacet
  facet normal -0.0653641 -0.997861 0
    outer loop
      vertex 0 58.3 6.7
      vertex 0.261052 58.2829 12.7
      vertex 0 58.3 12.7
    endloop
  endfacet
  facet normal -0.0653641 -0.997861 -0
    outer loop
      vertex 0.261052 58.2829 12.7
      vertex 0 58.3 6.7
      vertex 0.261052 58.2829 6.7
    endloop
  endfacet
  facet normal 0.980771 -0.19516 -4.92854e-19
    outer loop
      vertex -1.98289 56.5611 12.7
      vertex -1.93185 56.8176 6.7
      vertex -1.93185 56.8176 12.7
    endloop
  endfacet
  facet normal 0.980771 -0.19516 -4.92854e-19
    outer loop
      vertex -1.93185 56.8176 6.7
      vertex -1.98289 56.5611 12.7
      vertex -1.98289 56.5611 6.7
    endloop
  endfacet
  facet normal 0.195319 -0.98074 0
    outer loop
      vertex -0.517637 58.2318 6.7
      vertex -0.261052 58.2829 12.7
      vertex -0.517637 58.2318 12.7
    endloop
  endfacet
  facet normal 0.195319 -0.98074 0
    outer loop
      vertex -0.261052 58.2829 12.7
      vertex -0.517637 58.2318 6.7
      vertex -0.261052 58.2829 6.7
    endloop
  endfacet
  facet normal -0.896845 -0.442344 2.00998e-19
    outer loop
      vertex 1.84776 57.0654 6.7
      vertex 1.73205 57.3 12.7
      vertex 1.73205 57.3 6.7
    endloop
  endfacet
  facet normal -0.896845 -0.442344 2.00998e-19
    outer loop
      vertex 1.73205 57.3 12.7
      vertex 1.84776 57.0654 6.7
      vertex 1.84776 57.0654 12.7
    endloop
  endfacet
  facet normal -0.99786 0.0653902 -1.55162e-19
    outer loop
      vertex 1.98289 56.0389 6.7
      vertex 2 56.3 12.7
      vertex 2 56.3 6.7
    endloop
  endfacet
  facet normal -0.99786 0.0653902 -1.55162e-19
    outer loop
      vertex 2 56.3 12.7
      vertex 1.98289 56.0389 6.7
      vertex 1.98289 56.0389 12.7
    endloop
  endfacet
  facet normal -0.0653641 0.997861 0
    outer loop
      vertex 0.261052 54.3171 6.7
      vertex 0 54.3 12.7
      vertex 0.261052 54.3171 12.7
    endloop
  endfacet
  facet normal -0.0653641 0.997861 0
    outer loop
      vertex 0 54.3 12.7
      vertex 0.261052 54.3171 6.7
      vertex 0 54.3 6.7
    endloop
  endfacet
  facet normal 0.321121 -0.947038 0
    outer loop
      vertex -0.765367 58.1478 6.7
      vertex -0.517637 58.2318 12.7
      vertex -0.765367 58.1478 12.7
    endloop
  endfacet
  facet normal 0.321121 -0.947038 0
    outer loop
      vertex -0.517637 58.2318 12.7
      vertex -0.765367 58.1478 6.7
      vertex -0.517637 58.2318 6.7
    endloop
  endfacet
  facet normal -0.751842 0.659343 1.27986e-18
    outer loop
      vertex 1.41421 54.8858 6.7
      vertex 1.58671 55.0825 12.7
      vertex 1.58671 55.0825 6.7
    endloop
  endfacet
  facet normal -0.751842 0.659343 1.27986e-18
    outer loop
      vertex 1.58671 55.0825 12.7
      vertex 1.41421 54.8858 6.7
      vertex 1.41421 54.8858 12.7
    endloop
  endfacet
  facet normal 0.442264 0.896885 -0
    outer loop
      vertex -0.765367 54.4522 6.7
      vertex -1 54.5679 12.7
      vertex -0.765367 54.4522 12.7
    endloop
  endfacet
  facet normal 0.442264 0.896885 0
    outer loop
      vertex -1 54.5679 12.7
      vertex -0.765367 54.4522 6.7
      vertex -1 54.5679 6.7
    endloop
  endfacet
  facet normal -0.946961 -0.321348 6.91699e-19
    outer loop
      vertex 1.93185 56.8176 6.7
      vertex 1.84776 57.0654 12.7
      vertex 1.84776 57.0654 6.7
    endloop
  endfacet
  facet normal -0.946961 -0.321348 6.91699e-19
    outer loop
      vertex 1.84776 57.0654 12.7
      vertex 1.93185 56.8176 6.7
      vertex 1.93185 56.8176 12.7
    endloop
  endfacet
  facet normal 0.659362 -0.751826 0
    outer loop
      vertex -1.41421 57.7142 6.7
      vertex -1.21752 57.8867 12.7
      vertex -1.41421 57.7142 12.7
    endloop
  endfacet
  facet normal 0.659362 -0.751826 0
    outer loop
      vertex -1.21752 57.8867 12.7
      vertex -1.41421 57.7142 6.7
      vertex -1.21752 57.8867 6.7
    endloop
  endfacet
  facet normal 0.321463 0.946922 -0
    outer loop
      vertex -0.517637 54.3681 6.7
      vertex -0.765367 54.4522 12.7
      vertex -0.517637 54.3681 12.7
    endloop
  endfacet
  facet normal 0.321463 0.946922 0
    outer loop
      vertex -0.765367 54.4522 12.7
      vertex -0.517637 54.3681 6.7
      vertex -0.765367 54.4522 6.7
    endloop
  endfacet
  facet normal 0.555723 0.831368 -0
    outer loop
      vertex -1 54.5679 6.7
      vertex -1.21752 54.7133 12.7
      vertex -1 54.5679 12.7
    endloop
  endfacet
  facet normal 0.555723 0.831368 0
    outer loop
      vertex -1.21752 54.7133 12.7
      vertex -1 54.5679 6.7
      vertex -1.21752 54.7133 6.7
    endloop
  endfacet
  facet normal 0.83145 -0.5556 -1.35942e-18
    outer loop
      vertex -1.73205 57.3 12.7
      vertex -1.58671 57.5175 6.7
      vertex -1.58671 57.5175 12.7
    endloop
  endfacet
  facet normal 0.83145 -0.5556 -1.35942e-18
    outer loop
      vertex -1.58671 57.5175 6.7
      vertex -1.73205 57.3 12.7
      vertex -1.73205 57.3 6.7
    endloop
  endfacet
  facet normal 1 -0 0
    outer loop
      vertex 92.78 -56.3 12.7
      vertex 92.78 56.3 0
      vertex 92.78 56.3 12.7
    endloop
  endfacet
  facet normal 1 0 0
    outer loop
      vertex 92.78 56.3 0
      vertex 92.78 -56.3 12.7
      vertex 92.78 -56.3 0
    endloop
  endfacet
  facet normal 0.0653605 -0.997862 0
    outer loop
      vertex 86.78 -62.3 0
      vertex 87.5632 -62.2487 12.7
      vertex 86.78 -62.3 12.7
    endloop
  endfacet
  facet normal 0.0653605 -0.997862 0
    outer loop
      vertex 87.5632 -62.2487 12.7
      vertex 86.78 -62.3 0
      vertex 87.5632 -62.2487 0
    endloop
  endfacet
  facet normal 0.896885 0.442263 -2.52842e-19
    outer loop
      vertex 92.3233 58.5961 12.7
      vertex 91.9762 59.3 0
      vertex 91.9762 59.3 12.7
    endloop
  endfacet
  facet normal 0.896885 0.442263 -2.52842e-19
    outer loop
      vertex 91.9762 59.3 0
      vertex 92.3233 58.5961 12.7
      vertex 92.3233 58.5961 0
    endloop
  endfacet
  facet normal -0.659406 -0.751787 0
    outer loop
      vertex -91.0226 -60.5426 0
      vertex -90.4326 -61.0601 12.7
      vertex -91.0226 -60.5426 12.7
    endloop
  endfacet
  facet normal -0.659406 -0.751787 -0
    outer loop
      vertex -90.4326 -61.0601 12.7
      vertex -91.0226 -60.5426 0
      vertex -90.4326 -61.0601 0
    endloop
  endfacet
  facet normal -0.896885 0.442263 2.52842e-19
    outer loop
      vertex -92.3233 58.5961 0
      vertex -91.9762 59.3 12.7
      vertex -91.9762 59.3 0
    endloop
  endfacet
  facet normal -0.896885 0.442263 2.52842e-19
    outer loop
      vertex -91.9762 59.3 12.7
      vertex -92.3233 58.5961 0
      vertex -92.3233 58.5961 12.7
    endloop
  endfacet
  facet normal -1 0 0
    outer loop
      vertex -92.78 -56.3 0
      vertex -92.78 56.3 12.7
      vertex -92.78 56.3 0
    endloop
  endfacet
  facet normal -1 -0 0
    outer loop
      vertex -92.78 56.3 12.7
      vertex -92.78 -56.3 0
      vertex -92.78 -56.3 12.7
    endloop
  endfacet
  facet normal -0.195209 -0.980762 0
    outer loop
      vertex -88.3329 -62.0955 0
      vertex -87.5632 -62.2487 12.7
      vertex -88.3329 -62.0955 12.7
    endloop
  endfacet
  facet normal -0.195209 -0.980762 -0
    outer loop
      vertex -87.5632 -62.2487 12.7
      vertex -88.3329 -62.0955 0
      vertex -87.5632 -62.2487 0
    endloop
  endfacet
  facet normal -0.0653605 -0.997862 0
    outer loop
      vertex -87.5632 -62.2487 0
      vertex -86.78 -62.3 12.7
      vertex -87.5632 -62.2487 12.7
    endloop
  endfacet
  facet normal -0.0653605 -0.997862 -0
    outer loop
      vertex -86.78 -62.3 12.7
      vertex -87.5632 -62.2487 0
      vertex -86.78 -62.3 0
    endloop
  endfacet
  facet normal 0.946962 0.321345 1.55492e-19
    outer loop
      vertex 92.5755 57.8529 12.7
      vertex 92.3233 58.5961 0
      vertex 92.3233 58.5961 12.7
    endloop
  endfacet
  facet normal 0.946962 0.321345 1.55492e-19
    outer loop
      vertex 92.3233 58.5961 0
      vertex 92.5755 57.8529 12.7
      vertex 92.5755 57.8529 0
    endloop
  endfacet
  facet normal -0.980766 -0.195185 3.15119e-19
    outer loop
      vertex -92.5755 -57.8529 0
      vertex -92.7287 -57.0831 12.7
      vertex -92.7287 -57.0831 0
    endloop
  endfacet
  facet normal -0.980766 -0.195185 3.15119e-19
    outer loop
      vertex -92.7287 -57.0831 12.7
      vertex -92.5755 -57.8529 0
      vertex -92.5755 -57.8529 12.7
    endloop
  endfacet
  facet normal 0 -1 0
    outer loop
      vertex -86.78 -62.3 0
      vertex 86.78 -62.3 12.7
      vertex -86.78 -62.3 12.7
    endloop
  endfacet
  facet normal 0 -1 -0
    outer loop
      vertex 86.78 -62.3 12.7
      vertex -86.78 -62.3 0
      vertex 86.78 -62.3 0
    endloop
  endfacet
  facet normal -0.442365 0.896835 0
    outer loop
      vertex -89.0761 61.8433 0
      vertex -89.78 61.4961 12.7
      vertex -89.0761 61.8433 12.7
    endloop
  endfacet
  facet normal -0.442365 0.896835 0
    outer loop
      vertex -89.78 61.4961 12.7
      vertex -89.0761 61.8433 0
      vertex -89.78 61.4961 0
    endloop
  endfacet
  facet normal -0.831442 -0.555611 1.22145e-18
    outer loop
      vertex -91.5401 -59.9526 0
      vertex -91.9762 -59.3 12.7
      vertex -91.9762 -59.3 0
    endloop
  endfacet
  facet normal -0.831442 -0.555611 1.22145e-18
    outer loop
      vertex -91.9762 -59.3 12.7
      vertex -91.5401 -59.9526 0
      vertex -91.5401 -59.9526 12.7
    endloop
  endfacet
  facet normal -0.946962 0.321345 -1.55492e-19
    outer loop
      vertex -92.5755 57.8529 0
      vertex -92.3233 58.5961 12.7
      vertex -92.3233 58.5961 0
    endloop
  endfacet
  facet normal -0.946962 0.321345 -1.55492e-19
    outer loop
      vertex -92.3233 58.5961 12.7
      vertex -92.5755 57.8529 0
      vertex -92.5755 57.8529 12.7
    endloop
  endfacet
  facet normal 0 1 -0
    outer loop
      vertex 86.78 62.3 0
      vertex -86.78 62.3 12.7
      vertex 86.78 62.3 12.7
    endloop
  endfacet
  facet normal 0 1 0
    outer loop
      vertex -86.78 62.3 12.7
      vertex 86.78 62.3 0
      vertex -86.78 62.3 0
    endloop
  endfacet
  facet normal -0.751787 -0.659406 -2.42386e-18
    outer loop
      vertex -91.0226 -60.5426 0
      vertex -91.5401 -59.9526 12.7
      vertex -91.5401 -59.9526 0
    endloop
  endfacet
  facet normal -0.751787 -0.659406 -2.42386e-18
    outer loop
      vertex -91.5401 -59.9526 12.7
      vertex -91.0226 -60.5426 0
      vertex -91.0226 -60.5426 12.7
    endloop
  endfacet
  facet normal -0.997861 -0.0653688 -1.88859e-19
    outer loop
      vertex -92.7287 -57.0831 0
      vertex -92.78 -56.3 12.7
      vertex -92.78 -56.3 0
    endloop
  endfacet
  facet normal -0.997861 -0.0653688 -1.88859e-19
    outer loop
      vertex -92.78 -56.3 12.7
      vertex -92.7287 -57.0831 0
      vertex -92.7287 -57.0831 12.7
    endloop
  endfacet
  facet normal -0.195209 0.980762 0
    outer loop
      vertex -87.5632 62.2487 0
      vertex -88.3329 62.0955 12.7
      vertex -87.5632 62.2487 12.7
    endloop
  endfacet
  facet normal -0.195209 0.980762 0
    outer loop
      vertex -88.3329 62.0955 12.7
      vertex -87.5632 62.2487 0
      vertex -88.3329 62.0955 0
    endloop
  endfacet
  facet normal 0.0653605 0.997862 -0
    outer loop
      vertex 87.5632 62.2487 0
      vertex 86.78 62.3 12.7
      vertex 87.5632 62.2487 12.7
    endloop
  endfacet
  facet normal 0.0653605 0.997862 0
    outer loop
      vertex 86.78 62.3 12.7
      vertex 87.5632 62.2487 0
      vertex 86.78 62.3 0
    endloop
  endfacet
  facet normal -0.659406 0.751787 0
    outer loop
      vertex -90.4326 61.0601 0
      vertex -91.0226 60.5426 12.7
      vertex -90.4326 61.0601 12.7
    endloop
  endfacet
  facet normal -0.659406 0.751787 0
    outer loop
      vertex -91.0226 60.5426 12.7
      vertex -90.4326 61.0601 0
      vertex -91.0226 60.5426 0
    endloop
  endfacet
  facet normal -0.751787 0.659406 2.42386e-18
    outer loop
      vertex -91.5401 59.9526 0
      vertex -91.0226 60.5426 12.7
      vertex -91.0226 60.5426 0
    endloop
  endfacet
  facet normal -0.751787 0.659406 2.42386e-18
    outer loop
      vertex -91.0226 60.5426 12.7
      vertex -91.5401 59.9526 0
      vertex -91.5401 59.9526 12.7
    endloop
  endfacet
  facet normal -0.321345 -0.946962 0
    outer loop
      vertex -89.0761 -61.8433 0
      vertex -88.3329 -62.0955 12.7
      vertex -89.0761 -61.8433 12.7
    endloop
  endfacet
  facet normal -0.321345 -0.946962 -0
    outer loop
      vertex -88.3329 -62.0955 12.7
      vertex -89.0761 -61.8433 0
      vertex -88.3329 -62.0955 0
    endloop
  endfacet
  facet normal -0.0653605 0.997862 0
    outer loop
      vertex -86.78 62.3 0
      vertex -87.5632 62.2487 12.7
      vertex -86.78 62.3 12.7
    endloop
  endfacet
  facet normal -0.0653605 0.997862 0
    outer loop
      vertex -87.5632 62.2487 12.7
      vertex -86.78 62.3 0
      vertex -87.5632 62.2487 0
    endloop
  endfacet
  facet normal -0.831442 0.555611 -1.22145e-18
    outer loop
      vertex -91.9762 59.3 0
      vertex -91.5401 59.9526 12.7
      vertex -91.5401 59.9526 0
    endloop
  endfacet
  facet normal -0.831442 0.555611 -1.22145e-18
    outer loop
      vertex -91.5401 59.9526 12.7
      vertex -91.9762 59.3 0
      vertex -91.9762 59.3 12.7
    endloop
  endfacet
  facet normal -0.980766 0.195185 -3.15119e-19
    outer loop
      vertex -92.7287 57.0831 0
      vertex -92.5755 57.8529 12.7
      vertex -92.5755 57.8529 0
    endloop
  endfacet
  facet normal -0.980766 0.195185 -3.15119e-19
    outer loop
      vertex -92.5755 57.8529 12.7
      vertex -92.7287 57.0831 0
      vertex -92.7287 57.0831 12.7
    endloop
  endfacet
  facet normal 0.659406 -0.751787 0
    outer loop
      vertex 90.4326 -61.0601 0
      vertex 91.0226 -60.5426 12.7
      vertex 90.4326 -61.0601 12.7
    endloop
  endfacet
  facet normal 0.659406 -0.751787 0
    outer loop
      vertex 91.0226 -60.5426 12.7
      vertex 90.4326 -61.0601 0
      vertex 91.0226 -60.5426 0
    endloop
  endfacet
  facet normal -0 0 1
    outer loop
      vertex -85.8331 -0.517637 12.7
      vertex -82.75 -48.3 12.7
      vertex -85.7821 -0.261052 12.7
    endloop
  endfacet
  facet normal 0 0 1
    outer loop
      vertex -82.75 -48.3 12.7
      vertex -85.7821 -56.0389 12.7
      vertex -85.765 -56.3 12.7
    endloop
  endfacet
  facet normal -0 0 1
    outer loop
      vertex -85.9172 -0.765367 12.7
      vertex -82.75 -48.3 12.7
      vertex -85.8331 -0.517637 12.7
    endloop
  endfacet
  facet normal 0 0 1
    outer loop
      vertex -82.75 -48.3 12.7
      vertex -85.8331 -55.7824 12.7
      vertex -85.7821 -56.0389 12.7
    endloop
  endfacet
  facet normal -0 0 1
    outer loop
      vertex -86.033 -1 12.7
      vertex -82.75 -48.3 12.7
      vertex -85.9172 -0.765367 12.7
    endloop
  endfacet
  facet normal 0 0 1
    outer loop
      vertex -82.75 -48.3 12.7
      vertex -85.9172 -55.5346 12.7
      vertex -85.8331 -55.7824 12.7
    endloop
  endfacet
  facet normal -0 0 1
    outer loop
      vertex -86.1783 -1.21752 12.7
      vertex -82.75 -48.3 12.7
      vertex -86.033 -1 12.7
    endloop
  endfacet
  facet normal 0 0 1
    outer loop
      vertex -82.75 -48.3 12.7
      vertex -86.033 -55.3 12.7
      vertex -85.9172 -55.5346 12.7
    endloop
  endfacet
  facet normal -0 0 1
    outer loop
      vertex -86.3508 -1.41421 12.7
      vertex -82.75 -48.3 12.7
      vertex -86.1783 -1.21752 12.7
    endloop
  endfacet
  facet normal 0 0 1
    outer loop
      vertex -82.75 -48.3 12.7
      vertex -86.1783 -55.0825 12.7
      vertex -86.033 -55.3 12.7
    endloop
  endfacet
  facet normal -0 0 1
    outer loop
      vertex -86.5475 -1.58671 12.7
      vertex -82.75 -48.3 12.7
      vertex -86.3508 -1.41421 12.7
    endloop
  endfacet
  facet normal 0 0 1
    outer loop
      vertex -82.75 -48.3 12.7
      vertex -86.3508 -54.8858 12.7
      vertex -86.1783 -55.0825 12.7
    endloop
  endfacet
  facet normal -0 0 1
    outer loop
      vertex -86.765 -1.73205 12.7
      vertex -82.75 -48.3 12.7
      vertex -86.5475 -1.58671 12.7
    endloop
  endfacet
  facet normal 0 0 1
    outer loop
      vertex -82.75 -48.3 12.7
      vertex -86.5475 -54.7133 12.7
      vertex -86.3508 -54.8858 12.7
    endloop
  endfacet
  facet normal -0 0 1
    outer loop
      vertex -86.9996 -1.84776 12.7
      vertex -82.75 -48.3 12.7
      vertex -86.765 -1.73205 12.7
    endloop
  endfacet
  facet normal 0 0 1
    outer loop
      vertex -82.75 -48.3 12.7
      vertex -86.765 -54.5679 12.7
      vertex -86.5475 -54.7133 12.7
    endloop
  endfacet
  facet normal -0 0 1
    outer loop
      vertex -87.2474 -1.93185 12.7
      vertex -82.75 -48.3 12.7
      vertex -86.9996 -1.84776 12.7
    endloop
  endfacet
  facet normal 0 0 1
    outer loop
      vertex -82.75 -48.3 12.7
      vertex -86.9996 -54.4522 12.7
      vertex -86.765 -54.5679 12.7
    endloop
  endfacet
  facet normal -0 0 1
    outer loop
      vertex -87.5039 -1.98289 12.7
      vertex -82.75 -48.3 12.7
      vertex -87.2474 -1.93185 12.7
    endloop
  endfacet
  facet normal 0 0 1
    outer loop
      vertex -82.75 -48.3 12.7
      vertex -87.2474 -54.3681 12.7
      vertex -86.9996 -54.4522 12.7
    endloop
  endfacet
  facet normal -0 0 1
    outer loop
      vertex -87.765 -2 12.7
      vertex -82.75 -48.3 12.7
      vertex -87.5039 -1.98289 12.7
    endloop
  endfacet
  facet normal 0 0 1
    outer loop
      vertex -82.75 -48.3 12.7
      vertex -87.5039 -54.3171 12.7
      vertex -87.2474 -54.3681 12.7
    endloop
  endfacet
  facet normal 0 0 1
    outer loop
      vertex -88.0261 -1.98289 12.7
      vertex -82.75 -48.3 12.7
      vertex -87.765 -2 12.7
    endloop
  endfacet
  facet normal 0 0 1
    outer loop
      vertex -82.75 -48.3 12.7
      vertex -87.765 -54.3 12.7
      vertex -87.5039 -54.3171 12.7
    endloop
  endfacet
  facet normal 0 0 1
    outer loop
      vertex -88.2826 -1.93185 12.7
      vertex -82.75 -48.3 12.7
      vertex -88.0261 -1.98289 12.7
    endloop
  endfacet
  facet normal 0 0 1
    outer loop
      vertex -82.75 -48.3 12.7
      vertex -88.0261 -54.3171 12.7
      vertex -87.765 -54.3 12.7
    endloop
  endfacet
  facet normal 0 0 1
    outer loop
      vertex -88.5304 -1.84776 12.7
      vertex -82.75 -48.3 12.7
      vertex -88.2826 -1.93185 12.7
    endloop
  endfacet
  facet normal 0 0 1
    outer loop
      vertex -82.75 -48.3 12.7
      vertex -88.2826 -54.3681 12.7
      vertex -88.0261 -54.3171 12.7
    endloop
  endfacet
  facet normal 0 0 1
    outer loop
      vertex -88.765 -1.73205 12.7
      vertex -82.75 -48.3 12.7
      vertex -88.5304 -1.84776 12.7
    endloop
  endfacet
  facet normal 0 0 1
    outer loop
      vertex -82.75 -48.3 12.7
      vertex -88.5304 -54.4522 12.7
      vertex -88.2826 -54.3681 12.7
    endloop
  endfacet
  facet normal 0 0 1
    outer loop
      vertex -88.9825 -1.58671 12.7
      vertex -82.75 -48.3 12.7
      vertex -88.765 -1.73205 12.7
    endloop
  endfacet
  facet normal 0 0 1
    outer loop
      vertex -82.75 -48.3 12.7
      vertex -88.765 -54.5679 12.7
      vertex -88.5304 -54.4522 12.7
    endloop
  endfacet
  facet normal 0 0 1
    outer loop
      vertex -82.75 -48.3 12.7
      vertex -88.9825 -1.58671 12.7
      vertex -92.78 -56.3 12.7
    endloop
  endfacet
  facet normal 0 0 1
    outer loop
      vertex -82.75 -48.3 12.7
      vertex -92.78 -56.3 12.7
      vertex -88.765 -54.5679 12.7
    endloop
  endfacet
  facet normal 0 0 1
    outer loop
      vertex -92.78 -56.3 12.7
      vertex -88.9825 -1.58671 12.7
      vertex -89.1792 -1.41421 12.7
    endloop
  endfacet
  facet normal 0 0 1
    outer loop
      vertex -88.765 -54.5679 12.7
      vertex -92.78 -56.3 12.7
      vertex -88.9825 -54.7133 12.7
    endloop
  endfacet
  facet normal 0 0 1
    outer loop
      vertex -92.78 -56.3 12.7
      vertex -89.1792 -1.41421 12.7
      vertex -89.3517 -1.21752 12.7
    endloop
  endfacet
  facet normal 0 0 1
    outer loop
      vertex -88.9825 -54.7133 12.7
      vertex -92.78 -56.3 12.7
      vertex -89.1792 -54.8858 12.7
    endloop
  endfacet
  facet normal 0 0 1
    outer loop
      vertex -92.78 -56.3 12.7
      vertex -89.3517 -1.21752 12.7
      vertex -89.497 -1 12.7
    endloop
  endfacet
  facet normal 0 0 1
    outer loop
      vertex -89.1792 -54.8858 12.7
      vertex -92.78 -56.3 12.7
      vertex -89.3517 -55.0825 12.7
    endloop
  endfacet
  facet normal 0 0 1
    outer loop
      vertex -92.78 -56.3 12.7
      vertex -89.497 -1 12.7
      vertex -89.6128 -0.765367 12.7
    endloop
  endfacet
  facet normal 0 0 1
    outer loop
      vertex -89.3517 -55.0825 12.7
      vertex -92.78 -56.3 12.7
      vertex -89.497 -55.3 12.7
    endloop
  endfacet
  facet normal 0 0 1
    outer loop
      vertex -92.78 -56.3 12.7
      vertex -89.6128 -0.765367 12.7
      vertex -89.6969 -0.517637 12.7
    endloop
  endfacet
  facet normal 0 0 1
    outer loop
      vertex -89.497 -55.3 12.7
      vertex -92.78 -56.3 12.7
      vertex -89.6128 -55.5346 12.7
    endloop
  endfacet
  facet normal 0 0 1
    outer loop
      vertex -92.78 -56.3 12.7
      vertex -89.6969 -0.517637 12.7
      vertex -89.7479 -0.261052 12.7
    endloop
  endfacet
  facet normal 0 0 1
    outer loop
      vertex -89.6128 -55.5346 12.7
      vertex -92.78 -56.3 12.7
      vertex -89.6969 -55.7824 12.7
    endloop
  endfacet
  facet normal 0 0 1
    outer loop
      vertex -92.78 -56.3 12.7
      vertex -89.7479 -0.261052 12.7
      vertex -89.765 0 12.7
    endloop
  endfacet
  facet normal 0 0 1
    outer loop
      vertex -89.6969 -55.7824 12.7
      vertex -92.78 -56.3 12.7
      vertex -89.7479 -56.0389 12.7
    endloop
  endfacet
  facet normal 0 0 1
    outer loop
      vertex -82.1642 49.7142 12.7
      vertex -86.5475 54.7133 12.7
      vertex -82.3367 49.5175 12.7
    endloop
  endfacet
  facet normal 0 0 1
    outer loop
      vertex -82.75 48.3 12.7
      vertex -85.7821 0.261052 12.7
      vertex -85.765 0 12.7
    endloop
  endfacet
  facet normal -0 0 1
    outer loop
      vertex -86.765 54.5679 12.7
      vertex -82.3367 49.5175 12.7
      vertex -86.5475 54.7133 12.7
    endloop
  endfacet
  facet normal 0 0 1
    outer loop
      vertex -82.75 48.3 12.7
      vertex -85.8331 0.517637 12.7
      vertex -85.7821 0.261052 12.7
    endloop
  endfacet
  facet normal 0 0 1
    outer loop
      vertex -82.3367 49.5175 12.7
      vertex -86.765 54.5679 12.7
      vertex -82.4821 49.3 12.7
    endloop
  endfacet
  facet normal 0 0 1
    outer loop
      vertex -82.75 48.3 12.7
      vertex -85.9172 0.765367 12.7
      vertex -85.8331 0.517637 12.7
    endloop
  endfacet
  facet normal -0 0 1
    outer loop
      vertex -86.9996 54.4522 12.7
      vertex -82.4821 49.3 12.7
      vertex -86.765 54.5679 12.7
    endloop
  endfacet
  facet normal 0 0 1
    outer loop
      vertex -82.75 48.3 12.7
      vertex -86.033 1 12.7
      vertex -85.9172 0.765367 12.7
    endloop
  endfacet
  facet normal 0 0 1
    outer loop
      vertex -82.4821 49.3 12.7
      vertex -86.9996 54.4522 12.7
      vertex -82.5978 49.0654 12.7
    endloop
  endfacet
  facet normal 0 0 1
    outer loop
      vertex -82.75 48.3 12.7
      vertex -86.1783 1.21752 12.7
      vertex -86.033 1 12.7
    endloop
  endfacet
  facet normal -0 0 1
    outer loop
      vertex -87.2474 54.3681 12.7
      vertex -82.5978 49.0654 12.7
      vertex -86.9996 54.4522 12.7
    endloop
  endfacet
  facet normal 0 0 1
    outer loop
      vertex -82.75 48.3 12.7
      vertex -86.3508 1.41421 12.7
      vertex -86.1783 1.21752 12.7
    endloop
  endfacet
  facet normal 0 0 1
    outer loop
      vertex -82.5978 49.0654 12.7
      vertex -87.2474 54.3681 12.7
      vertex -82.6819 48.8176 12.7
    endloop
  endfacet
  facet normal 0 0 1
    outer loop
      vertex -82.75 48.3 12.7
      vertex -86.5475 1.58671 12.7
      vertex -86.3508 1.41421 12.7
    endloop
  endfacet
  facet normal -0 0 1
    outer loop
      vertex -87.5039 54.3171 12.7
      vertex -82.6819 48.8176 12.7
      vertex -87.2474 54.3681 12.7
    endloop
  endfacet
  facet normal 0 0 1
    outer loop
      vertex -82.75 48.3 12.7
      vertex -86.765 1.73205 12.7
      vertex -86.5475 1.58671 12.7
    endloop
  endfacet
  facet normal 0 0 1
    outer loop
      vertex -82.6819 48.8176 12.7
      vertex -87.5039 54.3171 12.7
      vertex -82.7329 48.561 12.7
    endloop
  endfacet
  facet normal 0 0 1
    outer loop
      vertex -82.75 48.3 12.7
      vertex -86.9996 1.84776 12.7
      vertex -86.765 1.73205 12.7
    endloop
  endfacet
  facet normal -0 0 1
    outer loop
      vertex -87.765 54.3 12.7
      vertex -82.7329 48.561 12.7
      vertex -87.5039 54.3171 12.7
    endloop
  endfacet
  facet normal 0 0 1
    outer loop
      vertex -82.75 48.3 12.7
      vertex -87.2474 1.93185 12.7
      vertex -86.9996 1.84776 12.7
    endloop
  endfacet
  facet normal 0 0 1
    outer loop
      vertex -82.7329 48.561 12.7
      vertex -87.765 54.3 12.7
      vertex -82.75 48.3 12.7
    endloop
  endfacet
  facet normal 0 0 1
    outer loop
      vertex -82.75 48.3 12.7
      vertex -87.5039 1.98289 12.7
      vertex -87.2474 1.93185 12.7
    endloop
  endfacet
  facet normal 0 0 1
    outer loop
      vertex -88.0261 54.3171 12.7
      vertex -82.75 48.3 12.7
      vertex -87.765 54.3 12.7
    endloop
  endfacet
  facet normal 0 0 1
    outer loop
      vertex -82.75 48.3 12.7
      vertex -87.765 2 12.7
      vertex -87.5039 1.98289 12.7
    endloop
  endfacet
  facet normal 0 0 1
    outer loop
      vertex -88.2826 54.3681 12.7
      vertex -82.75 48.3 12.7
      vertex -88.0261 54.3171 12.7
    endloop
  endfacet
  facet normal 0 0 1
    outer loop
      vertex -82.75 48.3 12.7
      vertex -88.0261 1.98289 12.7
      vertex -87.765 2 12.7
    endloop
  endfacet
  facet normal 0 0 1
    outer loop
      vertex -88.5304 54.4522 12.7
      vertex -82.75 48.3 12.7
      vertex -88.2826 54.3681 12.7
    endloop
  endfacet
  facet normal 0 0 1
    outer loop
      vertex -82.75 48.3 12.7
      vertex -88.2826 1.93185 12.7
      vertex -88.0261 1.98289 12.7
    endloop
  endfacet
  facet normal 0 0 1
    outer loop
      vertex -88.765 54.5679 12.7
      vertex -82.75 48.3 12.7
      vertex -88.5304 54.4522 12.7
    endloop
  endfacet
  facet normal 0 0 1
    outer loop
      vertex -82.75 48.3 12.7
      vertex -88.5304 1.84776 12.7
      vertex -88.2826 1.93185 12.7
    endloop
  endfacet
  facet normal 0 0 1
    outer loop
      vertex -92.78 56.3 12.7
      vertex -82.75 48.3 12.7
      vertex -88.765 54.5679 12.7
    endloop
  endfacet
  facet normal 0 0 1
    outer loop
      vertex -82.75 48.3 12.7
      vertex -88.765 1.73205 12.7
      vertex -88.5304 1.84776 12.7
    endloop
  endfacet
  facet normal 0 0 1
    outer loop
      vertex -92.78 56.3 12.7
      vertex -88.765 54.5679 12.7
      vertex -88.9825 54.7133 12.7
    endloop
  endfacet
  facet normal 0 -0 1
    outer loop
      vertex -88.9825 1.58671 12.7
      vertex -82.75 48.3 12.7
      vertex -92.78 56.3 12.7
    endloop
  endfacet
  facet normal 0 0 1
    outer loop
      vertex -92.78 56.3 12.7
      vertex -88.9825 54.7133 12.7
      vertex -89.1792 54.8858 12.7
    endloop
  endfacet
  facet normal 0 0 1
    outer loop
      vertex -82.75 48.3 12.7
      vertex -88.9825 1.58671 12.7
      vertex -88.765 1.73205 12.7
    endloop
  endfacet
  facet normal 0 0 1
    outer loop
      vertex -92.78 56.3 12.7
      vertex -89.1792 54.8858 12.7
      vertex -89.3517 55.0825 12.7
    endloop
  endfacet
  facet normal 0 0 1
    outer loop
      vertex -88.9825 1.58671 12.7
      vertex -92.78 56.3 12.7
      vertex -89.1792 1.41421 12.7
    endloop
  endfacet
  facet normal 0 0 1
    outer loop
      vertex -92.78 56.3 12.7
      vertex -89.3517 55.0825 12.7
      vertex -89.497 55.3 12.7
    endloop
  endfacet
  facet normal 0 0 1
    outer loop
      vertex -89.1792 1.41421 12.7
      vertex -92.78 56.3 12.7
      vertex -89.3517 1.21752 12.7
    endloop
  endfacet
  facet normal 0 0 1
    outer loop
      vertex -92.78 56.3 12.7
      vertex -89.497 55.3 12.7
      vertex -89.6128 55.5346 12.7
    endloop
  endfacet
  facet normal 0 0 1
    outer loop
      vertex -89.3517 1.21752 12.7
      vertex -92.78 56.3 12.7
      vertex -89.497 1 12.7
    endloop
  endfacet
  facet normal 0 0 1
    outer loop
      vertex -92.78 56.3 12.7
      vertex -89.6128 55.5346 12.7
      vertex -89.6969 55.7824 12.7
    endloop
  endfacet
  facet normal 0 0 1
    outer loop
      vertex -89.497 1 12.7
      vertex -92.78 56.3 12.7
      vertex -89.6128 0.765367 12.7
    endloop
  endfacet
  facet normal 0 0 1
    outer loop
      vertex -92.78 56.3 12.7
      vertex -89.6969 55.7824 12.7
      vertex -89.7479 56.0389 12.7
    endloop
  endfacet
  facet normal 0 0 1
    outer loop
      vertex -89.6128 0.765367 12.7
      vertex -92.78 56.3 12.7
      vertex -89.6969 0.517637 12.7
    endloop
  endfacet
  facet normal -0 0 1
    outer loop
      vertex -92.78 56.3 12.7
      vertex -89.7479 56.0389 12.7
      vertex -89.765 56.3 12.7
    endloop
  endfacet
  facet normal 0 0 1
    outer loop
      vertex -89.6969 0.517637 12.7
      vertex -92.78 56.3 12.7
      vertex -89.7479 0.261052 12.7
    endloop
  endfacet
  facet normal 0 0 1
    outer loop
      vertex -15 -50.3 12.7
      vertex -80.75 -50.3 12.7
      vertex -15 -51.81 12.7
    endloop
  endfacet
  facet normal -0 0 1
    outer loop
      vertex 89.6969 -0.517637 12.7
      vertex 92.78 -56.3 12.7
      vertex 89.7479 -0.261052 12.7
    endloop
  endfacet
  facet normal 0 0 1
    outer loop
      vertex 92.78 -56.3 12.7
      vertex 89.7479 -56.0389 12.7
      vertex 89.765 -56.3 12.7
    endloop
  endfacet
  facet normal -0 0 1
    outer loop
      vertex 89.6128 -0.765367 12.7
      vertex 92.78 -56.3 12.7
      vertex 89.6969 -0.517637 12.7
    endloop
  endfacet
  facet normal 0 0 1
    outer loop
      vertex 92.78 -56.3 12.7
      vertex 89.6969 -55.7824 12.7
      vertex 89.7479 -56.0389 12.7
    endloop
  endfacet
  facet normal -0 0 1
    outer loop
      vertex 89.497 -1 12.7
      vertex 92.78 -56.3 12.7
      vertex 89.6128 -0.765367 12.7
    endloop
  endfacet
  facet normal 0 0 1
    outer loop
      vertex 92.78 -56.3 12.7
      vertex 89.6128 -55.5346 12.7
      vertex 89.6969 -55.7824 12.7
    endloop
  endfacet
  facet normal -0 0 1
    outer loop
      vertex 89.3517 -1.21752 12.7
      vertex 92.78 -56.3 12.7
      vertex 89.497 -1 12.7
    endloop
  endfacet
  facet normal 0 0 1
    outer loop
      vertex 92.78 -56.3 12.7
      vertex 89.497 -55.3 12.7
      vertex 89.6128 -55.5346 12.7
    endloop
  endfacet
  facet normal -0 0 1
    outer loop
      vertex 89.1792 -1.41421 12.7
      vertex 92.78 -56.3 12.7
      vertex 89.3517 -1.21752 12.7
    endloop
  endfacet
  facet normal 0 0 1
    outer loop
      vertex 92.78 -56.3 12.7
      vertex 89.3517 -55.0825 12.7
      vertex 89.497 -55.3 12.7
    endloop
  endfacet
  facet normal -0 0 1
    outer loop
      vertex 88.9825 -1.58671 12.7
      vertex 92.78 -56.3 12.7
      vertex 89.1792 -1.41421 12.7
    endloop
  endfacet
  facet normal 0 0 1
    outer loop
      vertex 92.78 -56.3 12.7
      vertex 89.1792 -54.8858 12.7
      vertex 89.3517 -55.0825 12.7
    endloop
  endfacet
  facet normal -0 0 1
    outer loop
      vertex 82.75 -48.3 12.7
      vertex 92.78 -56.3 12.7
      vertex 88.9825 -1.58671 12.7
    endloop
  endfacet
  facet normal 0 0 1
    outer loop
      vertex 92.78 -56.3 12.7
      vertex 88.9825 -54.7133 12.7
      vertex 89.1792 -54.8858 12.7
    endloop
  endfacet
  facet normal 0 0 1
    outer loop
      vertex 82.75 -48.3 12.7
      vertex 88.9825 -1.58671 12.7
      vertex 88.765 -1.73205 12.7
    endloop
  endfacet
  facet normal -0 -0 1
    outer loop
      vertex 88.765 -54.5679 12.7
      vertex 92.78 -56.3 12.7
      vertex 82.75 -48.3 12.7
    endloop
  endfacet
  facet normal 0 0 1
    outer loop
      vertex 82.75 -48.3 12.7
      vertex 88.765 -1.73205 12.7
      vertex 88.5304 -1.84776 12.7
    endloop
  endfacet
  facet normal 0 0 1
    outer loop
      vertex 92.78 -56.3 12.7
      vertex 88.765 -54.5679 12.7
      vertex 88.9825 -54.7133 12.7
    endloop
  endfacet
  facet normal 0 0 1
    outer loop
      vertex 82.75 -48.3 12.7
      vertex 88.5304 -1.84776 12.7
      vertex 88.2826 -1.93185 12.7
    endloop
  endfacet
  facet normal 0 0 1
    outer loop
      vertex 88.765 -54.5679 12.7
      vertex 82.75 -48.3 12.7
      vertex 88.5304 -54.4522 12.7
    endloop
  endfacet
  facet normal 0 0 1
    outer loop
      vertex 82.75 -48.3 12.7
      vertex 88.2826 -1.93185 12.7
      vertex 88.0261 -1.98289 12.7
    endloop
  endfacet
  facet normal 0 0 1
    outer loop
      vertex 88.5304 -54.4522 12.7
      vertex 82.75 -48.3 12.7
      vertex 88.2826 -54.3681 12.7
    endloop
  endfacet
  facet normal 0 0 1
    outer loop
      vertex 82.75 -48.3 12.7
      vertex 88.0261 -1.98289 12.7
      vertex 87.765 -2 12.7
    endloop
  endfacet
  facet normal 0 0 1
    outer loop
      vertex 88.2826 -54.3681 12.7
      vertex 82.75 -48.3 12.7
      vertex 88.0261 -54.3171 12.7
    endloop
  endfacet
  facet normal 0 0 1
    outer loop
      vertex 82.75 -48.3 12.7
      vertex 87.765 -2 12.7
      vertex 87.5039 -1.98289 12.7
    endloop
  endfacet
  facet normal 0 0 1
    outer loop
      vertex 88.0261 -54.3171 12.7
      vertex 82.75 -48.3 12.7
      vertex 87.765 -54.3 12.7
    endloop
  endfacet
  facet normal 0 0 1
    outer loop
      vertex 82.75 -48.3 12.7
      vertex 87.5039 -1.98289 12.7
      vertex 87.2474 -1.93185 12.7
    endloop
  endfacet
  facet normal -0 0 1
    outer loop
      vertex 82.7329 -48.561 12.7
      vertex 87.765 -54.3 12.7
      vertex 82.75 -48.3 12.7
    endloop
  endfacet
  facet normal 0 0 1
    outer loop
      vertex 82.75 -48.3 12.7
      vertex 87.2474 -1.93185 12.7
      vertex 86.9996 -1.84776 12.7
    endloop
  endfacet
  facet normal 0 0 1
    outer loop
      vertex 87.765 -54.3 12.7
      vertex 82.7329 -48.561 12.7
      vertex 87.5039 -54.3171 12.7
    endloop
  endfacet
  facet normal 0 0 1
    outer loop
      vertex 82.75 -48.3 12.7
      vertex 86.9996 -1.84776 12.7
      vertex 86.765 -1.73205 12.7
    endloop
  endfacet
  facet normal -0 0 1
    outer loop
      vertex 82.6819 -48.8176 12.7
      vertex 87.5039 -54.3171 12.7
      vertex 82.7329 -48.561 12.7
    endloop
  endfacet
  facet normal 0 0 1
    outer loop
      vertex 82.75 -48.3 12.7
      vertex 86.765 -1.73205 12.7
      vertex 86.5475 -1.58671 12.7
    endloop
  endfacet
  facet normal 0 0 1
    outer loop
      vertex 87.5039 -54.3171 12.7
      vertex 82.6819 -48.8176 12.7
      vertex 87.2474 -54.3681 12.7
    endloop
  endfacet
  facet normal 0 0 1
    outer loop
      vertex 82.75 -48.3 12.7
      vertex 86.5475 -1.58671 12.7
      vertex 86.3508 -1.41421 12.7
    endloop
  endfacet
  facet normal -0 0 1
    outer loop
      vertex 82.5978 -49.0654 12.7
      vertex 87.2474 -54.3681 12.7
      vertex 82.6819 -48.8176 12.7
    endloop
  endfacet
  facet normal 0 0 1
    outer loop
      vertex 82.75 -48.3 12.7
      vertex 86.3508 -1.41421 12.7
      vertex 86.1783 -1.21752 12.7
    endloop
  endfacet
  facet normal 0 0 1
    outer loop
      vertex 87.2474 -54.3681 12.7
      vertex 82.5978 -49.0654 12.7
      vertex 86.9996 -54.4522 12.7
    endloop
  endfacet
  facet normal 0 0 1
    outer loop
      vertex 82.75 -48.3 12.7
      vertex 86.1783 -1.21752 12.7
      vertex 86.033 -1 12.7
    endloop
  endfacet
  facet normal -0 0 1
    outer loop
      vertex 82.4821 -49.3 12.7
      vertex 86.9996 -54.4522 12.7
      vertex 82.5978 -49.0654 12.7
    endloop
  endfacet
  facet normal 0 0 1
    outer loop
      vertex 82.75 -48.3 12.7
      vertex 86.033 -1 12.7
      vertex 85.9172 -0.765367 12.7
    endloop
  endfacet
  facet normal 0 0 1
    outer loop
      vertex 86.9996 -54.4522 12.7
      vertex 82.4821 -49.3 12.7
      vertex 86.765 -54.5679 12.7
    endloop
  endfacet
  facet normal 0 0 1
    outer loop
      vertex 82.75 -48.3 12.7
      vertex 85.9172 -0.765367 12.7
      vertex 85.8331 -0.517637 12.7
    endloop
  endfacet
  facet normal -0 0 1
    outer loop
      vertex 82.3367 -49.5175 12.7
      vertex 86.765 -54.5679 12.7
      vertex 82.4821 -49.3 12.7
    endloop
  endfacet
  facet normal 0 0 1
    outer loop
      vertex 82.75 -48.3 12.7
      vertex 85.8331 -0.517637 12.7
      vertex 85.7821 -0.261052 12.7
    endloop
  endfacet
  facet normal 0 0 1
    outer loop
      vertex 86.765 -54.5679 12.7
      vertex 82.3367 -49.5175 12.7
      vertex 86.5475 -54.7133 12.7
    endloop
  endfacet
  facet normal 0 0 1
    outer loop
      vertex 82.75 -48.3 12.7
      vertex 85.7821 -0.261052 12.7
      vertex 85.765 0 12.7
    endloop
  endfacet
  facet normal -0 0 1
    outer loop
      vertex 82.1642 -49.7142 12.7
      vertex 86.5475 -54.7133 12.7
      vertex 82.3367 -49.5175 12.7
    endloop
  endfacet
  facet normal 0 0 1
    outer loop
      vertex 89.6969 55.7824 12.7
      vertex 92.78 56.3 12.7
      vertex 89.7479 56.0389 12.7
    endloop
  endfacet
  facet normal 0 0 1
    outer loop
      vertex 92.78 56.3 12.7
      vertex 89.7479 0.261052 12.7
      vertex 89.765 0 12.7
    endloop
  endfacet
  facet normal 0 0 1
    outer loop
      vertex 89.6128 55.5346 12.7
      vertex 92.78 56.3 12.7
      vertex 89.6969 55.7824 12.7
    endloop
  endfacet
  facet normal 0 0 1
    outer loop
      vertex 92.78 56.3 12.7
      vertex 89.6969 0.517637 12.7
      vertex 89.7479 0.261052 12.7
    endloop
  endfacet
  facet normal 0 0 1
    outer loop
      vertex 89.497 55.3 12.7
      vertex 92.78 56.3 12.7
      vertex 89.6128 55.5346 12.7
    endloop
  endfacet
  facet normal 0 0 1
    outer loop
      vertex 92.78 56.3 12.7
      vertex 89.6128 0.765367 12.7
      vertex 89.6969 0.517637 12.7
    endloop
  endfacet
  facet normal 0 0 1
    outer loop
      vertex 89.3517 55.0825 12.7
      vertex 92.78 56.3 12.7
      vertex 89.497 55.3 12.7
    endloop
  endfacet
  facet normal 0 0 1
    outer loop
      vertex 92.78 56.3 12.7
      vertex 89.497 1 12.7
      vertex 89.6128 0.765367 12.7
    endloop
  endfacet
  facet normal 0 0 1
    outer loop
      vertex 89.1792 54.8858 12.7
      vertex 92.78 56.3 12.7
      vertex 89.3517 55.0825 12.7
    endloop
  endfacet
  facet normal 0 0 1
    outer loop
      vertex 92.78 56.3 12.7
      vertex 89.3517 1.21752 12.7
      vertex 89.497 1 12.7
    endloop
  endfacet
  facet normal 0 0 1
    outer loop
      vertex 88.9825 54.7133 12.7
      vertex 92.78 56.3 12.7
      vertex 89.1792 54.8858 12.7
    endloop
  endfacet
  facet normal 0 0 1
    outer loop
      vertex 92.78 56.3 12.7
      vertex 89.1792 1.41421 12.7
      vertex 89.3517 1.21752 12.7
    endloop
  endfacet
  facet normal 0 0 1
    outer loop
      vertex 88.765 54.5679 12.7
      vertex 92.78 56.3 12.7
      vertex 88.9825 54.7133 12.7
    endloop
  endfacet
  facet normal 0 0 1
    outer loop
      vertex 92.78 56.3 12.7
      vertex 88.9825 1.58671 12.7
      vertex 89.1792 1.41421 12.7
    endloop
  endfacet
  facet normal 0 0 1
    outer loop
      vertex 92.78 56.3 12.7
      vertex 88.765 54.5679 12.7
      vertex 82.75 48.3 12.7
    endloop
  endfacet
  facet normal 0 0 1
    outer loop
      vertex 92.78 56.3 12.7
      vertex 82.75 48.3 12.7
      vertex 88.9825 1.58671 12.7
    endloop
  endfacet
  facet normal 0 0 1
    outer loop
      vertex 82.75 48.3 12.7
      vertex 88.765 54.5679 12.7
      vertex 88.5304 54.4522 12.7
    endloop
  endfacet
  facet normal 0 0 1
    outer loop
      vertex 88.9825 1.58671 12.7
      vertex 82.75 48.3 12.7
      vertex 88.765 1.73205 12.7
    endloop
  endfacet
  facet normal 0 0 1
    outer loop
      vertex 82.75 48.3 12.7
      vertex 88.5304 54.4522 12.7
      vertex 88.2826 54.3681 12.7
    endloop
  endfacet
  facet normal 0 0 1
    outer loop
      vertex 88.765 1.73205 12.7
      vertex 82.75 48.3 12.7
      vertex 88.5304 1.84776 12.7
    endloop
  endfacet
  facet normal 0 0 1
    outer loop
      vertex 82.75 48.3 12.7
      vertex 88.2826 54.3681 12.7
      vertex 88.0261 54.3171 12.7
    endloop
  endfacet
  facet normal 0 0 1
    outer loop
      vertex 88.5304 1.84776 12.7
      vertex 82.75 48.3 12.7
      vertex 88.2826 1.93185 12.7
    endloop
  endfacet
  facet normal 0 0 1
    outer loop
      vertex 82.75 48.3 12.7
      vertex 88.0261 54.3171 12.7
      vertex 87.765 54.3 12.7
    endloop
  endfacet
  facet normal 0 0 1
    outer loop
      vertex 88.2826 1.93185 12.7
      vertex 82.75 48.3 12.7
      vertex 88.0261 1.98289 12.7
    endloop
  endfacet
  facet normal 0 0 1
    outer loop
      vertex 82.7329 48.561 12.7
      vertex 87.765 54.3 12.7
      vertex 87.5039 54.3171 12.7
    endloop
  endfacet
  facet normal 0 0 1
    outer loop
      vertex 88.0261 1.98289 12.7
      vertex 82.75 48.3 12.7
      vertex 87.765 2 12.7
    endloop
  endfacet
  facet normal 0 0 1
    outer loop
      vertex 82.6819 48.8176 12.7
      vertex 87.5039 54.3171 12.7
      vertex 87.2474 54.3681 12.7
    endloop
  endfacet
  facet normal 0 0 1
    outer loop
      vertex 87.765 2 12.7
      vertex 82.75 48.3 12.7
      vertex 87.5039 1.98289 12.7
    endloop
  endfacet
  facet normal 0 0 1
    outer loop
      vertex 82.5978 49.0654 12.7
      vertex 87.2474 54.3681 12.7
      vertex 86.9996 54.4522 12.7
    endloop
  endfacet
  facet normal 0 0 1
    outer loop
      vertex 87.5039 1.98289 12.7
      vertex 82.75 48.3 12.7
      vertex 87.2474 1.93185 12.7
    endloop
  endfacet
  facet normal 0 0 1
    outer loop
      vertex 82.4821 49.3 12.7
      vertex 86.9996 54.4522 12.7
      vertex 86.765 54.5679 12.7
    endloop
  endfacet
  facet normal 0 0 1
    outer loop
      vertex 87.2474 1.93185 12.7
      vertex 82.75 48.3 12.7
      vertex 86.9996 1.84776 12.7
    endloop
  endfacet
  facet normal 0 0 1
    outer loop
      vertex 82.3367 49.5175 12.7
      vertex 86.765 54.5679 12.7
      vertex 86.5475 54.7133 12.7
    endloop
  endfacet
  facet normal 0 0 1
    outer loop
      vertex 86.9996 1.84776 12.7
      vertex 82.75 48.3 12.7
      vertex 86.765 1.73205 12.7
    endloop
  endfacet
  facet normal 0 0 1
    outer loop
      vertex 82.1642 49.7142 12.7
      vertex 86.5475 54.7133 12.7
      vertex 86.3508 54.8858 12.7
    endloop
  endfacet
  facet normal 0 0 1
    outer loop
      vertex 86.765 1.73205 12.7
      vertex 82.75 48.3 12.7
      vertex 86.5475 1.58671 12.7
    endloop
  endfacet
  facet normal 0 0 1
    outer loop
      vertex 81.9675 49.8867 12.7
      vertex 86.3508 54.8858 12.7
      vertex 86.1783 55.0825 12.7
    endloop
  endfacet
  facet normal 0 0 1
    outer loop
      vertex 86.5475 1.58671 12.7
      vertex 82.75 48.3 12.7
      vertex 86.3508 1.41421 12.7
    endloop
  endfacet
  facet normal 0 0 1
    outer loop
      vertex 81.75 50.032 12.7
      vertex 86.1783 55.0825 12.7
      vertex 86.033 55.3 12.7
    endloop
  endfacet
  facet normal 0 0 1
    outer loop
      vertex 86.3508 1.41421 12.7
      vertex 82.75 48.3 12.7
      vertex 86.1783 1.21752 12.7
    endloop
  endfacet
  facet normal 0 0 1
    outer loop
      vertex 81.5154 50.1478 12.7
      vertex 86.033 55.3 12.7
      vertex 85.9172 55.5346 12.7
    endloop
  endfacet
  facet normal 0 0 1
    outer loop
      vertex 86.1783 1.21752 12.7
      vertex 82.75 48.3 12.7
      vertex 86.033 1 12.7
    endloop
  endfacet
  facet normal 0 0 1
    outer loop
      vertex 81.2676 50.2318 12.7
      vertex 85.9172 55.5346 12.7
      vertex 85.8331 55.7824 12.7
    endloop
  endfacet
  facet normal 0 0 1
    outer loop
      vertex 86.033 1 12.7
      vertex 82.75 48.3 12.7
      vertex 85.9172 0.765367 12.7
    endloop
  endfacet
  facet normal 0 0 1
    outer loop
      vertex 81.011 50.2829 12.7
      vertex 85.8331 55.7824 12.7
      vertex 85.7821 56.0389 12.7
    endloop
  endfacet
  facet normal 0 0 1
    outer loop
      vertex 85.9172 0.765367 12.7
      vertex 82.75 48.3 12.7
      vertex 85.8331 0.517637 12.7
    endloop
  endfacet
  facet normal 0 0 1
    outer loop
      vertex 80.75 50.3 12.7
      vertex 85.7821 56.0389 12.7
      vertex 85.765 56.3 12.7
    endloop
  endfacet
  facet normal 0 0 1
    outer loop
      vertex 85.8331 0.517637 12.7
      vertex 82.75 48.3 12.7
      vertex 85.7821 0.261052 12.7
    endloop
  endfacet
  facet normal -0 0 1
    outer loop
      vertex 89.7479 56.5611 12.7
      vertex 92.78 56.3 12.7
      vertex 92.7287 57.0831 12.7
    endloop
  endfacet
  facet normal 0 0 1
    outer loop
      vertex 92.78 56.3 12.7
      vertex 89.765 0 12.7
      vertex 92.78 -56.3 12.7
    endloop
  endfacet
  facet normal 0 0 1
    outer loop
      vertex 89.6969 56.8176 12.7
      vertex 92.7287 57.0831 12.7
      vertex 92.5755 57.8529 12.7
    endloop
  endfacet
  facet normal -0 0 1
    outer loop
      vertex 89.7479 -0.261052 12.7
      vertex 92.78 -56.3 12.7
      vertex 89.765 0 12.7
    endloop
  endfacet
  facet normal 0 0 1
    outer loop
      vertex 89.6128 57.0654 12.7
      vertex 92.5755 57.8529 12.7
      vertex 92.3233 58.5961 12.7
    endloop
  endfacet
  facet normal 0 0 1
    outer loop
      vertex 89.7479 -56.5611 12.7
      vertex 92.78 -56.3 12.7
      vertex 89.765 -56.3 12.7
    endloop
  endfacet
  facet normal 0 0 1
    outer loop
      vertex 89.497 57.3 12.7
      vertex 92.3233 58.5961 12.7
      vertex 91.9762 59.3 12.7
    endloop
  endfacet
  facet normal 0 0 1
    outer loop
      vertex 92.78 -56.3 12.7
      vertex 89.7479 -56.5611 12.7
      vertex 92.7287 -57.0831 12.7
    endloop
  endfacet
  facet normal 0 0 1
    outer loop
      vertex 89.1792 57.7142 12.7
      vertex 91.9762 59.3 12.7
      vertex 91.5401 59.9526 12.7
    endloop
  endfacet
  facet normal -0 0 1
    outer loop
      vertex 89.6969 -56.8176 12.7
      vertex 92.7287 -57.0831 12.7
      vertex 89.7479 -56.5611 12.7
    endloop
  endfacet
  facet normal 0 0 1
    outer loop
      vertex 88.9825 57.8867 12.7
      vertex 91.5401 59.9526 12.7
      vertex 91.0226 60.5426 12.7
    endloop
  endfacet
  facet normal 0 0 1
    outer loop
      vertex 92.7287 -57.0831 12.7
      vertex 89.6969 -56.8176 12.7
      vertex 92.5755 -57.8529 12.7
    endloop
  endfacet
  facet normal 0 0 1
    outer loop
      vertex 88.765 58.0321 12.7
      vertex 91.0226 60.5426 12.7
      vertex 90.4326 61.0601 12.7
    endloop
  endfacet
  facet normal -0 0 1
    outer loop
      vertex 89.6128 -57.0654 12.7
      vertex 92.5755 -57.8529 12.7
      vertex 89.6969 -56.8176 12.7
    endloop
  endfacet
  facet normal 0 0 1
    outer loop
      vertex 88.5304 58.1478 12.7
      vertex 90.4326 61.0601 12.7
      vertex 89.78 61.4961 12.7
    endloop
  endfacet
  facet normal 0 0 1
    outer loop
      vertex 89.7479 56.0389 12.7
      vertex 92.78 56.3 12.7
      vertex 89.765 56.3 12.7
    endloop
  endfacet
  facet normal 0 0 1
    outer loop
      vertex 92.5755 -57.8529 12.7
      vertex 89.6128 -57.0654 12.7
      vertex 92.3233 -58.5961 12.7
    endloop
  endfacet
  facet normal 0 0 1
    outer loop
      vertex 92.78 56.3 12.7
      vertex 89.7479 56.5611 12.7
      vertex 89.765 56.3 12.7
    endloop
  endfacet
  facet normal 0 0 1
    outer loop
      vertex 92.7287 57.0831 12.7
      vertex 89.6969 56.8176 12.7
      vertex 89.7479 56.5611 12.7
    endloop
  endfacet
  facet normal 0 0 1
    outer loop
      vertex 92.5755 57.8529 12.7
      vertex 89.6128 57.0654 12.7
      vertex 89.6969 56.8176 12.7
    endloop
  endfacet
  facet normal 0 0 1
    outer loop
      vertex 92.3233 58.5961 12.7
      vertex 89.497 57.3 12.7
      vertex 89.6128 57.0654 12.7
    endloop
  endfacet
  facet normal 0 0 1
    outer loop
      vertex 91.9762 59.3 12.7
      vertex 89.3517 57.5175 12.7
      vertex 89.497 57.3 12.7
    endloop
  endfacet
  facet normal 0 0 1
    outer loop
      vertex 91.9762 59.3 12.7
      vertex 89.1792 57.7142 12.7
      vertex 89.3517 57.5175 12.7
    endloop
  endfacet
  facet normal 0 0 1
    outer loop
      vertex 88.2826 58.2318 12.7
      vertex 89.78 61.4961 12.7
      vertex 89.0761 61.8433 12.7
    endloop
  endfacet
  facet normal 0 0 1
    outer loop
      vertex 91.5401 59.9526 12.7
      vertex 88.9825 57.8867 12.7
      vertex 89.1792 57.7142 12.7
    endloop
  endfacet
  facet normal 0 0 1
    outer loop
      vertex 91.0226 60.5426 12.7
      vertex 88.765 58.0321 12.7
      vertex 88.9825 57.8867 12.7
    endloop
  endfacet
  facet normal 0 0 1
    outer loop
      vertex 90.4326 61.0601 12.7
      vertex 88.5304 58.1478 12.7
      vertex 88.765 58.0321 12.7
    endloop
  endfacet
  facet normal 0 0 1
    outer loop
      vertex 88.0261 58.2829 12.7
      vertex 89.0761 61.8433 12.7
      vertex 88.3329 62.0955 12.7
    endloop
  endfacet
  facet normal 0 0 1
    outer loop
      vertex 89.78 61.4961 12.7
      vertex 88.2826 58.2318 12.7
      vertex 88.5304 58.1478 12.7
    endloop
  endfacet
  facet normal 0 0 1
    outer loop
      vertex 89.0761 61.8433 12.7
      vertex 88.0261 58.2829 12.7
      vertex 88.2826 58.2318 12.7
    endloop
  endfacet
  facet normal 0 0 1
    outer loop
      vertex 88.3329 62.0955 12.7
      vertex 87.765 58.3 12.7
      vertex 88.0261 58.2829 12.7
    endloop
  endfacet
  facet normal 0 0 1
    outer loop
      vertex 87.5632 62.2487 12.7
      vertex 87.765 58.3 12.7
      vertex 88.3329 62.0955 12.7
    endloop
  endfacet
  facet normal 0 0 1
    outer loop
      vertex 87.5632 62.2487 12.7
      vertex 87.5039 58.2829 12.7
      vertex 87.765 58.3 12.7
    endloop
  endfacet
  facet normal 0 0 1
    outer loop
      vertex 86.78 62.3 12.7
      vertex 87.5039 58.2829 12.7
      vertex 87.5632 62.2487 12.7
    endloop
  endfacet
  facet normal 0 0 1
    outer loop
      vertex 87.5039 58.2829 12.7
      vertex 86.78 62.3 12.7
      vertex 87.2474 58.2318 12.7
    endloop
  endfacet
  facet normal 0 0 1
    outer loop
      vertex 87.2474 58.2318 12.7
      vertex 86.78 62.3 12.7
      vertex 86.9996 58.1478 12.7
    endloop
  endfacet
  facet normal 0 0 1
    outer loop
      vertex 86.78 62.3 12.7
      vertex 86.765 58.0321 12.7
      vertex 86.9996 58.1478 12.7
    endloop
  endfacet
  facet normal 0 0 1
    outer loop
      vertex 86.78 62.3 12.7
      vertex 86.5475 57.8867 12.7
      vertex 86.765 58.0321 12.7
    endloop
  endfacet
  facet normal 0 0 1
    outer loop
      vertex 86.78 62.3 12.7
      vertex 86.3508 57.7142 12.7
      vertex 86.5475 57.8867 12.7
    endloop
  endfacet
  facet normal 0 0 1
    outer loop
      vertex 86.78 62.3 12.7
      vertex 86.1783 57.5175 12.7
      vertex 86.3508 57.7142 12.7
    endloop
  endfacet
  facet normal 0 0 1
    outer loop
      vertex 86.78 62.3 12.7
      vertex 86.033 57.3 12.7
      vertex 86.1783 57.5175 12.7
    endloop
  endfacet
  facet normal 0 0 1
    outer loop
      vertex 86.78 62.3 12.7
      vertex 85.9172 57.0654 12.7
      vertex 86.033 57.3 12.7
    endloop
  endfacet
  facet normal 0 0 1
    outer loop
      vertex 80.75 50.3 12.7
      vertex 85.9172 57.0654 12.7
      vertex 86.78 62.3 12.7
    endloop
  endfacet
  facet normal 0 0 1
    outer loop
      vertex 85.9172 57.0654 12.7
      vertex 80.75 50.3 12.7
      vertex 85.8331 56.8176 12.7
    endloop
  endfacet
  facet normal 0 0 1
    outer loop
      vertex 85.7821 0.261052 12.7
      vertex 82.75 48.3 12.7
      vertex 85.765 0 12.7
    endloop
  endfacet
  facet normal 0 0 1
    outer loop
      vertex 82.75 -48.3 12.7
      vertex 85.765 0 12.7
      vertex 82.75 48.3 12.7
    endloop
  endfacet
  facet normal 0 0 1
    outer loop
      vertex 80.75 50.3 12.7
      vertex 85.765 56.3 12.7
      vertex 85.7821 56.5611 12.7
    endloop
  endfacet
  facet normal 0 0 1
    outer loop
      vertex 85.8331 56.8176 12.7
      vertex 80.75 50.3 12.7
      vertex 85.7821 56.5611 12.7
    endloop
  endfacet
  facet normal 0 0 1
    outer loop
      vertex 87.765 54.3 12.7
      vertex 82.7329 48.561 12.7
      vertex 82.75 48.3 12.7
    endloop
  endfacet
  facet normal 0 0 1
    outer loop
      vertex 87.5039 54.3171 12.7
      vertex 82.6819 48.8176 12.7
      vertex 82.7329 48.561 12.7
    endloop
  endfacet
  facet normal 0 0 1
    outer loop
      vertex 87.2474 54.3681 12.7
      vertex 82.5978 49.0654 12.7
      vertex 82.6819 48.8176 12.7
    endloop
  endfacet
  facet normal 0 0 1
    outer loop
      vertex 86.9996 54.4522 12.7
      vertex 82.4821 49.3 12.7
      vertex 82.5978 49.0654 12.7
    endloop
  endfacet
  facet normal 0 0 1
    outer loop
      vertex 86.765 54.5679 12.7
      vertex 82.3367 49.5175 12.7
      vertex 82.4821 49.3 12.7
    endloop
  endfacet
  facet normal 0 0 1
    outer loop
      vertex 86.5475 54.7133 12.7
      vertex 82.1642 49.7142 12.7
      vertex 82.3367 49.5175 12.7
    endloop
  endfacet
  facet normal 0 0 1
    outer loop
      vertex 86.3508 54.8858 12.7
      vertex 81.9675 49.8867 12.7
      vertex 82.1642 49.7142 12.7
    endloop
  endfacet
  facet normal 0 0 1
    outer loop
      vertex 86.1783 55.0825 12.7
      vertex 81.75 50.032 12.7
      vertex 81.9675 49.8867 12.7
    endloop
  endfacet
  facet normal 0 0 1
    outer loop
      vertex 86.033 55.3 12.7
      vertex 81.5154 50.1478 12.7
      vertex 81.75 50.032 12.7
    endloop
  endfacet
  facet normal 0 0 1
    outer loop
      vertex 85.9172 55.5346 12.7
      vertex 81.2676 50.2318 12.7
      vertex 81.5154 50.1478 12.7
    endloop
  endfacet
  facet normal 0 0 1
    outer loop
      vertex 85.8331 55.7824 12.7
      vertex 81.011 50.2829 12.7
      vertex 81.2676 50.2318 12.7
    endloop
  endfacet
  facet normal 0 0 1
    outer loop
      vertex 85.7821 56.0389 12.7
      vertex 80.75 50.3 12.7
      vertex 81.011 50.2829 12.7
    endloop
  endfacet
  facet normal -0 0 1
    outer loop
      vertex 1.84776 57.0654 12.7
      vertex 80.75 50.3 12.7
      vertex 86.78 62.3 12.7
    endloop
  endfacet
  facet normal 0 0 1
    outer loop
      vertex 80.75 50.3 12.7
      vertex 1.98289 56.5611 12.7
      vertex 2 56.3 12.7
    endloop
  endfacet
  facet normal 0 0 1
    outer loop
      vertex 80.75 50.3 12.7
      vertex 1.93185 56.8176 12.7
      vertex 1.98289 56.5611 12.7
    endloop
  endfacet
  facet normal 0 0 1
    outer loop
      vertex 80.75 50.3 12.7
      vertex 1.84776 57.0654 12.7
      vertex 1.93185 56.8176 12.7
    endloop
  endfacet
  facet normal 0 0 1
    outer loop
      vertex 86.78 62.3 12.7
      vertex 1.73205 57.3 12.7
      vertex 1.84776 57.0654 12.7
    endloop
  endfacet
  facet normal 0 0 1
    outer loop
      vertex 86.78 62.3 12.7
      vertex 1.58671 57.5175 12.7
      vertex 1.73205 57.3 12.7
    endloop
  endfacet
  facet normal 0 0 1
    outer loop
      vertex 86.78 62.3 12.7
      vertex 1.41421 57.7142 12.7
      vertex 1.58671 57.5175 12.7
    endloop
  endfacet
  facet normal 0 0 1
    outer loop
      vertex 86.78 62.3 12.7
      vertex 1.21752 57.8867 12.7
      vertex 1.41421 57.7142 12.7
    endloop
  endfacet
  facet normal 0 0 1
    outer loop
      vertex 86.78 62.3 12.7
      vertex 1 58.0321 12.7
      vertex 1.21752 57.8867 12.7
    endloop
  endfacet
  facet normal 0 0 1
    outer loop
      vertex 86.78 62.3 12.7
      vertex 0.765367 58.1478 12.7
      vertex 1 58.0321 12.7
    endloop
  endfacet
  facet normal 0 0 1
    outer loop
      vertex 86.78 62.3 12.7
      vertex 0.517637 58.2318 12.7
      vertex 0.765367 58.1478 12.7
    endloop
  endfacet
  facet normal 0 0 1
    outer loop
      vertex 86.78 62.3 12.7
      vertex 0.261052 58.2829 12.7
      vertex 0.517637 58.2318 12.7
    endloop
  endfacet
  facet normal 0 0 1
    outer loop
      vertex 86.78 62.3 12.7
      vertex 0 58.3 12.7
      vertex 0.261052 58.2829 12.7
    endloop
  endfacet
  facet normal 0 0 1
    outer loop
      vertex -1.98289 56.5611 12.7
      vertex -80.75 50.3 12.7
      vertex -2 56.3 12.7
    endloop
  endfacet
  facet normal 0 0 1
    outer loop
      vertex -1.93185 56.8176 12.7
      vertex -80.75 50.3 12.7
      vertex -1.98289 56.5611 12.7
    endloop
  endfacet
  facet normal 0 0 1
    outer loop
      vertex -1.84776 57.0654 12.7
      vertex -80.75 50.3 12.7
      vertex -1.93185 56.8176 12.7
    endloop
  endfacet
  facet normal 0 0 1
    outer loop
      vertex -86.78 62.3 12.7
      vertex -1.84776 57.0654 12.7
      vertex -1.73205 57.3 12.7
    endloop
  endfacet
  facet normal 0 0 1
    outer loop
      vertex -86.78 62.3 12.7
      vertex -1.73205 57.3 12.7
      vertex -1.58671 57.5175 12.7
    endloop
  endfacet
  facet normal 0 0 1
    outer loop
      vertex -86.78 62.3 12.7
      vertex -1.58671 57.5175 12.7
      vertex -1.41421 57.7142 12.7
    endloop
  endfacet
  facet normal 0 0 1
    outer loop
      vertex -86.78 62.3 12.7
      vertex -1.41421 57.7142 12.7
      vertex -1.21752 57.8867 12.7
    endloop
  endfacet
  facet normal 0 0 1
    outer loop
      vertex -86.78 62.3 12.7
      vertex -1.21752 57.8867 12.7
      vertex -1 58.0321 12.7
    endloop
  endfacet
  facet normal 0 0 1
    outer loop
      vertex -86.78 62.3 12.7
      vertex -1 58.0321 12.7
      vertex -0.765367 58.1478 12.7
    endloop
  endfacet
  facet normal 0 0 1
    outer loop
      vertex -86.78 62.3 12.7
      vertex -0.765367 58.1478 12.7
      vertex -0.517637 58.2318 12.7
    endloop
  endfacet
  facet normal 0 0 1
    outer loop
      vertex -86.78 62.3 12.7
      vertex -0.517637 58.2318 12.7
      vertex -0.261052 58.2829 12.7
    endloop
  endfacet
  facet normal 0 0 1
    outer loop
      vertex -1.84776 57.0654 12.7
      vertex -86.78 62.3 12.7
      vertex -80.75 50.3 12.7
    endloop
  endfacet
  facet normal -0 0 1
    outer loop
      vertex -86.5475 54.7133 12.7
      vertex -82.1642 49.7142 12.7
      vertex -86.3508 54.8858 12.7
    endloop
  endfacet
  facet normal 0 0 1
    outer loop
      vertex -81.9675 49.8867 12.7
      vertex -86.3508 54.8858 12.7
      vertex -82.1642 49.7142 12.7
    endloop
  endfacet
  facet normal -0 0 1
    outer loop
      vertex -86.3508 54.8858 12.7
      vertex -81.9675 49.8867 12.7
      vertex -86.1783 55.0825 12.7
    endloop
  endfacet
  facet normal 0 0 1
    outer loop
      vertex -81.75 50.032 12.7
      vertex -86.1783 55.0825 12.7
      vertex -81.9675 49.8867 12.7
    endloop
  endfacet
  facet normal -0 0 1
    outer loop
      vertex -86.1783 55.0825 12.7
      vertex -81.75 50.032 12.7
      vertex -86.033 55.3 12.7
    endloop
  endfacet
  facet normal 0 0 1
    outer loop
      vertex -81.5154 50.1478 12.7
      vertex -86.033 55.3 12.7
      vertex -81.75 50.032 12.7
    endloop
  endfacet
  facet normal -0 0 1
    outer loop
      vertex -86.033 55.3 12.7
      vertex -81.5154 50.1478 12.7
      vertex -85.9172 55.5346 12.7
    endloop
  endfacet
  facet normal 0 0 1
    outer loop
      vertex -81.2676 50.2318 12.7
      vertex -85.9172 55.5346 12.7
      vertex -81.5154 50.1478 12.7
    endloop
  endfacet
  facet normal -0 0 1
    outer loop
      vertex -85.9172 55.5346 12.7
      vertex -81.2676 50.2318 12.7
      vertex -85.8331 55.7824 12.7
    endloop
  endfacet
  facet normal 0 0 1
    outer loop
      vertex -81.011 50.2829 12.7
      vertex -85.8331 55.7824 12.7
      vertex -81.2676 50.2318 12.7
    endloop
  endfacet
  facet normal -0 0 1
    outer loop
      vertex -85.8331 55.7824 12.7
      vertex -81.011 50.2829 12.7
      vertex -85.7821 56.0389 12.7
    endloop
  endfacet
  facet normal 0 0 1
    outer loop
      vertex -80.75 50.3 12.7
      vertex -85.7821 56.0389 12.7
      vertex -81.011 50.2829 12.7
    endloop
  endfacet
  facet normal -0 -0 1
    outer loop
      vertex -85.9172 57.0654 12.7
      vertex -80.75 50.3 12.7
      vertex -86.78 62.3 12.7
    endloop
  endfacet
  facet normal 0 0 1
    outer loop
      vertex -86.78 62.3 12.7
      vertex -0.261052 58.2829 12.7
      vertex 0 58.3 12.7
    endloop
  endfacet
  facet normal -0 0 1
    outer loop
      vertex -86.78 62.3 12.7
      vertex 0 58.3 12.7
      vertex 86.78 62.3 12.7
    endloop
  endfacet
  facet normal -0 0 1
    outer loop
      vertex -85.7821 56.0389 12.7
      vertex -80.75 50.3 12.7
      vertex -85.765 56.3 12.7
    endloop
  endfacet
  facet normal -0 -0 1
    outer loop
      vertex -85.765 56.3 12.7
      vertex -80.75 50.3 12.7
      vertex -85.7821 56.5611 12.7
    endloop
  endfacet
  facet normal -0 -0 1
    outer loop
      vertex -85.8331 56.8176 12.7
      vertex -80.75 50.3 12.7
      vertex -85.9172 57.0654 12.7
    endloop
  endfacet
  facet normal -0 -0 1
    outer loop
      vertex -85.7821 56.5611 12.7
      vertex -80.75 50.3 12.7
      vertex -85.8331 56.8176 12.7
    endloop
  endfacet
  facet normal 0 0 1
    outer loop
      vertex -85.9172 57.0654 12.7
      vertex -86.78 62.3 12.7
      vertex -86.033 57.3 12.7
    endloop
  endfacet
  facet normal 0 0 1
    outer loop
      vertex -86.033 57.3 12.7
      vertex -86.78 62.3 12.7
      vertex -86.1783 57.5175 12.7
    endloop
  endfacet
  facet normal 0 0 1
    outer loop
      vertex -86.1783 57.5175 12.7
      vertex -86.78 62.3 12.7
      vertex -86.3508 57.7142 12.7
    endloop
  endfacet
  facet normal 0 0 1
    outer loop
      vertex -86.3508 57.7142 12.7
      vertex -86.78 62.3 12.7
      vertex -86.5475 57.8867 12.7
    endloop
  endfacet
  facet normal 0 0 1
    outer loop
      vertex -86.5475 57.8867 12.7
      vertex -86.78 62.3 12.7
      vertex -86.765 58.0321 12.7
    endloop
  endfacet
  facet normal 0 0 1
    outer loop
      vertex -86.78 62.3 12.7
      vertex -86.9996 58.1478 12.7
      vertex -86.765 58.0321 12.7
    endloop
  endfacet
  facet normal 0 0 1
    outer loop
      vertex -86.78 62.3 12.7
      vertex -87.2474 58.2318 12.7
      vertex -86.9996 58.1478 12.7
    endloop
  endfacet
  facet normal 0 0 1
    outer loop
      vertex -86.78 62.3 12.7
      vertex -87.5039 58.2829 12.7
      vertex -87.2474 58.2318 12.7
    endloop
  endfacet
  facet normal -0 0 1
    outer loop
      vertex -87.5632 62.2487 12.7
      vertex -87.5039 58.2829 12.7
      vertex -86.78 62.3 12.7
    endloop
  endfacet
  facet normal 0 0 1
    outer loop
      vertex -87.5632 62.2487 12.7
      vertex -87.765 58.3 12.7
      vertex -87.5039 58.2829 12.7
    endloop
  endfacet
  facet normal -0 0 1
    outer loop
      vertex -88.3329 62.0955 12.7
      vertex -87.765 58.3 12.7
      vertex -87.5632 62.2487 12.7
    endloop
  endfacet
  facet normal 0 0 1
    outer loop
      vertex -87.765 58.3 12.7
      vertex -88.3329 62.0955 12.7
      vertex -88.0261 58.2829 12.7
    endloop
  endfacet
  facet normal -0 0 1
    outer loop
      vertex -89.0761 61.8433 12.7
      vertex -88.0261 58.2829 12.7
      vertex -88.3329 62.0955 12.7
    endloop
  endfacet
  facet normal 0 0 1
    outer loop
      vertex -88.0261 58.2829 12.7
      vertex -89.0761 61.8433 12.7
      vertex -88.2826 58.2318 12.7
    endloop
  endfacet
  facet normal -0 0 1
    outer loop
      vertex -89.78 61.4961 12.7
      vertex -88.2826 58.2318 12.7
      vertex -89.0761 61.8433 12.7
    endloop
  endfacet
  facet normal 0 0 1
    outer loop
      vertex -88.2826 58.2318 12.7
      vertex -89.78 61.4961 12.7
      vertex -88.5304 58.1478 12.7
    endloop
  endfacet
  facet normal -0 0 1
    outer loop
      vertex -90.4326 61.0601 12.7
      vertex -88.5304 58.1478 12.7
      vertex -89.78 61.4961 12.7
    endloop
  endfacet
  facet normal 0 0 1
    outer loop
      vertex -88.5304 58.1478 12.7
      vertex -90.4326 61.0601 12.7
      vertex -88.765 58.0321 12.7
    endloop
  endfacet
  facet normal -0 0 1
    outer loop
      vertex -91.0226 60.5426 12.7
      vertex -88.765 58.0321 12.7
      vertex -90.4326 61.0601 12.7
    endloop
  endfacet
  facet normal 0 0 1
    outer loop
      vertex -88.765 58.0321 12.7
      vertex -91.0226 60.5426 12.7
      vertex -88.9825 57.8867 12.7
    endloop
  endfacet
  facet normal -0 0 1
    outer loop
      vertex -91.5401 59.9526 12.7
      vertex -88.9825 57.8867 12.7
      vertex -91.0226 60.5426 12.7
    endloop
  endfacet
  facet normal 0 0 1
    outer loop
      vertex -88.9825 57.8867 12.7
      vertex -91.5401 59.9526 12.7
      vertex -89.1792 57.7142 12.7
    endloop
  endfacet
  facet normal -0 0 1
    outer loop
      vertex -91.9762 59.3 12.7
      vertex -89.1792 57.7142 12.7
      vertex -91.5401 59.9526 12.7
    endloop
  endfacet
  facet normal 0 0 1
    outer loop
      vertex -89.7479 0.261052 12.7
      vertex -92.78 56.3 12.7
      vertex -89.765 0 12.7
    endloop
  endfacet
  facet normal -0 0 1
    outer loop
      vertex -92.3233 58.5961 12.7
      vertex -89.497 57.3 12.7
      vertex -91.9762 59.3 12.7
    endloop
  endfacet
  facet normal 0 0 1
    outer loop
      vertex -89.3517 57.5175 12.7
      vertex -91.9762 59.3 12.7
      vertex -89.497 57.3 12.7
    endloop
  endfacet
  facet normal 0 0 1
    outer loop
      vertex -89.1792 57.7142 12.7
      vertex -91.9762 59.3 12.7
      vertex -89.3517 57.5175 12.7
    endloop
  endfacet
  facet normal -0 0 1
    outer loop
      vertex 89.497 -57.3 12.7
      vertex 92.3233 -58.5961 12.7
      vertex 89.6128 -57.0654 12.7
    endloop
  endfacet
  facet normal 0 0 1
    outer loop
      vertex 92.3233 -58.5961 12.7
      vertex 89.497 -57.3 12.7
      vertex 91.9762 -59.3 12.7
    endloop
  endfacet
  facet normal -0 0 1
    outer loop
      vertex 89.3517 -57.5175 12.7
      vertex 91.9762 -59.3 12.7
      vertex 89.497 -57.3 12.7
    endloop
  endfacet
  facet normal -0 0 1
    outer loop
      vertex 89.1792 -57.7142 12.7
      vertex 91.9762 -59.3 12.7
      vertex 89.3517 -57.5175 12.7
    endloop
  endfacet
  facet normal 0 0 1
    outer loop
      vertex 91.9762 -59.3 12.7
      vertex 89.1792 -57.7142 12.7
      vertex 91.5401 -59.9526 12.7
    endloop
  endfacet
  facet normal -0 0 1
    outer loop
      vertex 88.9825 -57.8867 12.7
      vertex 91.5401 -59.9526 12.7
      vertex 89.1792 -57.7142 12.7
    endloop
  endfacet
  facet normal 0 0 1
    outer loop
      vertex 91.5401 -59.9526 12.7
      vertex 88.9825 -57.8867 12.7
      vertex 91.0226 -60.5426 12.7
    endloop
  endfacet
  facet normal -0 0 1
    outer loop
      vertex 88.765 -58.0321 12.7
      vertex 91.0226 -60.5426 12.7
      vertex 88.9825 -57.8867 12.7
    endloop
  endfacet
  facet normal 0 0 1
    outer loop
      vertex 91.0226 -60.5426 12.7
      vertex 88.765 -58.0321 12.7
      vertex 90.4326 -61.0601 12.7
    endloop
  endfacet
  facet normal -0 0 1
    outer loop
      vertex 88.5304 -58.1478 12.7
      vertex 90.4326 -61.0601 12.7
      vertex 88.765 -58.0321 12.7
    endloop
  endfacet
  facet normal 0 0 1
    outer loop
      vertex 90.4326 -61.0601 12.7
      vertex 88.5304 -58.1478 12.7
      vertex 89.78 -61.4961 12.7
    endloop
  endfacet
  facet normal -0 0 1
    outer loop
      vertex 88.2826 -58.2318 12.7
      vertex 89.78 -61.4961 12.7
      vertex 88.5304 -58.1478 12.7
    endloop
  endfacet
  facet normal 0 0 1
    outer loop
      vertex 89.78 -61.4961 12.7
      vertex 88.2826 -58.2318 12.7
      vertex 89.0761 -61.8433 12.7
    endloop
  endfacet
  facet normal -0 0 1
    outer loop
      vertex 88.0261 -58.2829 12.7
      vertex 89.0761 -61.8433 12.7
      vertex 88.2826 -58.2318 12.7
    endloop
  endfacet
  facet normal 0 0 1
    outer loop
      vertex 89.0761 -61.8433 12.7
      vertex 88.0261 -58.2829 12.7
      vertex 88.3329 -62.0955 12.7
    endloop
  endfacet
  facet normal -0 0 1
    outer loop
      vertex 87.765 -58.3 12.7
      vertex 88.3329 -62.0955 12.7
      vertex 88.0261 -58.2829 12.7
    endloop
  endfacet
  facet normal 0 0 1
    outer loop
      vertex 87.765 -58.3 12.7
      vertex 87.5632 -62.2487 12.7
      vertex 88.3329 -62.0955 12.7
    endloop
  endfacet
  facet normal 0 0 1
    outer loop
      vertex 87.5039 -58.2829 12.7
      vertex 87.5632 -62.2487 12.7
      vertex 87.765 -58.3 12.7
    endloop
  endfacet
  facet normal 0 0 1
    outer loop
      vertex 86.78 -62.3 12.7
      vertex 87.5039 -58.2829 12.7
      vertex 87.2474 -58.2318 12.7
    endloop
  endfacet
  facet normal 0 0 1
    outer loop
      vertex 86.78 -62.3 12.7
      vertex 87.2474 -58.2318 12.7
      vertex 86.9996 -58.1478 12.7
    endloop
  endfacet
  facet normal 0 0 1
    outer loop
      vertex 87.5039 -58.2829 12.7
      vertex 86.78 -62.3 12.7
      vertex 87.5632 -62.2487 12.7
    endloop
  endfacet
  facet normal 0 0 1
    outer loop
      vertex 86.765 -58.0321 12.7
      vertex 86.78 -62.3 12.7
      vertex 86.9996 -58.1478 12.7
    endloop
  endfacet
  facet normal 0 0 1
    outer loop
      vertex 86.5475 -57.8867 12.7
      vertex 86.78 -62.3 12.7
      vertex 86.765 -58.0321 12.7
    endloop
  endfacet
  facet normal 0 0 1
    outer loop
      vertex 86.3508 -57.7142 12.7
      vertex 86.78 -62.3 12.7
      vertex 86.5475 -57.8867 12.7
    endloop
  endfacet
  facet normal 0 0 1
    outer loop
      vertex 86.1783 -57.5175 12.7
      vertex 86.78 -62.3 12.7
      vertex 86.3508 -57.7142 12.7
    endloop
  endfacet
  facet normal 0 0 1
    outer loop
      vertex 86.033 -57.3 12.7
      vertex 86.78 -62.3 12.7
      vertex 86.1783 -57.5175 12.7
    endloop
  endfacet
  facet normal 0 0 1
    outer loop
      vertex 85.9172 -57.0654 12.7
      vertex 86.78 -62.3 12.7
      vertex 86.033 -57.3 12.7
    endloop
  endfacet
  facet normal 0 0 1
    outer loop
      vertex 80.75 -50.3 12.7
      vertex 85.9172 -57.0654 12.7
      vertex 85.8331 -56.8176 12.7
    endloop
  endfacet
  facet normal 0 0 1
    outer loop
      vertex 80.75 -50.3 12.7
      vertex 85.8331 -56.8176 12.7
      vertex 85.7821 -56.5611 12.7
    endloop
  endfacet
  facet normal 0 0 1
    outer loop
      vertex 86.5475 -54.7133 12.7
      vertex 82.1642 -49.7142 12.7
      vertex 86.3508 -54.8858 12.7
    endloop
  endfacet
  facet normal -0 0 1
    outer loop
      vertex 81.9675 -49.8867 12.7
      vertex 86.3508 -54.8858 12.7
      vertex 82.1642 -49.7142 12.7
    endloop
  endfacet
  facet normal 0 0 1
    outer loop
      vertex 86.3508 -54.8858 12.7
      vertex 81.9675 -49.8867 12.7
      vertex 86.1783 -55.0825 12.7
    endloop
  endfacet
  facet normal -0 0 1
    outer loop
      vertex 81.75 -50.032 12.7
      vertex 86.1783 -55.0825 12.7
      vertex 81.9675 -49.8867 12.7
    endloop
  endfacet
  facet normal 0 0 1
    outer loop
      vertex 86.1783 -55.0825 12.7
      vertex 81.75 -50.032 12.7
      vertex 86.033 -55.3 12.7
    endloop
  endfacet
  facet normal -0 0 1
    outer loop
      vertex 81.5154 -50.1478 12.7
      vertex 86.033 -55.3 12.7
      vertex 81.75 -50.032 12.7
    endloop
  endfacet
  facet normal 0 0 1
    outer loop
      vertex 86.033 -55.3 12.7
      vertex 81.5154 -50.1478 12.7
      vertex 85.9172 -55.5346 12.7
    endloop
  endfacet
  facet normal -0 0 1
    outer loop
      vertex 81.2676 -50.2318 12.7
      vertex 85.9172 -55.5346 12.7
      vertex 81.5154 -50.1478 12.7
    endloop
  endfacet
  facet normal 0 0 1
    outer loop
      vertex 85.9172 -55.5346 12.7
      vertex 81.2676 -50.2318 12.7
      vertex 85.8331 -55.7824 12.7
    endloop
  endfacet
  facet normal -0 0 1
    outer loop
      vertex 81.011 -50.2829 12.7
      vertex 85.8331 -55.7824 12.7
      vertex 81.2676 -50.2318 12.7
    endloop
  endfacet
  facet normal 0 0 1
    outer loop
      vertex 85.8331 -55.7824 12.7
      vertex 81.011 -50.2829 12.7
      vertex 85.7821 -56.0389 12.7
    endloop
  endfacet
  facet normal -0 0 1
    outer loop
      vertex 80.75 -50.3 12.7
      vertex 85.7821 -56.0389 12.7
      vertex 81.011 -50.2829 12.7
    endloop
  endfacet
  facet normal 0 0 1
    outer loop
      vertex 85.7821 -56.0389 12.7
      vertex 80.75 -50.3 12.7
      vertex 85.765 -56.3 12.7
    endloop
  endfacet
  facet normal 0 0 1
    outer loop
      vertex 85.765 -56.3 12.7
      vertex 80.75 -50.3 12.7
      vertex 85.7821 -56.5611 12.7
    endloop
  endfacet
  facet normal 0 0 1
    outer loop
      vertex 85.9172 -57.0654 12.7
      vertex 80.75 -50.3 12.7
      vertex 86.78 -62.3 12.7
    endloop
  endfacet
  facet normal 0 0 1
    outer loop
      vertex 15 -51.81 12.7
      vertex 80.75 -50.3 12.7
      vertex 15 -50.3 12.7
    endloop
  endfacet
  facet normal 0 0 1
    outer loop
      vertex 80.75 -50.3 12.7
      vertex 15 -51.81 12.7
      vertex 86.78 -62.3 12.7
    endloop
  endfacet
  facet normal -0 0 1
    outer loop
      vertex -15 -51.81 12.7
      vertex 86.78 -62.3 12.7
      vertex 15 -51.81 12.7
    endloop
  endfacet
  facet normal 0 0 1
    outer loop
      vertex -86.78 -62.3 12.7
      vertex -15 -51.81 12.7
      vertex -80.75 -50.3 12.7
    endloop
  endfacet
  facet normal 0 0 1
    outer loop
      vertex -85.765 -56.3 12.7
      vertex -80.75 -50.3 12.7
      vertex -81.011 -50.2829 12.7
    endloop
  endfacet
  facet normal 0 0 1
    outer loop
      vertex -82.75 48.3 12.7
      vertex -85.765 0 12.7
      vertex -82.75 -48.3 12.7
    endloop
  endfacet
  facet normal -0 0 1
    outer loop
      vertex -85.7821 -0.261052 12.7
      vertex -82.75 -48.3 12.7
      vertex -85.765 0 12.7
    endloop
  endfacet
  facet normal 0 0 1
    outer loop
      vertex -85.765 -56.3 12.7
      vertex -82.7329 -48.561 12.7
      vertex -82.75 -48.3 12.7
    endloop
  endfacet
  facet normal 0 0 1
    outer loop
      vertex -85.765 -56.3 12.7
      vertex -82.6819 -48.8176 12.7
      vertex -82.7329 -48.561 12.7
    endloop
  endfacet
  facet normal 0 0 1
    outer loop
      vertex -85.765 -56.3 12.7
      vertex -82.5978 -49.0654 12.7
      vertex -82.6819 -48.8176 12.7
    endloop
  endfacet
  facet normal 0 0 1
    outer loop
      vertex -85.765 -56.3 12.7
      vertex -82.4821 -49.3 12.7
      vertex -82.5978 -49.0654 12.7
    endloop
  endfacet
  facet normal 0 0 1
    outer loop
      vertex -85.765 -56.3 12.7
      vertex -82.3367 -49.5175 12.7
      vertex -82.4821 -49.3 12.7
    endloop
  endfacet
  facet normal 0 0 1
    outer loop
      vertex -85.765 -56.3 12.7
      vertex -82.1642 -49.7142 12.7
      vertex -82.3367 -49.5175 12.7
    endloop
  endfacet
  facet normal 0 0 1
    outer loop
      vertex -85.765 -56.3 12.7
      vertex -81.9675 -49.8867 12.7
      vertex -82.1642 -49.7142 12.7
    endloop
  endfacet
  facet normal 0 0 1
    outer loop
      vertex -85.765 -56.3 12.7
      vertex -81.75 -50.032 12.7
      vertex -81.9675 -49.8867 12.7
    endloop
  endfacet
  facet normal 0 0 1
    outer loop
      vertex -85.765 -56.3 12.7
      vertex -81.5154 -50.1478 12.7
      vertex -81.75 -50.032 12.7
    endloop
  endfacet
  facet normal 0 0 1
    outer loop
      vertex -85.765 -56.3 12.7
      vertex -81.2676 -50.2318 12.7
      vertex -81.5154 -50.1478 12.7
    endloop
  endfacet
  facet normal 0 0 1
    outer loop
      vertex -85.765 -56.3 12.7
      vertex -81.011 -50.2829 12.7
      vertex -81.2676 -50.2318 12.7
    endloop
  endfacet
  facet normal 0 0 1
    outer loop
      vertex -80.75 -50.3 12.7
      vertex -85.765 -56.3 12.7
      vertex -85.7821 -56.5611 12.7
    endloop
  endfacet
  facet normal 0 0 1
    outer loop
      vertex -80.75 -50.3 12.7
      vertex -85.7821 -56.5611 12.7
      vertex -85.8331 -56.8176 12.7
    endloop
  endfacet
  facet normal 0 0 1
    outer loop
      vertex -80.75 -50.3 12.7
      vertex -85.8331 -56.8176 12.7
      vertex -85.9172 -57.0654 12.7
    endloop
  endfacet
  facet normal 0 0 1
    outer loop
      vertex -80.75 -50.3 12.7
      vertex -85.9172 -57.0654 12.7
      vertex -86.78 -62.3 12.7
    endloop
  endfacet
  facet normal 0 0 1
    outer loop
      vertex -86.78 -62.3 12.7
      vertex -85.9172 -57.0654 12.7
      vertex -86.033 -57.3 12.7
    endloop
  endfacet
  facet normal 0 0 1
    outer loop
      vertex -86.78 -62.3 12.7
      vertex -86.033 -57.3 12.7
      vertex -86.1783 -57.5175 12.7
    endloop
  endfacet
  facet normal 0 0 1
    outer loop
      vertex -86.78 -62.3 12.7
      vertex -86.1783 -57.5175 12.7
      vertex -86.3508 -57.7142 12.7
    endloop
  endfacet
  facet normal 0 0 1
    outer loop
      vertex -86.78 -62.3 12.7
      vertex -86.3508 -57.7142 12.7
      vertex -86.5475 -57.8867 12.7
    endloop
  endfacet
  facet normal 0 0 1
    outer loop
      vertex -86.78 -62.3 12.7
      vertex -86.5475 -57.8867 12.7
      vertex -86.765 -58.0321 12.7
    endloop
  endfacet
  facet normal 0 0 1
    outer loop
      vertex -15 -51.81 12.7
      vertex -86.78 -62.3 12.7
      vertex 86.78 -62.3 12.7
    endloop
  endfacet
  facet normal -0 0 1
    outer loop
      vertex -86.9996 -58.1478 12.7
      vertex -86.78 -62.3 12.7
      vertex -86.765 -58.0321 12.7
    endloop
  endfacet
  facet normal -0 0 1
    outer loop
      vertex -87.2474 -58.2318 12.7
      vertex -86.78 -62.3 12.7
      vertex -86.9996 -58.1478 12.7
    endloop
  endfacet
  facet normal -0 0 1
    outer loop
      vertex -87.5039 -58.2829 12.7
      vertex -86.78 -62.3 12.7
      vertex -87.2474 -58.2318 12.7
    endloop
  endfacet
  facet normal 0 0 1
    outer loop
      vertex -87.5039 -58.2829 12.7
      vertex -87.5632 -62.2487 12.7
      vertex -86.78 -62.3 12.7
    endloop
  endfacet
  facet normal -0 0 1
    outer loop
      vertex -87.765 -58.3 12.7
      vertex -87.5632 -62.2487 12.7
      vertex -87.5039 -58.2829 12.7
    endloop
  endfacet
  facet normal 0 0 1
    outer loop
      vertex -88.3329 -62.0955 12.7
      vertex -87.765 -58.3 12.7
      vertex -88.0261 -58.2829 12.7
    endloop
  endfacet
  facet normal 0 0 1
    outer loop
      vertex -89.0761 -61.8433 12.7
      vertex -88.0261 -58.2829 12.7
      vertex -88.2826 -58.2318 12.7
    endloop
  endfacet
  facet normal 0 0 1
    outer loop
      vertex -87.765 -58.3 12.7
      vertex -88.3329 -62.0955 12.7
      vertex -87.5632 -62.2487 12.7
    endloop
  endfacet
  facet normal 0 0 1
    outer loop
      vertex -89.78 -61.4961 12.7
      vertex -88.2826 -58.2318 12.7
      vertex -88.5304 -58.1478 12.7
    endloop
  endfacet
  facet normal 0 0 1
    outer loop
      vertex -90.4326 -61.0601 12.7
      vertex -88.5304 -58.1478 12.7
      vertex -88.765 -58.0321 12.7
    endloop
  endfacet
  facet normal 0 0 1
    outer loop
      vertex -91.0226 -60.5426 12.7
      vertex -88.765 -58.0321 12.7
      vertex -88.9825 -57.8867 12.7
    endloop
  endfacet
  facet normal 0 0 1
    outer loop
      vertex -88.0261 -58.2829 12.7
      vertex -89.0761 -61.8433 12.7
      vertex -88.3329 -62.0955 12.7
    endloop
  endfacet
  facet normal 0 0 1
    outer loop
      vertex -91.5401 -59.9526 12.7
      vertex -88.9825 -57.8867 12.7
      vertex -89.1792 -57.7142 12.7
    endloop
  endfacet
  facet normal 0 0 1
    outer loop
      vertex -91.9762 -59.3 12.7
      vertex -89.1792 -57.7142 12.7
      vertex -89.3517 -57.5175 12.7
    endloop
  endfacet
  facet normal 0 0 1
    outer loop
      vertex -91.9762 -59.3 12.7
      vertex -89.3517 -57.5175 12.7
      vertex -89.497 -57.3 12.7
    endloop
  endfacet
  facet normal 0 0 1
    outer loop
      vertex -92.3233 -58.5961 12.7
      vertex -89.497 -57.3 12.7
      vertex -89.6128 -57.0654 12.7
    endloop
  endfacet
  facet normal 0 0 1
    outer loop
      vertex -92.5755 -57.8529 12.7
      vertex -89.6128 -57.0654 12.7
      vertex -89.6969 -56.8176 12.7
    endloop
  endfacet
  facet normal 0 0 1
    outer loop
      vertex -92.7287 -57.0831 12.7
      vertex -89.6969 -56.8176 12.7
      vertex -89.7479 -56.5611 12.7
    endloop
  endfacet
  facet normal 0 0 1
    outer loop
      vertex -88.2826 -58.2318 12.7
      vertex -89.78 -61.4961 12.7
      vertex -89.0761 -61.8433 12.7
    endloop
  endfacet
  facet normal -0 0 1
    outer loop
      vertex -92.78 -56.3 12.7
      vertex -89.7479 -56.5611 12.7
      vertex -89.765 -56.3 12.7
    endloop
  endfacet
  facet normal 0 0 1
    outer loop
      vertex -92.78 -56.3 12.7
      vertex -89.765 0 12.7
      vertex -92.78 56.3 12.7
    endloop
  endfacet
  facet normal 0 0 1
    outer loop
      vertex -89.497 57.3 12.7
      vertex -92.3233 58.5961 12.7
      vertex -89.6128 57.0654 12.7
    endloop
  endfacet
  facet normal 0 0 1
    outer loop
      vertex -89.7479 -56.0389 12.7
      vertex -92.78 -56.3 12.7
      vertex -89.765 -56.3 12.7
    endloop
  endfacet
  facet normal -0 0 1
    outer loop
      vertex -92.5755 57.8529 12.7
      vertex -89.6128 57.0654 12.7
      vertex -92.3233 58.5961 12.7
    endloop
  endfacet
  facet normal 0 0 1
    outer loop
      vertex -89.7479 -56.5611 12.7
      vertex -92.78 -56.3 12.7
      vertex -92.7287 -57.0831 12.7
    endloop
  endfacet
  facet normal 0 0 1
    outer loop
      vertex -89.6128 57.0654 12.7
      vertex -92.5755 57.8529 12.7
      vertex -89.6969 56.8176 12.7
    endloop
  endfacet
  facet normal 0 0 1
    outer loop
      vertex -88.5304 -58.1478 12.7
      vertex -90.4326 -61.0601 12.7
      vertex -89.78 -61.4961 12.7
    endloop
  endfacet
  facet normal -0 0 1
    outer loop
      vertex -92.7287 57.0831 12.7
      vertex -89.6969 56.8176 12.7
      vertex -92.5755 57.8529 12.7
    endloop
  endfacet
  facet normal 0 0 1
    outer loop
      vertex -88.765 -58.0321 12.7
      vertex -91.0226 -60.5426 12.7
      vertex -90.4326 -61.0601 12.7
    endloop
  endfacet
  facet normal 0 0 1
    outer loop
      vertex -89.6969 56.8176 12.7
      vertex -92.7287 57.0831 12.7
      vertex -89.7479 56.5611 12.7
    endloop
  endfacet
  facet normal 0 0 1
    outer loop
      vertex -88.9825 -57.8867 12.7
      vertex -91.5401 -59.9526 12.7
      vertex -91.0226 -60.5426 12.7
    endloop
  endfacet
  facet normal 0 0 1
    outer loop
      vertex -92.78 56.3 12.7
      vertex -89.7479 56.5611 12.7
      vertex -92.7287 57.0831 12.7
    endloop
  endfacet
  facet normal 0 0 1
    outer loop
      vertex -89.1792 -57.7142 12.7
      vertex -91.9762 -59.3 12.7
      vertex -91.5401 -59.9526 12.7
    endloop
  endfacet
  facet normal 0 0 1
    outer loop
      vertex -89.7479 56.5611 12.7
      vertex -92.78 56.3 12.7
      vertex -89.765 56.3 12.7
    endloop
  endfacet
  facet normal 0 0 1
    outer loop
      vertex -89.497 -57.3 12.7
      vertex -92.3233 -58.5961 12.7
      vertex -91.9762 -59.3 12.7
    endloop
  endfacet
  facet normal 0 0 1
    outer loop
      vertex -89.6128 -57.0654 12.7
      vertex -92.5755 -57.8529 12.7
      vertex -92.3233 -58.5961 12.7
    endloop
  endfacet
  facet normal 0 0 1
    outer loop
      vertex -89.6969 -56.8176 12.7
      vertex -92.7287 -57.0831 12.7
      vertex -92.5755 -57.8529 12.7
    endloop
  endfacet
  facet normal -0 0 1
    outer loop
      vertex 1.98289 56.0389 12.7
      vertex 80.75 50.3 12.7
      vertex 2 56.3 12.7
    endloop
  endfacet
  facet normal -0 0 1
    outer loop
      vertex 1.93185 55.7824 12.7
      vertex 80.75 50.3 12.7
      vertex 1.98289 56.0389 12.7
    endloop
  endfacet
  facet normal -0 0 1
    outer loop
      vertex 1.84776 55.5346 12.7
      vertex 80.75 50.3 12.7
      vertex 1.93185 55.7824 12.7
    endloop
  endfacet
  facet normal -0 0 1
    outer loop
      vertex 1.73205 55.3 12.7
      vertex 80.75 50.3 12.7
      vertex 1.84776 55.5346 12.7
    endloop
  endfacet
  facet normal -0 0 1
    outer loop
      vertex 1.58671 55.0825 12.7
      vertex 80.75 50.3 12.7
      vertex 1.73205 55.3 12.7
    endloop
  endfacet
  facet normal -0 0 1
    outer loop
      vertex 1.41421 54.8858 12.7
      vertex 80.75 50.3 12.7
      vertex 1.58671 55.0825 12.7
    endloop
  endfacet
  facet normal -0 0 1
    outer loop
      vertex 1.21752 54.7133 12.7
      vertex 80.75 50.3 12.7
      vertex 1.41421 54.8858 12.7
    endloop
  endfacet
  facet normal -0 0 1
    outer loop
      vertex 1 54.5679 12.7
      vertex 80.75 50.3 12.7
      vertex 1.21752 54.7133 12.7
    endloop
  endfacet
  facet normal -0 0 1
    outer loop
      vertex 0.765367 54.4522 12.7
      vertex 80.75 50.3 12.7
      vertex 1 54.5679 12.7
    endloop
  endfacet
  facet normal -0 0 1
    outer loop
      vertex 0.517637 54.3681 12.7
      vertex 80.75 50.3 12.7
      vertex 0.765367 54.4522 12.7
    endloop
  endfacet
  facet normal -0 0 1
    outer loop
      vertex 0.261052 54.3171 12.7
      vertex 80.75 50.3 12.7
      vertex 0.517637 54.3681 12.7
    endloop
  endfacet
  facet normal -0 0 1
    outer loop
      vertex 0 54.3 12.7
      vertex 80.75 50.3 12.7
      vertex 0.261052 54.3171 12.7
    endloop
  endfacet
  facet normal 0 0 1
    outer loop
      vertex 0 54.3 12.7
      vertex -80.75 50.3 12.7
      vertex 80.75 50.3 12.7
    endloop
  endfacet
  facet normal 0 0 1
    outer loop
      vertex -0.261052 54.3171 12.7
      vertex -80.75 50.3 12.7
      vertex 0 54.3 12.7
    endloop
  endfacet
  facet normal 0 0 1
    outer loop
      vertex -0.517637 54.3681 12.7
      vertex -80.75 50.3 12.7
      vertex -0.261052 54.3171 12.7
    endloop
  endfacet
  facet normal 0 0 1
    outer loop
      vertex -0.765367 54.4522 12.7
      vertex -80.75 50.3 12.7
      vertex -0.517637 54.3681 12.7
    endloop
  endfacet
  facet normal 0 0 1
    outer loop
      vertex -1 54.5679 12.7
      vertex -80.75 50.3 12.7
      vertex -0.765367 54.4522 12.7
    endloop
  endfacet
  facet normal 0 0 1
    outer loop
      vertex -1.21752 54.7133 12.7
      vertex -80.75 50.3 12.7
      vertex -1 54.5679 12.7
    endloop
  endfacet
  facet normal 0 0 1
    outer loop
      vertex -1.41421 54.8858 12.7
      vertex -80.75 50.3 12.7
      vertex -1.21752 54.7133 12.7
    endloop
  endfacet
  facet normal 0 0 1
    outer loop
      vertex -1.58671 55.0825 12.7
      vertex -80.75 50.3 12.7
      vertex -1.41421 54.8858 12.7
    endloop
  endfacet
  facet normal 0 0 1
    outer loop
      vertex -1.73205 55.3 12.7
      vertex -80.75 50.3 12.7
      vertex -1.58671 55.0825 12.7
    endloop
  endfacet
  facet normal 0 0 1
    outer loop
      vertex -1.84776 55.5346 12.7
      vertex -80.75 50.3 12.7
      vertex -1.73205 55.3 12.7
    endloop
  endfacet
  facet normal 0 0 1
    outer loop
      vertex -1.93185 55.7824 12.7
      vertex -80.75 50.3 12.7
      vertex -1.84776 55.5346 12.7
    endloop
  endfacet
  facet normal 0 0 1
    outer loop
      vertex -1.98289 56.0389 12.7
      vertex -80.75 50.3 12.7
      vertex -1.93185 55.7824 12.7
    endloop
  endfacet
  facet normal 0 0 1
    outer loop
      vertex -80.75 50.3 12.7
      vertex -1.98289 56.0389 12.7
      vertex -2 56.3 12.7
    endloop
  endfacet
  facet normal 0.442365 0.896835 -0
    outer loop
      vertex 89.78 61.4961 0
      vertex 89.0761 61.8433 12.7
      vertex 89.78 61.4961 12.7
    endloop
  endfacet
  facet normal 0.442365 0.896835 0
    outer loop
      vertex 89.0761 61.8433 12.7
      vertex 89.78 61.4961 0
      vertex 89.0761 61.8433 0
    endloop
  endfacet
  facet normal 0.980766 0.195185 3.15119e-19
    outer loop
      vertex 92.7287 57.0831 12.7
      vertex 92.5755 57.8529 0
      vertex 92.5755 57.8529 12.7
    endloop
  endfacet
  facet normal 0.980766 0.195185 3.15119e-19
    outer loop
      vertex 92.5755 57.8529 0
      vertex 92.7287 57.0831 12.7
      vertex 92.7287 57.0831 0
    endloop
  endfacet
  facet normal 0.555523 0.831501 -0
    outer loop
      vertex 90.4326 61.0601 0
      vertex 89.78 61.4961 12.7
      vertex 90.4326 61.0601 12.7
    endloop
  endfacet
  facet normal 0.555523 0.831501 0
    outer loop
      vertex 89.78 61.4961 12.7
      vertex 90.4326 61.0601 0
      vertex 89.78 61.4961 0
    endloop
  endfacet
  facet normal -0.997861 0.0653688 1.88859e-19
    outer loop
      vertex -92.78 56.3 0
      vertex -92.7287 57.0831 12.7
      vertex -92.7287 57.0831 0
    endloop
  endfacet
  facet normal -0.997861 0.0653688 1.88859e-19
    outer loop
      vertex -92.7287 57.0831 12.7
      vertex -92.78 56.3 0
      vertex -92.78 56.3 12.7
    endloop
  endfacet
  facet normal -0.555523 -0.831501 0
    outer loop
      vertex -90.4326 -61.0601 0
      vertex -89.78 -61.4961 12.7
      vertex -90.4326 -61.0601 12.7
    endloop
  endfacet
  facet normal -0.555523 -0.831501 -0
    outer loop
      vertex -89.78 -61.4961 12.7
      vertex -90.4326 -61.0601 0
      vertex -89.78 -61.4961 0
    endloop
  endfacet
  facet normal 0.997861 0.0653688 -1.88859e-19
    outer loop
      vertex 92.78 56.3 12.7
      vertex 92.7287 57.0831 0
      vertex 92.7287 57.0831 12.7
    endloop
  endfacet
  facet normal 0.997861 0.0653688 -1.88859e-19
    outer loop
      vertex 92.7287 57.0831 0
      vertex 92.78 56.3 12.7
      vertex 92.78 56.3 0
    endloop
  endfacet
  facet normal -0.442365 -0.896835 0
    outer loop
      vertex -89.78 -61.4961 0
      vertex -89.0761 -61.8433 12.7
      vertex -89.78 -61.4961 12.7
    endloop
  endfacet
  facet normal -0.442365 -0.896835 -0
    outer loop
      vertex -89.0761 -61.8433 12.7
      vertex -89.78 -61.4961 0
      vertex -89.0761 -61.8433 0
    endloop
  endfacet
  facet normal 0.195209 0.980762 -0
    outer loop
      vertex 88.3329 62.0955 0
      vertex 87.5632 62.2487 12.7
      vertex 88.3329 62.0955 12.7
    endloop
  endfacet
  facet normal 0.195209 0.980762 0
    outer loop
      vertex 87.5632 62.2487 12.7
      vertex 88.3329 62.0955 0
      vertex 87.5632 62.2487 0
    endloop
  endfacet
  facet normal 0.751787 -0.659406 2.42386e-18
    outer loop
      vertex 91.0226 -60.5426 12.7
      vertex 91.5401 -59.9526 0
      vertex 91.5401 -59.9526 12.7
    endloop
  endfacet
  facet normal 0.751787 -0.659406 2.42386e-18
    outer loop
      vertex 91.5401 -59.9526 0
      vertex 91.0226 -60.5426 12.7
      vertex 91.0226 -60.5426 0
    endloop
  endfacet
  facet normal -0.555523 0.831501 0
    outer loop
      vertex -89.78 61.4961 0
      vertex -90.4326 61.0601 12.7
      vertex -89.78 61.4961 12.7
    endloop
  endfacet
  facet normal -0.555523 0.831501 0
    outer loop
      vertex -90.4326 61.0601 12.7
      vertex -89.78 61.4961 0
      vertex -90.4326 61.0601 0
    endloop
  endfacet
  facet normal 0.321345 -0.946962 0
    outer loop
      vertex 88.3329 -62.0955 0
      vertex 89.0761 -61.8433 12.7
      vertex 88.3329 -62.0955 12.7
    endloop
  endfacet
  facet normal 0.321345 -0.946962 0
    outer loop
      vertex 89.0761 -61.8433 12.7
      vertex 88.3329 -62.0955 0
      vertex 89.0761 -61.8433 0
    endloop
  endfacet
  facet normal -0.321345 0.946962 0
    outer loop
      vertex -88.3329 62.0955 0
      vertex -89.0761 61.8433 12.7
      vertex -88.3329 62.0955 12.7
    endloop
  endfacet
  facet normal -0.321345 0.946962 0
    outer loop
      vertex -89.0761 61.8433 12.7
      vertex -88.3329 62.0955 0
      vertex -89.0761 61.8433 0
    endloop
  endfacet
  facet normal -0.946962 -0.321345 1.55492e-19
    outer loop
      vertex -92.3233 -58.5961 0
      vertex -92.5755 -57.8529 12.7
      vertex -92.5755 -57.8529 0
    endloop
  endfacet
  facet normal -0.946962 -0.321345 1.55492e-19
    outer loop
      vertex -92.5755 -57.8529 12.7
      vertex -92.3233 -58.5961 0
      vertex -92.3233 -58.5961 12.7
    endloop
  endfacet
  facet normal -0.896885 -0.442263 -2.52842e-19
    outer loop
      vertex -91.9762 -59.3 0
      vertex -92.3233 -58.5961 12.7
      vertex -92.3233 -58.5961 0
    endloop
  endfacet
  facet normal -0.896885 -0.442263 -2.52842e-19
    outer loop
      vertex -92.3233 -58.5961 12.7
      vertex -91.9762 -59.3 0
      vertex -91.9762 -59.3 12.7
    endloop
  endfacet
  facet normal 0.321345 0.946962 -0
    outer loop
      vertex 89.0761 61.8433 0
      vertex 88.3329 62.0955 12.7
      vertex 89.0761 61.8433 12.7
    endloop
  endfacet
  facet normal 0.321345 0.946962 0
    outer loop
      vertex 88.3329 62.0955 12.7
      vertex 89.0761 61.8433 0
      vertex 88.3329 62.0955 0
    endloop
  endfacet
  facet normal 0.831442 0.555611 1.22145e-18
    outer loop
      vertex 91.9762 59.3 12.7
      vertex 91.5401 59.9526 0
      vertex 91.5401 59.9526 12.7
    endloop
  endfacet
  facet normal 0.831442 0.555611 1.22145e-18
    outer loop
      vertex 91.5401 59.9526 0
      vertex 91.9762 59.3 12.7
      vertex 91.9762 59.3 0
    endloop
  endfacet
  facet normal 0.997861 -0.0653688 1.88859e-19
    outer loop
      vertex 92.7287 -57.0831 12.7
      vertex 92.78 -56.3 0
      vertex 92.78 -56.3 12.7
    endloop
  endfacet
  facet normal 0.997861 -0.0653688 1.88859e-19
    outer loop
      vertex 92.78 -56.3 0
      vertex 92.7287 -57.0831 12.7
      vertex 92.7287 -57.0831 0
    endloop
  endfacet
  facet normal 0.831442 -0.555611 -1.22145e-18
    outer loop
      vertex 91.5401 -59.9526 12.7
      vertex 91.9762 -59.3 0
      vertex 91.9762 -59.3 12.7
    endloop
  endfacet
  facet normal 0.831442 -0.555611 -1.22145e-18
    outer loop
      vertex 91.9762 -59.3 0
      vertex 91.5401 -59.9526 12.7
      vertex 91.5401 -59.9526 0
    endloop
  endfacet
  facet normal 0.980766 -0.195185 -3.15119e-19
    outer loop
      vertex 92.5755 -57.8529 12.7
      vertex 92.7287 -57.0831 0
      vertex 92.7287 -57.0831 12.7
    endloop
  endfacet
  facet normal 0.980766 -0.195185 -3.15119e-19
    outer loop
      vertex 92.7287 -57.0831 0
      vertex 92.5755 -57.8529 12.7
      vertex 92.5755 -57.8529 0
    endloop
  endfacet
  facet normal 0.442365 -0.896835 0
    outer loop
      vertex 89.0761 -61.8433 0
      vertex 89.78 -61.4961 12.7
      vertex 89.0761 -61.8433 12.7
    endloop
  endfacet
  facet normal 0.442365 -0.896835 0
    outer loop
      vertex 89.78 -61.4961 12.7
      vertex 89.0761 -61.8433 0
      vertex 89.78 -61.4961 0
    endloop
  endfacet
  facet normal 0.195209 -0.980762 0
    outer loop
      vertex 87.5632 -62.2487 0
      vertex 88.3329 -62.0955 12.7
      vertex 87.5632 -62.2487 12.7
    endloop
  endfacet
  facet normal 0.195209 -0.980762 0
    outer loop
      vertex 88.3329 -62.0955 12.7
      vertex 87.5632 -62.2487 0
      vertex 88.3329 -62.0955 0
    endloop
  endfacet
  facet normal 0.659406 0.751787 -0
    outer loop
      vertex 91.0226 60.5426 0
      vertex 90.4326 61.0601 12.7
      vertex 91.0226 60.5426 12.7
    endloop
  endfacet
  facet normal 0.659406 0.751787 0
    outer loop
      vertex 90.4326 61.0601 12.7
      vertex 91.0226 60.5426 0
      vertex 90.4326 61.0601 0
    endloop
  endfacet
  facet normal 0.896885 -0.442263 2.52842e-19
    outer loop
      vertex 91.9762 -59.3 12.7
      vertex 92.3233 -58.5961 0
      vertex 92.3233 -58.5961 12.7
    endloop
  endfacet
  facet normal 0.896885 -0.442263 2.52842e-19
    outer loop
      vertex 92.3233 -58.5961 0
      vertex 91.9762 -59.3 12.7
      vertex 91.9762 -59.3 0
    endloop
  endfacet
  facet normal 0.751787 0.659406 -2.42386e-18
    outer loop
      vertex 91.5401 59.9526 12.7
      vertex 91.0226 60.5426 0
      vertex 91.0226 60.5426 12.7
    endloop
  endfacet
  facet normal 0.751787 0.659406 -2.42386e-18
    outer loop
      vertex 91.0226 60.5426 0
      vertex 91.5401 59.9526 12.7
      vertex 91.5401 59.9526 0
    endloop
  endfacet
  facet normal 0.555523 -0.831501 0
    outer loop
      vertex 89.78 -61.4961 0
      vertex 90.4326 -61.0601 12.7
      vertex 89.78 -61.4961 12.7
    endloop
  endfacet
  facet normal 0.555523 -0.831501 0
    outer loop
      vertex 90.4326 -61.0601 12.7
      vertex 89.78 -61.4961 0
      vertex 90.4326 -61.0601 0
    endloop
  endfacet
  facet normal 0.946962 -0.321345 -1.55492e-19
    outer loop
      vertex 92.3233 -58.5961 12.7
      vertex 92.5755 -57.8529 0
      vertex 92.5755 -57.8529 12.7
    endloop
  endfacet
  facet normal 0.946962 -0.321345 -1.55492e-19
    outer loop
      vertex 92.5755 -57.8529 0
      vertex 92.3233 -58.5961 12.7
      vertex 92.3233 -58.5961 0
    endloop
  endfacet
  facet normal 0 0 -1
    outer loop
      vertex 85.3601 -54.3263 0
      vertex 92.78 -56.3 0
      vertex 92.7287 -57.0831 0
    endloop
  endfacet
  facet normal 0 0 -1
    outer loop
      vertex 92.78 -56.3 0
      vertex 85.98 -52.5 0
      vertex 92.78 56.3 0
    endloop
  endfacet
  facet normal 0 0 -1
    outer loop
      vertex 85.3601 -54.3263 0
      vertex 92.7287 -57.0831 0
      vertex 92.5755 -57.8529 0
    endloop
  endfacet
  facet normal 0 0 -1
    outer loop
      vertex 85.98 52.5 0
      vertex 92.78 56.3 0
      vertex 85.98 -52.5 0
    endloop
  endfacet
  facet normal 0 0 -1
    outer loop
      vertex 85.3601 -54.3263 0
      vertex 92.5755 -57.8529 0
      vertex 92.3233 -58.5961 0
    endloop
  endfacet
  facet normal 0 0 -1
    outer loop
      vertex 85.9543 52.8916 0
      vertex 92.78 56.3 0
      vertex 85.98 52.5 0
    endloop
  endfacet
  facet normal 0 0 -1
    outer loop
      vertex 85.3601 -54.3263 0
      vertex 92.3233 -58.5961 0
      vertex 91.9762 -59.3 0
    endloop
  endfacet
  facet normal 0 0 -1
    outer loop
      vertex 85.8778 53.2765 0
      vertex 92.78 56.3 0
      vertex 85.9543 52.8916 0
    endloop
  endfacet
  facet normal 0 0 -1
    outer loop
      vertex 85.1013 -54.6213 0
      vertex 91.9762 -59.3 0
      vertex 91.5401 -59.9526 0
    endloop
  endfacet
  facet normal 0 0 -1
    outer loop
      vertex 85.7516 53.6481 0
      vertex 92.78 56.3 0
      vertex 85.8778 53.2765 0
    endloop
  endfacet
  facet normal 0 0 -1
    outer loop
      vertex 85.1013 -54.6213 0
      vertex 91.5401 -59.9526 0
      vertex 91.0226 -60.5426 0
    endloop
  endfacet
  facet normal 0 0 -1
    outer loop
      vertex 85.5781 54 0
      vertex 92.78 56.3 0
      vertex 85.7516 53.6481 0
    endloop
  endfacet
  facet normal 0 0 -1
    outer loop
      vertex 85.1013 -54.6213 0
      vertex 91.0226 -60.5426 0
      vertex 90.4326 -61.0601 0
    endloop
  endfacet
  facet normal 0 0 -1
    outer loop
      vertex 85.3601 54.3263 0
      vertex 92.78 56.3 0
      vertex 85.5781 54 0
    endloop
  endfacet
  facet normal 0 0 -1
    outer loop
      vertex 85.1013 -54.6213 0
      vertex 90.4326 -61.0601 0
      vertex 89.78 -61.4961 0
    endloop
  endfacet
  facet normal -0 0 -1
    outer loop
      vertex 92.78 56.3 0
      vertex 85.3601 54.3263 0
      vertex 92.7287 57.0831 0
    endloop
  endfacet
  facet normal 0 0 -1
    outer loop
      vertex 84.8063 -54.8801 0
      vertex 89.78 -61.4961 0
      vertex 89.0761 -61.8433 0
    endloop
  endfacet
  facet normal -0 0 -1
    outer loop
      vertex 92.7287 57.0831 0
      vertex 85.3601 54.3263 0
      vertex 92.5755 57.8529 0
    endloop
  endfacet
  facet normal 0 0 -1
    outer loop
      vertex 84.8063 -54.8801 0
      vertex 89.0761 -61.8433 0
      vertex 88.3329 -62.0955 0
    endloop
  endfacet
  facet normal -0 0 -1
    outer loop
      vertex 92.5755 57.8529 0
      vertex 85.3601 54.3263 0
      vertex 92.3233 58.5961 0
    endloop
  endfacet
  facet normal 0 0 -1
    outer loop
      vertex 84.8063 -54.8801 0
      vertex 88.3329 -62.0955 0
      vertex 87.5632 -62.2487 0
    endloop
  endfacet
  facet normal -0 0 -1
    outer loop
      vertex 92.3233 58.5961 0
      vertex 85.3601 54.3263 0
      vertex 91.9762 59.3 0
    endloop
  endfacet
  facet normal 0 0 -1
    outer loop
      vertex 84.8063 -54.8801 0
      vertex 87.5632 -62.2487 0
      vertex 86.78 -62.3 0
    endloop
  endfacet
  facet normal 0 0 -1
    outer loop
      vertex 85.1013 54.6213 0
      vertex 91.9762 59.3 0
      vertex 85.3601 54.3263 0
    endloop
  endfacet
  facet normal -0 0 -1
    outer loop
      vertex 91.9762 59.3 0
      vertex 85.1013 54.6213 0
      vertex 91.5401 59.9526 0
    endloop
  endfacet
  facet normal 0 0 -1
    outer loop
      vertex 92.78 -56.3 0
      vertex 85.9543 -52.8916 0
      vertex 85.98 -52.5 0
    endloop
  endfacet
  facet normal 0 0 -1
    outer loop
      vertex 92.78 -56.3 0
      vertex 85.8778 -53.2765 0
      vertex 85.9543 -52.8916 0
    endloop
  endfacet
  facet normal 0 0 -1
    outer loop
      vertex 92.78 -56.3 0
      vertex 85.7516 -53.6481 0
      vertex 85.8778 -53.2765 0
    endloop
  endfacet
  facet normal 0 0 -1
    outer loop
      vertex 92.78 -56.3 0
      vertex 85.5781 -54 0
      vertex 85.7516 -53.6481 0
    endloop
  endfacet
  facet normal 0 0 -1
    outer loop
      vertex 92.78 -56.3 0
      vertex 85.3601 -54.3263 0
      vertex 85.5781 -54 0
    endloop
  endfacet
  facet normal 0 0 -1
    outer loop
      vertex 91.9762 -59.3 0
      vertex 85.1013 -54.6213 0
      vertex 85.3601 -54.3263 0
    endloop
  endfacet
  facet normal 0 0 -1
    outer loop
      vertex 89.78 -61.4961 0
      vertex 84.8063 -54.8801 0
      vertex 85.1013 -54.6213 0
    endloop
  endfacet
  facet normal 0 0 -1
    outer loop
      vertex 86.78 -62.3 0
      vertex 84.48 -55.0981 0
      vertex 84.8063 -54.8801 0
    endloop
  endfacet
  facet normal 0 0 -1
    outer loop
      vertex 86.78 -62.3 0
      vertex 84.1281 -55.2716 0
      vertex 84.48 -55.0981 0
    endloop
  endfacet
  facet normal 0 0 -1
    outer loop
      vertex 86.78 -62.3 0
      vertex 83.7565 -55.3978 0
      vertex 84.1281 -55.2716 0
    endloop
  endfacet
  facet normal 0 0 -1
    outer loop
      vertex 86.78 -62.3 0
      vertex 83.3716 -55.4743 0
      vertex 83.7565 -55.3978 0
    endloop
  endfacet
  facet normal 0 0 -1
    outer loop
      vertex 86.78 -62.3 0
      vertex 82.98 -55.5 0
      vertex 83.3716 -55.4743 0
    endloop
  endfacet
  facet normal 0 0 -1
    outer loop
      vertex 86.78 -62.3 0
      vertex -82.98 -55.5 0
      vertex 82.98 -55.5 0
    endloop
  endfacet
  facet normal 0 0 -1
    outer loop
      vertex -91.5401 -59.9526 0
      vertex -85.1013 -54.6213 0
      vertex -91.0226 -60.5426 0
    endloop
  endfacet
  facet normal 0 0 -1
    outer loop
      vertex -91.0226 -60.5426 0
      vertex -85.1013 -54.6213 0
      vertex -90.4326 -61.0601 0
    endloop
  endfacet
  facet normal 0 0 -1
    outer loop
      vertex -90.4326 -61.0601 0
      vertex -85.1013 -54.6213 0
      vertex -89.78 -61.4961 0
    endloop
  endfacet
  facet normal -0 0 -1
    outer loop
      vertex -84.8063 -54.8801 0
      vertex -89.78 -61.4961 0
      vertex -85.1013 -54.6213 0
    endloop
  endfacet
  facet normal 0 0 -1
    outer loop
      vertex -89.78 -61.4961 0
      vertex -84.8063 -54.8801 0
      vertex -89.0761 -61.8433 0
    endloop
  endfacet
  facet normal 0 0 -1
    outer loop
      vertex -89.0761 -61.8433 0
      vertex -84.8063 -54.8801 0
      vertex -88.3329 -62.0955 0
    endloop
  endfacet
  facet normal 0 0 -1
    outer loop
      vertex -88.3329 -62.0955 0
      vertex -84.8063 -54.8801 0
      vertex -87.5632 -62.2487 0
    endloop
  endfacet
  facet normal 0 0 -1
    outer loop
      vertex -87.5632 -62.2487 0
      vertex -84.8063 -54.8801 0
      vertex -86.78 -62.3 0
    endloop
  endfacet
  facet normal -0 0 -1
    outer loop
      vertex -84.48 -55.0981 0
      vertex -86.78 -62.3 0
      vertex -84.8063 -54.8801 0
    endloop
  endfacet
  facet normal -0 0 -1
    outer loop
      vertex -84.1281 -55.2716 0
      vertex -86.78 -62.3 0
      vertex -84.48 -55.0981 0
    endloop
  endfacet
  facet normal -0 0 -1
    outer loop
      vertex -83.7565 -55.3978 0
      vertex -86.78 -62.3 0
      vertex -84.1281 -55.2716 0
    endloop
  endfacet
  facet normal -0 0 -1
    outer loop
      vertex -83.3716 -55.4743 0
      vertex -86.78 -62.3 0
      vertex -83.7565 -55.3978 0
    endloop
  endfacet
  facet normal -0 0 -1
    outer loop
      vertex -82.98 -55.5 0
      vertex -86.78 -62.3 0
      vertex -83.3716 -55.4743 0
    endloop
  endfacet
  facet normal 0 0 -1
    outer loop
      vertex -86.78 -62.3 0
      vertex -82.98 -55.5 0
      vertex 86.78 -62.3 0
    endloop
  endfacet
  facet normal -0 0 -1
    outer loop
      vertex 91.5401 59.9526 0
      vertex 85.1013 54.6213 0
      vertex 91.0226 60.5426 0
    endloop
  endfacet
  facet normal -0 0 -1
    outer loop
      vertex 91.0226 60.5426 0
      vertex 85.1013 54.6213 0
      vertex 90.4326 61.0601 0
    endloop
  endfacet
  facet normal -0 0 -1
    outer loop
      vertex 90.4326 61.0601 0
      vertex 85.1013 54.6213 0
      vertex 89.78 61.4961 0
    endloop
  endfacet
  facet normal 0 0 -1
    outer loop
      vertex 84.8063 54.8801 0
      vertex 89.78 61.4961 0
      vertex 85.1013 54.6213 0
    endloop
  endfacet
  facet normal -0 0 -1
    outer loop
      vertex 89.78 61.4961 0
      vertex 84.8063 54.8801 0
      vertex 89.0761 61.8433 0
    endloop
  endfacet
  facet normal -0 0 -1
    outer loop
      vertex 89.0761 61.8433 0
      vertex 84.8063 54.8801 0
      vertex 88.3329 62.0955 0
    endloop
  endfacet
  facet normal -0 0 -1
    outer loop
      vertex 88.3329 62.0955 0
      vertex 84.8063 54.8801 0
      vertex 87.5632 62.2487 0
    endloop
  endfacet
  facet normal -0 0 -1
    outer loop
      vertex 87.5632 62.2487 0
      vertex 84.8063 54.8801 0
      vertex 86.78 62.3 0
    endloop
  endfacet
  facet normal 0 0 -1
    outer loop
      vertex 84.48 55.0981 0
      vertex 86.78 62.3 0
      vertex 84.8063 54.8801 0
    endloop
  endfacet
  facet normal 0 0 -1
    outer loop
      vertex 84.1281 55.2716 0
      vertex 86.78 62.3 0
      vertex 84.48 55.0981 0
    endloop
  endfacet
  facet normal 0 0 -1
    outer loop
      vertex 83.7565 55.3978 0
      vertex 86.78 62.3 0
      vertex 84.1281 55.2716 0
    endloop
  endfacet
  facet normal 0 0 -1
    outer loop
      vertex 83.3716 55.4743 0
      vertex 86.78 62.3 0
      vertex 83.7565 55.3978 0
    endloop
  endfacet
  facet normal 0 0 -1
    outer loop
      vertex 82.98 55.5 0
      vertex 86.78 62.3 0
      vertex 83.3716 55.4743 0
    endloop
  endfacet
  facet normal 0 0 -1
    outer loop
      vertex -82.98 55.5 0
      vertex 86.78 62.3 0
      vertex 82.98 55.5 0
    endloop
  endfacet
  facet normal 0 0 -1
    outer loop
      vertex -82.98 55.5 0
      vertex -86.78 62.3 0
      vertex 86.78 62.3 0
    endloop
  endfacet
  facet normal 0 0 -1
    outer loop
      vertex -83.3716 55.4743 0
      vertex -86.78 62.3 0
      vertex -82.98 55.5 0
    endloop
  endfacet
  facet normal 0 0 -1
    outer loop
      vertex -83.7565 55.3978 0
      vertex -86.78 62.3 0
      vertex -83.3716 55.4743 0
    endloop
  endfacet
  facet normal 0 0 -1
    outer loop
      vertex -84.1281 55.2716 0
      vertex -86.78 62.3 0
      vertex -83.7565 55.3978 0
    endloop
  endfacet
  facet normal 0 0 -1
    outer loop
      vertex -84.48 55.0981 0
      vertex -86.78 62.3 0
      vertex -84.1281 55.2716 0
    endloop
  endfacet
  facet normal 0 0 -1
    outer loop
      vertex -84.8063 54.8801 0
      vertex -86.78 62.3 0
      vertex -84.48 55.0981 0
    endloop
  endfacet
  facet normal 0 0 -1
    outer loop
      vertex -89.78 61.4961 0
      vertex -84.8063 54.8801 0
      vertex -85.1013 54.6213 0
    endloop
  endfacet
  facet normal 0 0 -1
    outer loop
      vertex -91.9762 59.3 0
      vertex -85.1013 54.6213 0
      vertex -85.3601 54.3263 0
    endloop
  endfacet
  facet normal 0 0 -1
    outer loop
      vertex -92.78 56.3 0
      vertex -85.3601 54.3263 0
      vertex -85.5781 54 0
    endloop
  endfacet
  facet normal 0 0 -1
    outer loop
      vertex -92.78 56.3 0
      vertex -85.5781 54 0
      vertex -85.7516 53.6481 0
    endloop
  endfacet
  facet normal 0 0 -1
    outer loop
      vertex -92.78 56.3 0
      vertex -85.7516 53.6481 0
      vertex -85.8778 53.2765 0
    endloop
  endfacet
  facet normal 0 0 -1
    outer loop
      vertex -92.78 56.3 0
      vertex -85.8778 53.2765 0
      vertex -85.9543 52.8916 0
    endloop
  endfacet
  facet normal 0 0 -1
    outer loop
      vertex -92.78 56.3 0
      vertex -85.9543 52.8916 0
      vertex -85.98 52.5 0
    endloop
  endfacet
  facet normal -0 0 -1
    outer loop
      vertex -85.98 -52.5 0
      vertex -92.78 -56.3 0
      vertex -85.98 52.5 0
    endloop
  endfacet
  facet normal 0 0 -1
    outer loop
      vertex -91.9762 -59.3 0
      vertex -85.1013 -54.6213 0
      vertex -91.5401 -59.9526 0
    endloop
  endfacet
  facet normal 0 0 -1
    outer loop
      vertex -92.78 56.3 0
      vertex -85.98 52.5 0
      vertex -92.78 -56.3 0
    endloop
  endfacet
  facet normal -0 0 -1
    outer loop
      vertex -85.1013 -54.6213 0
      vertex -91.9762 -59.3 0
      vertex -85.3601 -54.3263 0
    endloop
  endfacet
  facet normal 0 0 -1
    outer loop
      vertex -85.3601 54.3263 0
      vertex -92.78 56.3 0
      vertex -92.7287 57.0831 0
    endloop
  endfacet
  facet normal 0 0 -1
    outer loop
      vertex -92.3233 -58.5961 0
      vertex -85.3601 -54.3263 0
      vertex -91.9762 -59.3 0
    endloop
  endfacet
  facet normal 0 0 -1
    outer loop
      vertex -84.8063 54.8801 0
      vertex -87.5632 62.2487 0
      vertex -86.78 62.3 0
    endloop
  endfacet
  facet normal 0 0 -1
    outer loop
      vertex -92.5755 -57.8529 0
      vertex -85.3601 -54.3263 0
      vertex -92.3233 -58.5961 0
    endloop
  endfacet
  facet normal 0 0 -1
    outer loop
      vertex -84.8063 54.8801 0
      vertex -88.3329 62.0955 0
      vertex -87.5632 62.2487 0
    endloop
  endfacet
  facet normal 0 0 -1
    outer loop
      vertex -92.7287 -57.0831 0
      vertex -85.3601 -54.3263 0
      vertex -92.5755 -57.8529 0
    endloop
  endfacet
  facet normal 0 0 -1
    outer loop
      vertex -84.8063 54.8801 0
      vertex -89.0761 61.8433 0
      vertex -88.3329 62.0955 0
    endloop
  endfacet
  facet normal 0 0 -1
    outer loop
      vertex -92.78 -56.3 0
      vertex -85.3601 -54.3263 0
      vertex -92.7287 -57.0831 0
    endloop
  endfacet
  facet normal 0 0 -1
    outer loop
      vertex -84.8063 54.8801 0
      vertex -89.78 61.4961 0
      vertex -89.0761 61.8433 0
    endloop
  endfacet
  facet normal -0 0 -1
    outer loop
      vertex -85.3601 -54.3263 0
      vertex -92.78 -56.3 0
      vertex -85.5781 -54 0
    endloop
  endfacet
  facet normal 0 0 -1
    outer loop
      vertex -85.1013 54.6213 0
      vertex -90.4326 61.0601 0
      vertex -89.78 61.4961 0
    endloop
  endfacet
  facet normal -0 0 -1
    outer loop
      vertex -85.5781 -54 0
      vertex -92.78 -56.3 0
      vertex -85.7516 -53.6481 0
    endloop
  endfacet
  facet normal 0 0 -1
    outer loop
      vertex -85.1013 54.6213 0
      vertex -91.0226 60.5426 0
      vertex -90.4326 61.0601 0
    endloop
  endfacet
  facet normal -0 0 -1
    outer loop
      vertex -85.7516 -53.6481 0
      vertex -92.78 -56.3 0
      vertex -85.8778 -53.2765 0
    endloop
  endfacet
  facet normal 0 0 -1
    outer loop
      vertex -85.1013 54.6213 0
      vertex -91.5401 59.9526 0
      vertex -91.0226 60.5426 0
    endloop
  endfacet
  facet normal -0 0 -1
    outer loop
      vertex -85.8778 -53.2765 0
      vertex -92.78 -56.3 0
      vertex -85.9543 -52.8916 0
    endloop
  endfacet
  facet normal 0 0 -1
    outer loop
      vertex -85.1013 54.6213 0
      vertex -91.9762 59.3 0
      vertex -91.5401 59.9526 0
    endloop
  endfacet
  facet normal -0 0 -1
    outer loop
      vertex -85.9543 -52.8916 0
      vertex -92.78 -56.3 0
      vertex -85.98 -52.5 0
    endloop
  endfacet
  facet normal 0 0 -1
    outer loop
      vertex -85.3601 54.3263 0
      vertex -92.3233 58.5961 0
      vertex -91.9762 59.3 0
    endloop
  endfacet
  facet normal 0 0 -1
    outer loop
      vertex -85.3601 54.3263 0
      vertex -92.5755 57.8529 0
      vertex -92.3233 58.5961 0
    endloop
  endfacet
  facet normal 0 0 -1
    outer loop
      vertex -85.3601 54.3263 0
      vertex -92.7287 57.0831 0
      vertex -92.5755 57.8529 0
    endloop
  endfacet
  facet normal -0.321574 0.946885 0
    outer loop
      vertex 84.1281 -55.2716 0
      vertex 83.7565 -55.3978 2.5
      vertex 84.1281 -55.2716 2.5
    endloop
  endfacet
  facet normal -0.321574 0.946885 0
    outer loop
      vertex 83.7565 -55.3978 2.5
      vertex 84.1281 -55.2716 0
      vertex 83.7565 -55.3978 0
    endloop
  endfacet
  facet normal 0 1 -0
    outer loop
      vertex 82.98 -55.5 0
      vertex -82.98 -55.5 2.5
      vertex 82.98 -55.5 2.5
    endloop
  endfacet
  facet normal 0 1 0
    outer loop
      vertex -82.98 -55.5 2.5
      vertex 82.98 -55.5 0
      vertex -82.98 -55.5 0
    endloop
  endfacet
  facet normal -0.19494 0.980815 0
    outer loop
      vertex 83.7565 -55.3978 0
      vertex 83.3716 -55.4743 2.5
      vertex 83.7565 -55.3978 2.5
    endloop
  endfacet
  facet normal -0.19494 0.980815 0
    outer loop
      vertex 83.3716 -55.4743 2.5
      vertex 83.7565 -55.3978 0
      vertex 83.3716 -55.4743 0
    endloop
  endfacet
  facet normal -0.751724 -0.659478 4.30383e-18
    outer loop
      vertex 85.3601 54.3263 0
      vertex 85.1013 54.6213 2.5
      vertex 85.1013 54.6213 0
    endloop
  endfacet
  facet normal -0.751724 -0.659478 4.30383e-18
    outer loop
      vertex 85.1013 54.6213 2.5
      vertex 85.3601 54.3263 0
      vertex 85.3601 54.3263 2.5
    endloop
  endfacet
  facet normal -0.0654873 -0.997853 0
    outer loop
      vertex 82.98 55.5 0
      vertex 83.3716 55.4743 2.5
      vertex 82.98 55.5 2.5
    endloop
  endfacet
  facet normal -0.0654873 -0.997853 -0
    outer loop
      vertex 83.3716 55.4743 2.5
      vertex 82.98 55.5 0
      vertex 83.3716 55.4743 0
    endloop
  endfacet
  facet normal -0.0654873 0.997853 0
    outer loop
      vertex 83.3716 -55.4743 0
      vertex 82.98 -55.5 2.5
      vertex 83.3716 -55.4743 2.5
    endloop
  endfacet
  facet normal -0.0654873 0.997853 0
    outer loop
      vertex 82.98 -55.5 2.5
      vertex 83.3716 -55.4743 0
      vertex 82.98 -55.5 0
    endloop
  endfacet
  facet normal 0.896911 0.442211 4.6724e-20
    outer loop
      vertex -85.5781 -54 2.5
      vertex -85.7516 -53.6481 0
      vertex -85.7516 -53.6481 2.5
    endloop
  endfacet
  facet normal 0.896911 0.442211 4.6724e-20
    outer loop
      vertex -85.7516 -53.6481 0
      vertex -85.5781 -54 2.5
      vertex -85.5781 -54 0
    endloop
  endfacet
  facet normal 0.0654873 0.997853 -0
    outer loop
      vertex -82.98 -55.5 0
      vertex -83.3716 -55.4743 2.5
      vertex -82.98 -55.5 2.5
    endloop
  endfacet
  facet normal 0.0654873 0.997853 0
    outer loop
      vertex -83.3716 -55.4743 2.5
      vertex -82.98 -55.5 0
      vertex -83.3716 -55.4743 0
    endloop
  endfacet
  facet normal 0.321574 0.946885 -0
    outer loop
      vertex -83.7565 -55.3978 0
      vertex -84.1281 -55.2716 2.5
      vertex -83.7565 -55.3978 2.5
    endloop
  endfacet
  facet normal 0.321574 0.946885 0
    outer loop
      vertex -84.1281 -55.2716 2.5
      vertex -83.7565 -55.3978 0
      vertex -84.1281 -55.2716 0
    endloop
  endfacet
  facet normal 0.659478 -0.751724 0
    outer loop
      vertex -85.1013 54.6213 0
      vertex -84.8063 54.8801 2.5
      vertex -85.1013 54.6213 2.5
    endloop
  endfacet
  facet normal 0.659478 -0.751724 0
    outer loop
      vertex -84.8063 54.8801 2.5
      vertex -85.1013 54.6213 0
      vertex -84.8063 54.8801 0
    endloop
  endfacet
  facet normal 0.896911 -0.442211 -4.6724e-20
    outer loop
      vertex -85.7516 53.6481 2.5
      vertex -85.5781 54 0
      vertex -85.5781 54 2.5
    endloop
  endfacet
  facet normal 0.896911 -0.442211 -4.6724e-20
    outer loop
      vertex -85.5781 54 0
      vertex -85.7516 53.6481 2.5
      vertex -85.7516 53.6481 0
    endloop
  endfacet
  facet normal 0.555523 -0.831501 0
    outer loop
      vertex -84.8063 54.8801 0
      vertex -84.48 55.0981 2.5
      vertex -84.8063 54.8801 2.5
    endloop
  endfacet
  facet normal 0.555523 -0.831501 0
    outer loop
      vertex -84.48 55.0981 2.5
      vertex -84.8063 54.8801 0
      vertex -84.48 55.0981 0
    endloop
  endfacet
  facet normal 0.442211 -0.896911 0
    outer loop
      vertex -84.48 55.0981 0
      vertex -84.1281 55.2716 2.5
      vertex -84.48 55.0981 2.5
    endloop
  endfacet
  facet normal 0.442211 -0.896911 0
    outer loop
      vertex -84.1281 55.2716 2.5
      vertex -84.48 55.0981 0
      vertex -84.1281 55.2716 0
    endloop
  endfacet
  facet normal -1 0 0
    outer loop
      vertex 85.98 -52.5 0
      vertex 85.98 52.5 2.5
      vertex 85.98 52.5 0
    endloop
  endfacet
  facet normal -1 -0 0
    outer loop
      vertex 85.98 52.5 2.5
      vertex 85.98 -52.5 0
      vertex 85.98 -52.5 2.5
    endloop
  endfacet
  facet normal 1 -0 0
    outer loop
      vertex -85.98 -52.5 2.5
      vertex -85.98 52.5 0
      vertex -85.98 52.5 2.5
    endloop
  endfacet
  facet normal 1 0 0
    outer loop
      vertex -85.98 52.5 0
      vertex -85.98 -52.5 2.5
      vertex -85.98 -52.5 0
    endloop
  endfacet
  facet normal 0.0654873 -0.997853 0
    outer loop
      vertex -83.3716 55.4743 0
      vertex -82.98 55.5 2.5
      vertex -83.3716 55.4743 2.5
    endloop
  endfacet
  facet normal 0.0654873 -0.997853 0
    outer loop
      vertex -82.98 55.5 2.5
      vertex -83.3716 55.4743 0
      vertex -82.98 55.5 0
    endloop
  endfacet
  facet normal -0.321574 -0.946885 0
    outer loop
      vertex 83.7565 55.3978 0
      vertex 84.1281 55.2716 2.5
      vertex 83.7565 55.3978 2.5
    endloop
  endfacet
  facet normal -0.321574 -0.946885 -0
    outer loop
      vertex 84.1281 55.2716 2.5
      vertex 83.7565 55.3978 0
      vertex 84.1281 55.2716 0
    endloop
  endfacet
  facet normal 0.659478 0.751724 -0
    outer loop
      vertex -84.8063 -54.8801 0
      vertex -85.1013 -54.6213 2.5
      vertex -84.8063 -54.8801 2.5
    endloop
  endfacet
  facet normal 0.659478 0.751724 0
    outer loop
      vertex -85.1013 -54.6213 2.5
      vertex -84.8063 -54.8801 0
      vertex -85.1013 -54.6213 0
    endloop
  endfacet
  facet normal 0.946885 -0.321574 1.41151e-19
    outer loop
      vertex -85.8778 53.2765 2.5
      vertex -85.7516 53.6481 0
      vertex -85.7516 53.6481 2.5
    endloop
  endfacet
  facet normal 0.946885 -0.321574 1.41151e-19
    outer loop
      vertex -85.7516 53.6481 0
      vertex -85.8778 53.2765 2.5
      vertex -85.8778 53.2765 0
    endloop
  endfacet
  facet normal 0.19494 0.980815 -0
    outer loop
      vertex -83.3716 -55.4743 0
      vertex -83.7565 -55.3978 2.5
      vertex -83.3716 -55.4743 2.5
    endloop
  endfacet
  facet normal 0.19494 0.980815 0
    outer loop
      vertex -83.7565 -55.3978 2.5
      vertex -83.3716 -55.4743 0
      vertex -83.7565 -55.3978 0
    endloop
  endfacet
  facet normal 0.751724 -0.659478 -4.30383e-18
    outer loop
      vertex -85.3601 54.3263 2.5
      vertex -85.1013 54.6213 0
      vertex -85.1013 54.6213 2.5
    endloop
  endfacet
  facet normal 0.751724 -0.659478 -4.30383e-18
    outer loop
      vertex -85.1013 54.6213 0
      vertex -85.3601 54.3263 2.5
      vertex -85.3601 54.3263 0
    endloop
  endfacet
  facet normal -0.980815 0.19494 1.53768e-19
    outer loop
      vertex 85.8778 -53.2765 0
      vertex 85.9543 -52.8916 2.5
      vertex 85.9543 -52.8916 0
    endloop
  endfacet
  facet normal -0.980815 0.19494 1.53768e-19
    outer loop
      vertex 85.9543 -52.8916 2.5
      vertex 85.8778 -53.2765 0
      vertex 85.8778 -53.2765 2.5
    endloop
  endfacet
  facet normal 0.442211 0.896911 -0
    outer loop
      vertex -84.1281 -55.2716 0
      vertex -84.48 -55.0981 2.5
      vertex -84.1281 -55.2716 2.5
    endloop
  endfacet
  facet normal 0.442211 0.896911 0
    outer loop
      vertex -84.48 -55.0981 2.5
      vertex -84.1281 -55.2716 0
      vertex -84.48 -55.0981 0
    endloop
  endfacet
  facet normal 0 -1 0
    outer loop
      vertex -82.98 55.5 0
      vertex 82.98 55.5 2.5
      vertex -82.98 55.5 2.5
    endloop
  endfacet
  facet normal 0 -1 -0
    outer loop
      vertex 82.98 55.5 2.5
      vertex -82.98 55.5 0
      vertex 82.98 55.5 0
    endloop
  endfacet
  facet normal -0.831501 -0.555523 3.27421e-18
    outer loop
      vertex 85.5781 54 0
      vertex 85.3601 54.3263 2.5
      vertex 85.3601 54.3263 0
    endloop
  endfacet
  facet normal -0.831501 -0.555523 3.27421e-18
    outer loop
      vertex 85.3601 54.3263 2.5
      vertex 85.5781 54 0
      vertex 85.5781 54 2.5
    endloop
  endfacet
  facet normal 0.321574 -0.946885 0
    outer loop
      vertex -84.1281 55.2716 0
      vertex -83.7565 55.3978 2.5
      vertex -84.1281 55.2716 2.5
    endloop
  endfacet
  facet normal 0.321574 -0.946885 0
    outer loop
      vertex -83.7565 55.3978 2.5
      vertex -84.1281 55.2716 0
      vertex -83.7565 55.3978 0
    endloop
  endfacet
  facet normal 0.831501 -0.555523 -3.27421e-18
    outer loop
      vertex -85.5781 54 2.5
      vertex -85.3601 54.3263 0
      vertex -85.3601 54.3263 2.5
    endloop
  endfacet
  facet normal 0.831501 -0.555523 -3.27421e-18
    outer loop
      vertex -85.3601 54.3263 0
      vertex -85.5781 54 2.5
      vertex -85.5781 54 0
    endloop
  endfacet
  facet normal 0.555523 0.831501 -0
    outer loop
      vertex -84.48 -55.0981 0
      vertex -84.8063 -54.8801 2.5
      vertex -84.48 -55.0981 2.5
    endloop
  endfacet
  facet normal 0.555523 0.831501 0
    outer loop
      vertex -84.8063 -54.8801 2.5
      vertex -84.48 -55.0981 0
      vertex -84.8063 -54.8801 0
    endloop
  endfacet
  facet normal 0.19494 -0.980815 0
    outer loop
      vertex -83.7565 55.3978 0
      vertex -83.3716 55.4743 2.5
      vertex -83.7565 55.3978 2.5
    endloop
  endfacet
  facet normal 0.19494 -0.980815 0
    outer loop
      vertex -83.3716 55.4743 2.5
      vertex -83.7565 55.3978 0
      vertex -83.3716 55.4743 0
    endloop
  endfacet
  facet normal -0.896911 0.442211 -4.6724e-20
    outer loop
      vertex 85.5781 -54 0
      vertex 85.7516 -53.6481 2.5
      vertex 85.7516 -53.6481 0
    endloop
  endfacet
  facet normal -0.896911 0.442211 -4.6724e-20
    outer loop
      vertex 85.7516 -53.6481 2.5
      vertex 85.5781 -54 0
      vertex 85.5781 -54 2.5
    endloop
  endfacet
  facet normal -0.659478 0.751724 0
    outer loop
      vertex 85.1013 -54.6213 0
      vertex 84.8063 -54.8801 2.5
      vertex 85.1013 -54.6213 2.5
    endloop
  endfacet
  facet normal -0.659478 0.751724 0
    outer loop
      vertex 84.8063 -54.8801 2.5
      vertex 85.1013 -54.6213 0
      vertex 84.8063 -54.8801 0
    endloop
  endfacet
  facet normal -0.555523 -0.831501 0
    outer loop
      vertex 84.48 55.0981 0
      vertex 84.8063 54.8801 2.5
      vertex 84.48 55.0981 2.5
    endloop
  endfacet
  facet normal -0.555523 -0.831501 -0
    outer loop
      vertex 84.8063 54.8801 2.5
      vertex 84.48 55.0981 0
      vertex 84.8063 54.8801 0
    endloop
  endfacet
  facet normal -0.442211 -0.896911 0
    outer loop
      vertex 84.1281 55.2716 0
      vertex 84.48 55.0981 2.5
      vertex 84.1281 55.2716 2.5
    endloop
  endfacet
  facet normal -0.442211 -0.896911 -0
    outer loop
      vertex 84.48 55.0981 2.5
      vertex 84.1281 55.2716 0
      vertex 84.48 55.0981 0
    endloop
  endfacet
  facet normal -0.946885 -0.321574 -1.41151e-19
    outer loop
      vertex 85.8778 53.2765 0
      vertex 85.7516 53.6481 2.5
      vertex 85.7516 53.6481 0
    endloop
  endfacet
  facet normal -0.946885 -0.321574 -1.41151e-19
    outer loop
      vertex 85.7516 53.6481 2.5
      vertex 85.8778 53.2765 0
      vertex 85.8778 53.2765 2.5
    endloop
  endfacet
  facet normal -0.19494 -0.980815 0
    outer loop
      vertex 83.3716 55.4743 0
      vertex 83.7565 55.3978 2.5
      vertex 83.3716 55.4743 2.5
    endloop
  endfacet
  facet normal -0.19494 -0.980815 -0
    outer loop
      vertex 83.7565 55.3978 2.5
      vertex 83.3716 55.4743 0
      vertex 83.7565 55.3978 0
    endloop
  endfacet
  facet normal -0.997853 -0.0654873 -8.70538e-19
    outer loop
      vertex 85.98 52.5 0
      vertex 85.9543 52.8916 2.5
      vertex 85.9543 52.8916 0
    endloop
  endfacet
  facet normal -0.997853 -0.0654873 -8.70538e-19
    outer loop
      vertex 85.9543 52.8916 2.5
      vertex 85.98 52.5 0
      vertex 85.98 52.5 2.5
    endloop
  endfacet
  facet normal -0.831501 0.555523 -3.27421e-18
    outer loop
      vertex 85.3601 -54.3263 0
      vertex 85.5781 -54 2.5
      vertex 85.5781 -54 0
    endloop
  endfacet
  facet normal -0.831501 0.555523 -3.27421e-18
    outer loop
      vertex 85.5781 -54 2.5
      vertex 85.3601 -54.3263 0
      vertex 85.3601 -54.3263 2.5
    endloop
  endfacet
  facet normal -0.751724 0.659478 -4.30383e-18
    outer loop
      vertex 85.1013 -54.6213 0
      vertex 85.3601 -54.3263 2.5
      vertex 85.3601 -54.3263 0
    endloop
  endfacet
  facet normal -0.751724 0.659478 -4.30383e-18
    outer loop
      vertex 85.3601 -54.3263 2.5
      vertex 85.1013 -54.6213 0
      vertex 85.1013 -54.6213 2.5
    endloop
  endfacet
  facet normal 0.997853 0.0654873 -8.70538e-19
    outer loop
      vertex -85.9543 -52.8916 2.5
      vertex -85.98 -52.5 0
      vertex -85.98 -52.5 2.5
    endloop
  endfacet
  facet normal 0.997853 0.0654873 -8.70538e-19
    outer loop
      vertex -85.98 -52.5 0
      vertex -85.9543 -52.8916 2.5
      vertex -85.9543 -52.8916 0
    endloop
  endfacet
  facet normal 0.980815 -0.19494 1.53768e-19
    outer loop
      vertex -85.9543 52.8916 2.5
      vertex -85.8778 53.2765 0
      vertex -85.8778 53.2765 2.5
    endloop
  endfacet
  facet normal 0.980815 -0.19494 1.53768e-19
    outer loop
      vertex -85.8778 53.2765 0
      vertex -85.9543 52.8916 2.5
      vertex -85.9543 52.8916 0
    endloop
  endfacet
  facet normal 0.997853 -0.0654873 8.70538e-19
    outer loop
      vertex -85.98 52.5 2.5
      vertex -85.9543 52.8916 0
      vertex -85.9543 52.8916 2.5
    endloop
  endfacet
  facet normal 0.997853 -0.0654873 8.70538e-19
    outer loop
      vertex -85.9543 52.8916 0
      vertex -85.98 52.5 2.5
      vertex -85.98 52.5 0
    endloop
  endfacet
  facet normal -0.946885 0.321574 1.41151e-19
    outer loop
      vertex 85.7516 -53.6481 0
      vertex 85.8778 -53.2765 2.5
      vertex 85.8778 -53.2765 0
    endloop
  endfacet
  facet normal -0.946885 0.321574 1.41151e-19
    outer loop
      vertex 85.8778 -53.2765 2.5
      vertex 85.7516 -53.6481 0
      vertex 85.7516 -53.6481 2.5
    endloop
  endfacet
  facet normal -0.659478 -0.751724 0
    outer loop
      vertex 84.8063 54.8801 0
      vertex 85.1013 54.6213 2.5
      vertex 84.8063 54.8801 2.5
    endloop
  endfacet
  facet normal -0.659478 -0.751724 -0
    outer loop
      vertex 85.1013 54.6213 2.5
      vertex 84.8063 54.8801 0
      vertex 85.1013 54.6213 0
    endloop
  endfacet
  facet normal -0.896911 -0.442211 4.6724e-20
    outer loop
      vertex 85.7516 53.6481 0
      vertex 85.5781 54 2.5
      vertex 85.5781 54 0
    endloop
  endfacet
  facet normal -0.896911 -0.442211 4.6724e-20
    outer loop
      vertex 85.5781 54 2.5
      vertex 85.7516 53.6481 0
      vertex 85.7516 53.6481 2.5
    endloop
  endfacet
  facet normal -0.980815 -0.19494 -1.53768e-19
    outer loop
      vertex 85.9543 52.8916 0
      vertex 85.8778 53.2765 2.5
      vertex 85.8778 53.2765 0
    endloop
  endfacet
  facet normal -0.980815 -0.19494 -1.53768e-19
    outer loop
      vertex 85.8778 53.2765 2.5
      vertex 85.9543 52.8916 0
      vertex 85.9543 52.8916 2.5
    endloop
  endfacet
  facet normal 0.980815 0.19494 -1.53768e-19
    outer loop
      vertex -85.8778 -53.2765 2.5
      vertex -85.9543 -52.8916 0
      vertex -85.9543 -52.8916 2.5
    endloop
  endfacet
  facet normal 0.980815 0.19494 -1.53768e-19
    outer loop
      vertex -85.9543 -52.8916 0
      vertex -85.8778 -53.2765 2.5
      vertex -85.8778 -53.2765 0
    endloop
  endfacet
  facet normal 0.946885 0.321574 -1.41151e-19
    outer loop
      vertex -85.7516 -53.6481 2.5
      vertex -85.8778 -53.2765 0
      vertex -85.8778 -53.2765 2.5
    endloop
  endfacet
  facet normal 0.946885 0.321574 -1.41151e-19
    outer loop
      vertex -85.8778 -53.2765 0
      vertex -85.7516 -53.6481 2.5
      vertex -85.7516 -53.6481 0
    endloop
  endfacet
  facet normal 0.831501 0.555523 3.27421e-18
    outer loop
      vertex -85.3601 -54.3263 2.5
      vertex -85.5781 -54 0
      vertex -85.5781 -54 2.5
    endloop
  endfacet
  facet normal 0.831501 0.555523 3.27421e-18
    outer loop
      vertex -85.5781 -54 0
      vertex -85.3601 -54.3263 2.5
      vertex -85.3601 -54.3263 0
    endloop
  endfacet
  facet normal 0.751724 0.659478 4.30383e-18
    outer loop
      vertex -85.1013 -54.6213 2.5
      vertex -85.3601 -54.3263 0
      vertex -85.3601 -54.3263 2.5
    endloop
  endfacet
  facet normal 0.751724 0.659478 4.30383e-18
    outer loop
      vertex -85.3601 -54.3263 0
      vertex -85.1013 -54.6213 2.5
      vertex -85.1013 -54.6213 0
    endloop
  endfacet
  facet normal -0.997853 0.0654873 8.70538e-19
    outer loop
      vertex 85.9543 -52.8916 0
      vertex 85.98 -52.5 2.5
      vertex 85.98 -52.5 0
    endloop
  endfacet
  facet normal -0.997853 0.0654873 8.70538e-19
    outer loop
      vertex 85.98 -52.5 2.5
      vertex 85.9543 -52.8916 0
      vertex 85.9543 -52.8916 2.5
    endloop
  endfacet
  facet normal -0.442211 0.896911 0
    outer loop
      vertex 84.48 -55.0981 0
      vertex 84.1281 -55.2716 2.5
      vertex 84.48 -55.0981 2.5
    endloop
  endfacet
  facet normal -0.442211 0.896911 0
    outer loop
      vertex 84.1281 -55.2716 2.5
      vertex 84.48 -55.0981 0
      vertex 84.1281 -55.2716 0
    endloop
  endfacet
  facet normal -0.555523 0.831501 0
    outer loop
      vertex 84.8063 -54.8801 0
      vertex 84.48 -55.0981 2.5
      vertex 84.8063 -54.8801 2.5
    endloop
  endfacet
  facet normal -0.555523 0.831501 0
    outer loop
      vertex 84.48 -55.0981 2.5
      vertex 84.8063 -54.8801 0
      vertex 84.48 -55.0981 0
    endloop
  endfacet
  facet normal -1 0 0
    outer loop
      vertex 90.28 -58.3 2.5
      vertex 90.28 58.3 4.41
      vertex 90.28 58.3 2.5
    endloop
  endfacet
  facet normal -1 -0 0
    outer loop
      vertex 90.28 58.3 4.41
      vertex 90.28 -58.3 2.5
      vertex 90.28 -58.3 4.41
    endloop
  endfacet
  facet normal -0.0652336 0.99787 0
    outer loop
      vertex 88.9758 -59.7872 2.5
      vertex 88.78 -59.8 4.41
      vertex 88.9758 -59.7872 4.41
    endloop
  endfacet
  facet normal -0.0652336 0.99787 0
    outer loop
      vertex 88.78 -59.8 4.41
      vertex 88.9758 -59.7872 2.5
      vertex 88.78 -59.8 2.5
    endloop
  endfacet
  facet normal 0.831422 -0.555641 -2.42286e-18
    outer loop
      vertex -90.079 59.05 4.41
      vertex -89.97 59.2131 2.5
      vertex -89.97 59.2131 4.41
    endloop
  endfacet
  facet normal 0.831422 -0.555641 -2.42286e-18
    outer loop
      vertex -89.97 59.2131 2.5
      vertex -90.079 59.05 4.41
      vertex -90.079 59.05 2.5
    endloop
  endfacet
  facet normal 0.89686 -0.442315 -9.43583e-19
    outer loop
      vertex -90.1658 58.874 4.41
      vertex -90.079 59.05 2.5
      vertex -90.079 59.05 4.41
    endloop
  endfacet
  facet normal 0.89686 -0.442315 -9.43583e-19
    outer loop
      vertex -90.079 59.05 2.5
      vertex -90.1658 58.874 4.41
      vertex -90.1658 58.874 2.5
    endloop
  endfacet
  facet normal -0.99787 0.0652336 -6.92689e-20
    outer loop
      vertex 90.2672 -58.4958 2.5
      vertex 90.28 -58.3 4.41
      vertex 90.28 -58.3 2.5
    endloop
  endfacet
  facet normal -0.99787 0.0652336 -6.92689e-20
    outer loop
      vertex 90.28 -58.3 4.41
      vertex 90.2672 -58.4958 2.5
      vertex 90.2672 -58.4958 4.41
    endloop
  endfacet
  facet normal 1 -0 0
    outer loop
      vertex -90.28 -58.3 4.41
      vertex -90.28 58.3 2.5
      vertex -90.28 58.3 4.41
    endloop
  endfacet
  facet normal 1 0 0
    outer loop
      vertex -90.28 58.3 2.5
      vertex -90.28 -58.3 4.41
      vertex -90.28 -58.3 2.5
    endloop
  endfacet
  facet normal 0.195234 0.980757 -0
    outer loop
      vertex -88.9758 -59.7872 2.5
      vertex -89.1682 -59.7489 4.41
      vertex -88.9758 -59.7872 4.41
    endloop
  endfacet
  facet normal 0.195234 0.980757 0
    outer loop
      vertex -89.1682 -59.7489 4.41
      vertex -88.9758 -59.7872 2.5
      vertex -89.1682 -59.7489 2.5
    endloop
  endfacet
  facet normal 0.0652336 0.99787 -0
    outer loop
      vertex -88.78 -59.8 2.5
      vertex -88.9758 -59.7872 4.41
      vertex -88.78 -59.8 4.41
    endloop
  endfacet
  facet normal 0.0652336 0.99787 0
    outer loop
      vertex -88.9758 -59.7872 4.41
      vertex -88.78 -59.8 2.5
      vertex -88.9758 -59.7872 2.5
    endloop
  endfacet
  facet normal 0.555641 -0.831422 0
    outer loop
      vertex -89.6931 59.49 2.5
      vertex -89.53 59.599 4.41
      vertex -89.6931 59.49 4.41
    endloop
  endfacet
  facet normal 0.555641 -0.831422 0
    outer loop
      vertex -89.53 59.599 4.41
      vertex -89.6931 59.49 2.5
      vertex -89.53 59.599 2.5
    endloop
  endfacet
  facet normal 0.195234 -0.980757 0
    outer loop
      vertex -89.1682 59.7489 2.5
      vertex -88.9758 59.7872 4.41
      vertex -89.1682 59.7489 4.41
    endloop
  endfacet
  facet normal 0.195234 -0.980757 0
    outer loop
      vertex -88.9758 59.7872 4.41
      vertex -89.1682 59.7489 2.5
      vertex -88.9758 59.7872 2.5
    endloop
  endfacet
  facet normal 0 1 -0
    outer loop
      vertex 88.78 -59.8 2.5
      vertex -88.78 -59.8 4.41
      vertex 88.78 -59.8 4.41
    endloop
  endfacet
  facet normal 0 1 0
    outer loop
      vertex -88.78 -59.8 4.41
      vertex 88.78 -59.8 2.5
      vertex -88.78 -59.8 2.5
    endloop
  endfacet
  facet normal 0.89686 0.442315 9.43583e-19
    outer loop
      vertex -90.079 -59.05 4.41
      vertex -90.1658 -58.874 2.5
      vertex -90.1658 -58.874 4.41
    endloop
  endfacet
  facet normal 0.89686 0.442315 9.43583e-19
    outer loop
      vertex -90.1658 -58.874 2.5
      vertex -90.079 -59.05 4.41
      vertex -90.079 -59.05 2.5
    endloop
  endfacet
  facet normal 0.99787 -0.0652336 -6.92689e-20
    outer loop
      vertex -90.28 58.3 4.41
      vertex -90.2672 58.4958 2.5
      vertex -90.2672 58.4958 4.41
    endloop
  endfacet
  facet normal 0.99787 -0.0652336 -6.92689e-20
    outer loop
      vertex -90.2672 58.4958 2.5
      vertex -90.28 58.3 4.41
      vertex -90.28 58.3 2.5
    endloop
  endfacet
  facet normal 0 -1 0
    outer loop
      vertex -88.78 59.8 2.5
      vertex 88.78 59.8 4.41
      vertex -88.78 59.8 4.41
    endloop
  endfacet
  facet normal 0 -1 -0
    outer loop
      vertex 88.78 59.8 4.41
      vertex -88.78 59.8 2.5
      vertex 88.78 59.8 2.5
    endloop
  endfacet
  facet normal -0.89686 0.442315 -9.43583e-19
    outer loop
      vertex 90.079 -59.05 2.5
      vertex 90.1658 -58.874 4.41
      vertex 90.1658 -58.874 2.5
    endloop
  endfacet
  facet normal -0.89686 0.442315 -9.43583e-19
    outer loop
      vertex 90.1658 -58.874 4.41
      vertex 90.079 -59.05 2.5
      vertex 90.079 -59.05 4.41
    endloop
  endfacet
  facet normal -0.0652336 -0.99787 0
    outer loop
      vertex 88.78 59.8 2.5
      vertex 88.9758 59.7872 4.41
      vertex 88.78 59.8 4.41
    endloop
  endfacet
  facet normal -0.0652336 -0.99787 -0
    outer loop
      vertex 88.9758 59.7872 4.41
      vertex 88.78 59.8 2.5
      vertex 88.9758 59.7872 2.5
    endloop
  endfacet
  facet normal 0.442315 0.89686 -0
    outer loop
      vertex -89.354 -59.6858 2.5
      vertex -89.53 -59.599 4.41
      vertex -89.354 -59.6858 4.41
    endloop
  endfacet
  facet normal 0.442315 0.89686 0
    outer loop
      vertex -89.53 -59.599 4.41
      vertex -89.354 -59.6858 2.5
      vertex -89.53 -59.599 2.5
    endloop
  endfacet
  facet normal 0.321574 0.946885 -0
    outer loop
      vertex -89.1682 -59.7489 2.5
      vertex -89.354 -59.6858 4.41
      vertex -89.1682 -59.7489 4.41
    endloop
  endfacet
  facet normal 0.321574 0.946885 0
    outer loop
      vertex -89.354 -59.6858 4.41
      vertex -89.1682 -59.7489 2.5
      vertex -89.354 -59.6858 2.5
    endloop
  endfacet
  facet normal 0.0652336 -0.99787 0
    outer loop
      vertex -88.9758 59.7872 2.5
      vertex -88.78 59.8 4.41
      vertex -88.9758 59.7872 4.41
    endloop
  endfacet
  facet normal 0.0652336 -0.99787 0
    outer loop
      vertex -88.78 59.8 4.41
      vertex -88.9758 59.7872 2.5
      vertex -88.78 59.8 2.5
    endloop
  endfacet
  facet normal -0.195234 -0.980757 0
    outer loop
      vertex 88.9758 59.7872 2.5
      vertex 89.1682 59.7489 4.41
      vertex 88.9758 59.7872 4.41
    endloop
  endfacet
  facet normal -0.195234 -0.980757 -0
    outer loop
      vertex 89.1682 59.7489 4.41
      vertex 88.9758 59.7872 2.5
      vertex 89.1682 59.7489 2.5
    endloop
  endfacet
  facet normal -0.555641 0.831422 0
    outer loop
      vertex 89.6931 -59.49 2.5
      vertex 89.53 -59.599 4.41
      vertex 89.6931 -59.49 4.41
    endloop
  endfacet
  facet normal -0.555641 0.831422 0
    outer loop
      vertex 89.53 -59.599 4.41
      vertex 89.6931 -59.49 2.5
      vertex 89.53 -59.599 2.5
    endloop
  endfacet
  facet normal -0.946885 -0.321574 7.79557e-20
    outer loop
      vertex 90.2289 58.6882 2.5
      vertex 90.1658 58.874 4.41
      vertex 90.1658 58.874 2.5
    endloop
  endfacet
  facet normal -0.946885 -0.321574 7.79557e-20
    outer loop
      vertex 90.1658 58.874 4.41
      vertex 90.2289 58.6882 2.5
      vertex 90.2289 58.6882 4.41
    endloop
  endfacet
  facet normal -0.89686 -0.442315 9.43583e-19
    outer loop
      vertex 90.1658 58.874 2.5
      vertex 90.079 59.05 4.41
      vertex 90.079 59.05 2.5
    endloop
  endfacet
  facet normal -0.89686 -0.442315 9.43583e-19
    outer loop
      vertex 90.079 59.05 4.41
      vertex 90.1658 58.874 2.5
      vertex 90.1658 58.874 4.41
    endloop
  endfacet
  facet normal 0.831422 0.555641 2.42286e-18
    outer loop
      vertex -89.97 -59.2131 4.41
      vertex -90.079 -59.05 2.5
      vertex -90.079 -59.05 4.41
    endloop
  endfacet
  facet normal 0.831422 0.555641 2.42286e-18
    outer loop
      vertex -90.079 -59.05 2.5
      vertex -89.97 -59.2131 4.41
      vertex -89.97 -59.2131 2.5
    endloop
  endfacet
  facet normal 0.946885 0.321574 7.79557e-20
    outer loop
      vertex -90.1658 -58.874 4.41
      vertex -90.2289 -58.6882 2.5
      vertex -90.2289 -58.6882 4.41
    endloop
  endfacet
  facet normal 0.946885 0.321574 7.79557e-20
    outer loop
      vertex -90.2289 -58.6882 2.5
      vertex -90.1658 -58.874 4.41
      vertex -90.1658 -58.874 2.5
    endloop
  endfacet
  facet normal -0.442315 -0.89686 0
    outer loop
      vertex 89.354 59.6858 2.5
      vertex 89.53 59.599 4.41
      vertex 89.354 59.6858 4.41
    endloop
  endfacet
  facet normal -0.442315 -0.89686 -0
    outer loop
      vertex 89.53 59.599 4.41
      vertex 89.354 59.6858 2.5
      vertex 89.53 59.599 2.5
    endloop
  endfacet
  facet normal -0.555641 -0.831422 0
    outer loop
      vertex 89.53 59.599 2.5
      vertex 89.6931 59.49 4.41
      vertex 89.53 59.599 4.41
    endloop
  endfacet
  facet normal -0.555641 -0.831422 -0
    outer loop
      vertex 89.6931 59.49 4.41
      vertex 89.53 59.599 2.5
      vertex 89.6931 59.49 2.5
    endloop
  endfacet
  facet normal 0.946885 -0.321574 -7.79557e-20
    outer loop
      vertex -90.2289 58.6882 4.41
      vertex -90.1658 58.874 2.5
      vertex -90.1658 58.874 4.41
    endloop
  endfacet
  facet normal 0.946885 -0.321574 -7.79557e-20
    outer loop
      vertex -90.1658 58.874 2.5
      vertex -90.2289 58.6882 4.41
      vertex -90.2289 58.6882 2.5
    endloop
  endfacet
  facet normal 0.751976 0.65919 -2.74825e-18
    outer loop
      vertex -89.8407 -59.3606 4.41
      vertex -89.97 -59.2131 2.5
      vertex -89.97 -59.2131 4.41
    endloop
  endfacet
  facet normal 0.751976 0.65919 -2.74825e-18
    outer loop
      vertex -89.97 -59.2131 2.5
      vertex -89.8407 -59.3606 4.41
      vertex -89.8407 -59.3606 2.5
    endloop
  endfacet
  facet normal -0.659226 0.751945 0
    outer loop
      vertex 89.8407 -59.3606 2.5
      vertex 89.6931 -59.49 4.41
      vertex 89.8407 -59.3606 4.41
    endloop
  endfacet
  facet normal -0.659226 0.751945 0
    outer loop
      vertex 89.6931 -59.49 4.41
      vertex 89.8407 -59.3606 2.5
      vertex 89.6931 -59.49 2.5
    endloop
  endfacet
  facet normal -0.659226 -0.751945 0
    outer loop
      vertex 89.6931 59.49 2.5
      vertex 89.8407 59.3606 4.41
      vertex 89.6931 59.49 4.41
    endloop
  endfacet
  facet normal -0.659226 -0.751945 -0
    outer loop
      vertex 89.8407 59.3606 4.41
      vertex 89.6931 59.49 2.5
      vertex 89.8407 59.3606 2.5
    endloop
  endfacet
  facet normal 0.555641 0.831422 -0
    outer loop
      vertex -89.53 -59.599 2.5
      vertex -89.6931 -59.49 4.41
      vertex -89.53 -59.599 4.41
    endloop
  endfacet
  facet normal 0.555641 0.831422 0
    outer loop
      vertex -89.6931 -59.49 4.41
      vertex -89.53 -59.599 2.5
      vertex -89.6931 -59.49 2.5
    endloop
  endfacet
  facet normal 0.980757 -0.195234 -6.10795e-20
    outer loop
      vertex -90.2672 58.4958 4.41
      vertex -90.2289 58.6882 2.5
      vertex -90.2289 58.6882 4.41
    endloop
  endfacet
  facet normal 0.980757 -0.195234 -6.10795e-20
    outer loop
      vertex -90.2289 58.6882 2.5
      vertex -90.2672 58.4958 4.41
      vertex -90.2672 58.4958 2.5
    endloop
  endfacet
  facet normal -0.99787 -0.0652336 6.92689e-20
    outer loop
      vertex 90.28 58.3 2.5
      vertex 90.2672 58.4958 4.41
      vertex 90.2672 58.4958 2.5
    endloop
  endfacet
  facet normal -0.99787 -0.0652336 6.92689e-20
    outer loop
      vertex 90.2672 58.4958 4.41
      vertex 90.28 58.3 2.5
      vertex 90.28 58.3 4.41
    endloop
  endfacet
  facet normal 0.321574 -0.946885 0
    outer loop
      vertex -89.354 59.6858 2.5
      vertex -89.1682 59.7489 4.41
      vertex -89.354 59.6858 4.41
    endloop
  endfacet
  facet normal 0.321574 -0.946885 0
    outer loop
      vertex -89.1682 59.7489 4.41
      vertex -89.354 59.6858 2.5
      vertex -89.1682 59.7489 2.5
    endloop
  endfacet
  facet normal -0.751976 0.65919 2.74825e-18
    outer loop
      vertex 89.8407 -59.3606 2.5
      vertex 89.97 -59.2131 4.41
      vertex 89.97 -59.2131 2.5
    endloop
  endfacet
  facet normal -0.751976 0.65919 2.74825e-18
    outer loop
      vertex 89.97 -59.2131 4.41
      vertex 89.8407 -59.3606 2.5
      vertex 89.8407 -59.3606 4.41
    endloop
  endfacet
  facet normal 0.751976 -0.65919 2.74825e-18
    outer loop
      vertex -89.97 59.2131 4.41
      vertex -89.8407 59.3606 2.5
      vertex -89.8407 59.3606 4.41
    endloop
  endfacet
  facet normal 0.751976 -0.65919 2.74825e-18
    outer loop
      vertex -89.8407 59.3606 2.5
      vertex -89.97 59.2131 4.41
      vertex -89.97 59.2131 2.5
    endloop
  endfacet
  facet normal -0.751976 -0.65919 -2.74825e-18
    outer loop
      vertex 89.97 59.2131 2.5
      vertex 89.8407 59.3606 4.41
      vertex 89.8407 59.3606 2.5
    endloop
  endfacet
  facet normal -0.751976 -0.65919 -2.74825e-18
    outer loop
      vertex 89.8407 59.3606 4.41
      vertex 89.97 59.2131 2.5
      vertex 89.97 59.2131 4.41
    endloop
  endfacet
  facet normal 0.442315 -0.89686 0
    outer loop
      vertex -89.53 59.599 2.5
      vertex -89.354 59.6858 4.41
      vertex -89.53 59.599 4.41
    endloop
  endfacet
  facet normal 0.442315 -0.89686 0
    outer loop
      vertex -89.354 59.6858 4.41
      vertex -89.53 59.599 2.5
      vertex -89.354 59.6858 2.5
    endloop
  endfacet
  facet normal -0.831422 0.555641 -2.42286e-18
    outer loop
      vertex 89.97 -59.2131 2.5
      vertex 90.079 -59.05 4.41
      vertex 90.079 -59.05 2.5
    endloop
  endfacet
  facet normal -0.831422 0.555641 -2.42286e-18
    outer loop
      vertex 90.079 -59.05 4.41
      vertex 89.97 -59.2131 2.5
      vertex 89.97 -59.2131 4.41
    endloop
  endfacet
  facet normal -0.980757 0.195234 -6.10795e-20
    outer loop
      vertex 90.2289 -58.6882 2.5
      vertex 90.2672 -58.4958 4.41
      vertex 90.2672 -58.4958 2.5
    endloop
  endfacet
  facet normal -0.980757 0.195234 -6.10795e-20
    outer loop
      vertex 90.2672 -58.4958 4.41
      vertex 90.2289 -58.6882 2.5
      vertex 90.2289 -58.6882 4.41
    endloop
  endfacet
  facet normal 0.659226 0.751945 -0
    outer loop
      vertex -89.6931 -59.49 2.5
      vertex -89.8407 -59.3606 4.41
      vertex -89.6931 -59.49 4.41
    endloop
  endfacet
  facet normal 0.659226 0.751945 0
    outer loop
      vertex -89.8407 -59.3606 4.41
      vertex -89.6931 -59.49 2.5
      vertex -89.8407 -59.3606 2.5
    endloop
  endfacet
  facet normal 0.659226 -0.751945 0
    outer loop
      vertex -89.8407 59.3606 2.5
      vertex -89.6931 59.49 4.41
      vertex -89.8407 59.3606 4.41
    endloop
  endfacet
  facet normal 0.659226 -0.751945 0
    outer loop
      vertex -89.6931 59.49 4.41
      vertex -89.8407 59.3606 2.5
      vertex -89.6931 59.49 2.5
    endloop
  endfacet
  facet normal -0.321574 -0.946885 0
    outer loop
      vertex 89.1682 59.7489 2.5
      vertex 89.354 59.6858 4.41
      vertex 89.1682 59.7489 4.41
    endloop
  endfacet
  facet normal -0.321574 -0.946885 -0
    outer loop
      vertex 89.354 59.6858 4.41
      vertex 89.1682 59.7489 2.5
      vertex 89.354 59.6858 2.5
    endloop
  endfacet
  facet normal 0.980757 0.195234 6.10795e-20
    outer loop
      vertex -90.2289 -58.6882 4.41
      vertex -90.2672 -58.4958 2.5
      vertex -90.2672 -58.4958 4.41
    endloop
  endfacet
  facet normal 0.980757 0.195234 6.10795e-20
    outer loop
      vertex -90.2672 -58.4958 2.5
      vertex -90.2289 -58.6882 4.41
      vertex -90.2289 -58.6882 2.5
    endloop
  endfacet
  facet normal 0.99787 0.0652336 6.92689e-20
    outer loop
      vertex -90.2672 -58.4958 4.41
      vertex -90.28 -58.3 2.5
      vertex -90.28 -58.3 4.41
    endloop
  endfacet
  facet normal 0.99787 0.0652336 6.92689e-20
    outer loop
      vertex -90.28 -58.3 2.5
      vertex -90.2672 -58.4958 4.41
      vertex -90.2672 -58.4958 2.5
    endloop
  endfacet
  facet normal -0.195234 0.980757 0
    outer loop
      vertex 89.1682 -59.7489 2.5
      vertex 88.9758 -59.7872 4.41
      vertex 89.1682 -59.7489 4.41
    endloop
  endfacet
  facet normal -0.195234 0.980757 0
    outer loop
      vertex 88.9758 -59.7872 4.41
      vertex 89.1682 -59.7489 2.5
      vertex 88.9758 -59.7872 2.5
    endloop
  endfacet
  facet normal -0.831422 -0.555641 2.42286e-18
    outer loop
      vertex 90.079 59.05 2.5
      vertex 89.97 59.2131 4.41
      vertex 89.97 59.2131 2.5
    endloop
  endfacet
  facet normal -0.831422 -0.555641 2.42286e-18
    outer loop
      vertex 89.97 59.2131 4.41
      vertex 90.079 59.05 2.5
      vertex 90.079 59.05 4.41
    endloop
  endfacet
  facet normal 0 0 1
    outer loop
      vertex 88.78 59.8 2.5
      vertex 90.28 58.3 2.5
      vertex 90.2672 58.4958 2.5
    endloop
  endfacet
  facet normal 0 0 1
    outer loop
      vertex 90.28 58.3 2.5
      vertex 85.98 52.5 2.5
      vertex 90.28 -58.3 2.5
    endloop
  endfacet
  facet normal 0 0 1
    outer loop
      vertex 88.78 59.8 2.5
      vertex 90.2672 58.4958 2.5
      vertex 90.2289 58.6882 2.5
    endloop
  endfacet
  facet normal -0 0 1
    outer loop
      vertex 85.98 -52.5 2.5
      vertex 90.28 -58.3 2.5
      vertex 85.98 52.5 2.5
    endloop
  endfacet
  facet normal 0 0 1
    outer loop
      vertex 88.78 59.8 2.5
      vertex 90.2289 58.6882 2.5
      vertex 90.1658 58.874 2.5
    endloop
  endfacet
  facet normal -0 0 1
    outer loop
      vertex 85.9543 -52.8916 2.5
      vertex 90.28 -58.3 2.5
      vertex 85.98 -52.5 2.5
    endloop
  endfacet
  facet normal 0 0 1
    outer loop
      vertex 88.78 59.8 2.5
      vertex 90.1658 58.874 2.5
      vertex 90.079 59.05 2.5
    endloop
  endfacet
  facet normal -0 0 1
    outer loop
      vertex 85.8778 -53.2765 2.5
      vertex 90.28 -58.3 2.5
      vertex 85.9543 -52.8916 2.5
    endloop
  endfacet
  facet normal 0 0 1
    outer loop
      vertex 88.78 59.8 2.5
      vertex 90.079 59.05 2.5
      vertex 89.97 59.2131 2.5
    endloop
  endfacet
  facet normal -0 0 1
    outer loop
      vertex 85.7516 -53.6481 2.5
      vertex 90.28 -58.3 2.5
      vertex 85.8778 -53.2765 2.5
    endloop
  endfacet
  facet normal 0 0 1
    outer loop
      vertex 88.78 59.8 2.5
      vertex 89.97 59.2131 2.5
      vertex 89.8407 59.3606 2.5
    endloop
  endfacet
  facet normal -0 0 1
    outer loop
      vertex 85.5781 -54 2.5
      vertex 90.28 -58.3 2.5
      vertex 85.7516 -53.6481 2.5
    endloop
  endfacet
  facet normal 0 0 1
    outer loop
      vertex 88.78 59.8 2.5
      vertex 89.8407 59.3606 2.5
      vertex 89.6931 59.49 2.5
    endloop
  endfacet
  facet normal -0 0 1
    outer loop
      vertex 85.3601 -54.3263 2.5
      vertex 90.28 -58.3 2.5
      vertex 85.5781 -54 2.5
    endloop
  endfacet
  facet normal 0 0 1
    outer loop
      vertex 88.78 59.8 2.5
      vertex 89.6931 59.49 2.5
      vertex 89.53 59.599 2.5
    endloop
  endfacet
  facet normal -0 0 1
    outer loop
      vertex 85.1013 -54.6213 2.5
      vertex 90.28 -58.3 2.5
      vertex 85.3601 -54.3263 2.5
    endloop
  endfacet
  facet normal 0 0 1
    outer loop
      vertex 88.78 59.8 2.5
      vertex 89.53 59.599 2.5
      vertex 89.354 59.6858 2.5
    endloop
  endfacet
  facet normal 0 -0 1
    outer loop
      vertex 88.78 -59.8 2.5
      vertex 90.28 -58.3 2.5
      vertex 85.1013 -54.6213 2.5
    endloop
  endfacet
  facet normal 0 0 1
    outer loop
      vertex 88.78 59.8 2.5
      vertex 89.354 59.6858 2.5
      vertex 89.1682 59.7489 2.5
    endloop
  endfacet
  facet normal 0 0 1
    outer loop
      vertex 90.28 -58.3 2.5
      vertex 88.78 -59.8 2.5
      vertex 90.2672 -58.4958 2.5
    endloop
  endfacet
  facet normal 0 0 1
    outer loop
      vertex 88.78 59.8 2.5
      vertex 89.1682 59.7489 2.5
      vertex 88.9758 59.7872 2.5
    endloop
  endfacet
  facet normal 0 0 1
    outer loop
      vertex 90.2289 -58.6882 2.5
      vertex 88.78 -59.8 2.5
      vertex 90.1658 -58.874 2.5
    endloop
  endfacet
  facet normal 0 0 1
    outer loop
      vertex 90.28 58.3 2.5
      vertex 88.78 59.8 2.5
      vertex 85.1013 54.6213 2.5
    endloop
  endfacet
  facet normal 0 0 1
    outer loop
      vertex 90.1658 -58.874 2.5
      vertex 88.78 -59.8 2.5
      vertex 90.079 -59.05 2.5
    endloop
  endfacet
  facet normal 0 0 1
    outer loop
      vertex 90.079 -59.05 2.5
      vertex 88.78 -59.8 2.5
      vertex 89.97 -59.2131 2.5
    endloop
  endfacet
  facet normal 0 0 1
    outer loop
      vertex 90.28 58.3 2.5
      vertex 85.9543 52.8916 2.5
      vertex 85.98 52.5 2.5
    endloop
  endfacet
  facet normal 0 0 1
    outer loop
      vertex 90.28 58.3 2.5
      vertex 85.8778 53.2765 2.5
      vertex 85.9543 52.8916 2.5
    endloop
  endfacet
  facet normal 0 0 1
    outer loop
      vertex 90.28 58.3 2.5
      vertex 85.7516 53.6481 2.5
      vertex 85.8778 53.2765 2.5
    endloop
  endfacet
  facet normal 0 0 1
    outer loop
      vertex 90.28 58.3 2.5
      vertex 85.5781 54 2.5
      vertex 85.7516 53.6481 2.5
    endloop
  endfacet
  facet normal 0 0 1
    outer loop
      vertex 90.28 58.3 2.5
      vertex 85.3601 54.3263 2.5
      vertex 85.5781 54 2.5
    endloop
  endfacet
  facet normal 0 0 1
    outer loop
      vertex 90.28 58.3 2.5
      vertex 85.1013 54.6213 2.5
      vertex 85.3601 54.3263 2.5
    endloop
  endfacet
  facet normal 0 0 1
    outer loop
      vertex 88.78 59.8 2.5
      vertex 84.8063 54.8801 2.5
      vertex 85.1013 54.6213 2.5
    endloop
  endfacet
  facet normal 0 0 1
    outer loop
      vertex 88.78 59.8 2.5
      vertex 84.48 55.0981 2.5
      vertex 84.8063 54.8801 2.5
    endloop
  endfacet
  facet normal 0 0 1
    outer loop
      vertex 88.78 59.8 2.5
      vertex 84.1281 55.2716 2.5
      vertex 84.48 55.0981 2.5
    endloop
  endfacet
  facet normal 0 0 1
    outer loop
      vertex 88.78 59.8 2.5
      vertex 83.7565 55.3978 2.5
      vertex 84.1281 55.2716 2.5
    endloop
  endfacet
  facet normal 0 0 1
    outer loop
      vertex 88.78 59.8 2.5
      vertex 83.3716 55.4743 2.5
      vertex 83.7565 55.3978 2.5
    endloop
  endfacet
  facet normal 0 0 1
    outer loop
      vertex 88.78 59.8 2.5
      vertex 82.98 55.5 2.5
      vertex 83.3716 55.4743 2.5
    endloop
  endfacet
  facet normal 0 0 1
    outer loop
      vertex 88.78 59.8 2.5
      vertex -82.98 55.5 2.5
      vertex 82.98 55.5 2.5
    endloop
  endfacet
  facet normal 0 0 1
    outer loop
      vertex -85.9543 52.8916 2.5
      vertex -90.28 58.3 2.5
      vertex -85.98 52.5 2.5
    endloop
  endfacet
  facet normal 0 0 1
    outer loop
      vertex -85.8778 53.2765 2.5
      vertex -90.28 58.3 2.5
      vertex -85.9543 52.8916 2.5
    endloop
  endfacet
  facet normal 0 0 1
    outer loop
      vertex -85.7516 53.6481 2.5
      vertex -90.28 58.3 2.5
      vertex -85.8778 53.2765 2.5
    endloop
  endfacet
  facet normal 0 0 1
    outer loop
      vertex -85.5781 54 2.5
      vertex -90.28 58.3 2.5
      vertex -85.7516 53.6481 2.5
    endloop
  endfacet
  facet normal 0 0 1
    outer loop
      vertex -85.3601 54.3263 2.5
      vertex -90.28 58.3 2.5
      vertex -85.5781 54 2.5
    endloop
  endfacet
  facet normal 0 0 1
    outer loop
      vertex -85.1013 54.6213 2.5
      vertex -90.28 58.3 2.5
      vertex -85.3601 54.3263 2.5
    endloop
  endfacet
  facet normal -0 0 1
    outer loop
      vertex -90.28 58.3 2.5
      vertex -85.1013 54.6213 2.5
      vertex -88.78 59.8 2.5
    endloop
  endfacet
  facet normal 0 0 1
    outer loop
      vertex -84.8063 54.8801 2.5
      vertex -88.78 59.8 2.5
      vertex -85.1013 54.6213 2.5
    endloop
  endfacet
  facet normal 0 0 1
    outer loop
      vertex -84.48 55.0981 2.5
      vertex -88.78 59.8 2.5
      vertex -84.8063 54.8801 2.5
    endloop
  endfacet
  facet normal 0 0 1
    outer loop
      vertex -84.1281 55.2716 2.5
      vertex -88.78 59.8 2.5
      vertex -84.48 55.0981 2.5
    endloop
  endfacet
  facet normal 0 0 1
    outer loop
      vertex -83.7565 55.3978 2.5
      vertex -88.78 59.8 2.5
      vertex -84.1281 55.2716 2.5
    endloop
  endfacet
  facet normal 0 0 1
    outer loop
      vertex -83.3716 55.4743 2.5
      vertex -88.78 59.8 2.5
      vertex -83.7565 55.3978 2.5
    endloop
  endfacet
  facet normal 0 0 1
    outer loop
      vertex -82.98 55.5 2.5
      vertex -88.78 59.8 2.5
      vertex -83.3716 55.4743 2.5
    endloop
  endfacet
  facet normal -0 0 1
    outer loop
      vertex -88.78 59.8 2.5
      vertex -82.98 55.5 2.5
      vertex 88.78 59.8 2.5
    endloop
  endfacet
  facet normal 0 0 1
    outer loop
      vertex 89.97 -59.2131 2.5
      vertex 88.78 -59.8 2.5
      vertex 89.8407 -59.3606 2.5
    endloop
  endfacet
  facet normal 0 0 1
    outer loop
      vertex 89.8407 -59.3606 2.5
      vertex 88.78 -59.8 2.5
      vertex 89.6931 -59.49 2.5
    endloop
  endfacet
  facet normal 0 0 1
    outer loop
      vertex 89.6931 -59.49 2.5
      vertex 88.78 -59.8 2.5
      vertex 89.53 -59.599 2.5
    endloop
  endfacet
  facet normal 0 0 1
    outer loop
      vertex 89.354 -59.6858 2.5
      vertex 88.78 -59.8 2.5
      vertex 89.1682 -59.7489 2.5
    endloop
  endfacet
  facet normal 0 0 1
    outer loop
      vertex 89.1682 -59.7489 2.5
      vertex 88.78 -59.8 2.5
      vertex 88.9758 -59.7872 2.5
    endloop
  endfacet
  facet normal 0 0 1
    outer loop
      vertex 89.53 -59.599 2.5
      vertex 88.78 -59.8 2.5
      vertex 89.354 -59.6858 2.5
    endloop
  endfacet
  facet normal 0 0 1
    outer loop
      vertex 90.2672 -58.4958 2.5
      vertex 88.78 -59.8 2.5
      vertex 90.2289 -58.6882 2.5
    endloop
  endfacet
  facet normal -0 0 1
    outer loop
      vertex 84.8063 -54.8801 2.5
      vertex 88.78 -59.8 2.5
      vertex 85.1013 -54.6213 2.5
    endloop
  endfacet
  facet normal -0 0 1
    outer loop
      vertex 84.48 -55.0981 2.5
      vertex 88.78 -59.8 2.5
      vertex 84.8063 -54.8801 2.5
    endloop
  endfacet
  facet normal -0 0 1
    outer loop
      vertex 84.1281 -55.2716 2.5
      vertex 88.78 -59.8 2.5
      vertex 84.48 -55.0981 2.5
    endloop
  endfacet
  facet normal -0 0 1
    outer loop
      vertex 83.7565 -55.3978 2.5
      vertex 88.78 -59.8 2.5
      vertex 84.1281 -55.2716 2.5
    endloop
  endfacet
  facet normal -0 0 1
    outer loop
      vertex 83.3716 -55.4743 2.5
      vertex 88.78 -59.8 2.5
      vertex 83.7565 -55.3978 2.5
    endloop
  endfacet
  facet normal -0 0 1
    outer loop
      vertex 82.98 -55.5 2.5
      vertex 88.78 -59.8 2.5
      vertex 83.3716 -55.4743 2.5
    endloop
  endfacet
  facet normal -0 0 1
    outer loop
      vertex -82.98 -55.5 2.5
      vertex 88.78 -59.8 2.5
      vertex 82.98 -55.5 2.5
    endloop
  endfacet
  facet normal 0 0 1
    outer loop
      vertex -82.98 -55.5 2.5
      vertex -88.78 -59.8 2.5
      vertex 88.78 -59.8 2.5
    endloop
  endfacet
  facet normal 0 0 1
    outer loop
      vertex -83.3716 -55.4743 2.5
      vertex -88.78 -59.8 2.5
      vertex -82.98 -55.5 2.5
    endloop
  endfacet
  facet normal 0 0 1
    outer loop
      vertex -83.7565 -55.3978 2.5
      vertex -88.78 -59.8 2.5
      vertex -83.3716 -55.4743 2.5
    endloop
  endfacet
  facet normal 0 0 1
    outer loop
      vertex -84.1281 -55.2716 2.5
      vertex -88.78 -59.8 2.5
      vertex -83.7565 -55.3978 2.5
    endloop
  endfacet
  facet normal 0 0 1
    outer loop
      vertex -84.48 -55.0981 2.5
      vertex -88.78 -59.8 2.5
      vertex -84.1281 -55.2716 2.5
    endloop
  endfacet
  facet normal 0 0 1
    outer loop
      vertex -84.8063 -54.8801 2.5
      vertex -88.78 -59.8 2.5
      vertex -84.48 -55.0981 2.5
    endloop
  endfacet
  facet normal 0 0 1
    outer loop
      vertex -85.1013 -54.6213 2.5
      vertex -88.78 -59.8 2.5
      vertex -84.8063 -54.8801 2.5
    endloop
  endfacet
  facet normal 0 0 1
    outer loop
      vertex -90.28 -58.3 2.5
      vertex -85.1013 -54.6213 2.5
      vertex -85.3601 -54.3263 2.5
    endloop
  endfacet
  facet normal 0 0 1
    outer loop
      vertex -90.28 -58.3 2.5
      vertex -85.3601 -54.3263 2.5
      vertex -85.5781 -54 2.5
    endloop
  endfacet
  facet normal 0 0 1
    outer loop
      vertex -90.28 -58.3 2.5
      vertex -85.5781 -54 2.5
      vertex -85.7516 -53.6481 2.5
    endloop
  endfacet
  facet normal 0 0 1
    outer loop
      vertex -90.28 -58.3 2.5
      vertex -85.7516 -53.6481 2.5
      vertex -85.8778 -53.2765 2.5
    endloop
  endfacet
  facet normal 0 0 1
    outer loop
      vertex -90.28 -58.3 2.5
      vertex -85.8778 -53.2765 2.5
      vertex -85.9543 -52.8916 2.5
    endloop
  endfacet
  facet normal 0 0 1
    outer loop
      vertex -90.28 -58.3 2.5
      vertex -85.9543 -52.8916 2.5
      vertex -85.98 -52.5 2.5
    endloop
  endfacet
  facet normal 0 0 1
    outer loop
      vertex -85.98 52.5 2.5
      vertex -90.28 58.3 2.5
      vertex -85.98 -52.5 2.5
    endloop
  endfacet
  facet normal 0 0 1
    outer loop
      vertex -90.28 58.3 2.5
      vertex -88.78 59.8 2.5
      vertex -88.9758 59.7872 2.5
    endloop
  endfacet
  facet normal 0 0 1
    outer loop
      vertex -90.28 -58.3 2.5
      vertex -85.98 -52.5 2.5
      vertex -90.28 58.3 2.5
    endloop
  endfacet
  facet normal 0 0 1
    outer loop
      vertex -90.28 58.3 2.5
      vertex -88.9758 59.7872 2.5
      vertex -89.1682 59.7489 2.5
    endloop
  endfacet
  facet normal 0 0 1
    outer loop
      vertex -85.1013 -54.6213 2.5
      vertex -90.28 -58.3 2.5
      vertex -88.78 -59.8 2.5
    endloop
  endfacet
  facet normal 0 0 1
    outer loop
      vertex -90.28 58.3 2.5
      vertex -89.1682 59.7489 2.5
      vertex -89.354 59.6858 2.5
    endloop
  endfacet
  facet normal 0 0 1
    outer loop
      vertex -88.78 -59.8 2.5
      vertex -90.28 -58.3 2.5
      vertex -88.9758 -59.7872 2.5
    endloop
  endfacet
  facet normal 0 0 1
    outer loop
      vertex -90.28 58.3 2.5
      vertex -89.354 59.6858 2.5
      vertex -89.53 59.599 2.5
    endloop
  endfacet
  facet normal 0 0 1
    outer loop
      vertex -88.9758 -59.7872 2.5
      vertex -90.28 -58.3 2.5
      vertex -89.1682 -59.7489 2.5
    endloop
  endfacet
  facet normal 0 0 1
    outer loop
      vertex -90.28 58.3 2.5
      vertex -89.53 59.599 2.5
      vertex -89.6931 59.49 2.5
    endloop
  endfacet
  facet normal 0 0 1
    outer loop
      vertex -89.1682 -59.7489 2.5
      vertex -90.28 -58.3 2.5
      vertex -89.354 -59.6858 2.5
    endloop
  endfacet
  facet normal 0 0 1
    outer loop
      vertex -90.28 58.3 2.5
      vertex -89.6931 59.49 2.5
      vertex -89.8407 59.3606 2.5
    endloop
  endfacet
  facet normal 0 0 1
    outer loop
      vertex -89.354 -59.6858 2.5
      vertex -90.28 -58.3 2.5
      vertex -89.53 -59.599 2.5
    endloop
  endfacet
  facet normal 0 0 1
    outer loop
      vertex -90.28 58.3 2.5
      vertex -89.8407 59.3606 2.5
      vertex -89.97 59.2131 2.5
    endloop
  endfacet
  facet normal 0 0 1
    outer loop
      vertex -89.53 -59.599 2.5
      vertex -90.28 -58.3 2.5
      vertex -89.6931 -59.49 2.5
    endloop
  endfacet
  facet normal 0 0 1
    outer loop
      vertex -90.28 58.3 2.5
      vertex -89.97 59.2131 2.5
      vertex -90.079 59.05 2.5
    endloop
  endfacet
  facet normal 0 0 1
    outer loop
      vertex -89.6931 -59.49 2.5
      vertex -90.28 -58.3 2.5
      vertex -89.8407 -59.3606 2.5
    endloop
  endfacet
  facet normal 0 0 1
    outer loop
      vertex -90.28 58.3 2.5
      vertex -90.079 59.05 2.5
      vertex -90.1658 58.874 2.5
    endloop
  endfacet
  facet normal 0 0 1
    outer loop
      vertex -89.8407 -59.3606 2.5
      vertex -90.28 -58.3 2.5
      vertex -89.97 -59.2131 2.5
    endloop
  endfacet
  facet normal 0 0 1
    outer loop
      vertex -90.28 58.3 2.5
      vertex -90.1658 58.874 2.5
      vertex -90.2289 58.6882 2.5
    endloop
  endfacet
  facet normal 0 0 1
    outer loop
      vertex -89.97 -59.2131 2.5
      vertex -90.28 -58.3 2.5
      vertex -90.079 -59.05 2.5
    endloop
  endfacet
  facet normal 0 0 1
    outer loop
      vertex -90.28 58.3 2.5
      vertex -90.2289 58.6882 2.5
      vertex -90.2672 58.4958 2.5
    endloop
  endfacet
  facet normal 0 0 1
    outer loop
      vertex -90.079 -59.05 2.5
      vertex -90.28 -58.3 2.5
      vertex -90.1658 -58.874 2.5
    endloop
  endfacet
  facet normal 0 0 1
    outer loop
      vertex -90.1658 -58.874 2.5
      vertex -90.28 -58.3 2.5
      vertex -90.2289 -58.6882 2.5
    endloop
  endfacet
  facet normal 0 0 1
    outer loop
      vertex -90.2289 -58.6882 2.5
      vertex -90.28 -58.3 2.5
      vertex -90.2672 -58.4958 2.5
    endloop
  endfacet
  facet normal -0.442315 0.89686 0
    outer loop
      vertex 89.53 -59.599 2.5
      vertex 89.354 -59.6858 4.41
      vertex 89.53 -59.599 4.41
    endloop
  endfacet
  facet normal -0.442315 0.89686 0
    outer loop
      vertex 89.354 -59.6858 4.41
      vertex 89.53 -59.599 2.5
      vertex 89.354 -59.6858 2.5
    endloop
  endfacet
  facet normal -0.946885 0.321574 -7.79557e-20
    outer loop
      vertex 90.1658 -58.874 2.5
      vertex 90.2289 -58.6882 4.41
      vertex 90.2289 -58.6882 2.5
    endloop
  endfacet
  facet normal -0.946885 0.321574 -7.79557e-20
    outer loop
      vertex 90.2289 -58.6882 4.41
      vertex 90.1658 -58.874 2.5
      vertex 90.1658 -58.874 4.41
    endloop
  endfacet
  facet normal -0.980757 -0.195234 6.10795e-20
    outer loop
      vertex 90.2672 58.4958 2.5
      vertex 90.2289 58.6882 4.41
      vertex 90.2289 58.6882 2.5
    endloop
  endfacet
  facet normal -0.980757 -0.195234 6.10795e-20
    outer loop
      vertex 90.2289 58.6882 4.41
      vertex 90.2672 58.4958 2.5
      vertex 90.2672 58.4958 4.41
    endloop
  endfacet
  facet normal 0 0 -1
    outer loop
      vertex 88.78 -59.8 4.41
      vertex 90.28 -58.3 4.41
      vertex 90.2672 -58.4958 4.41
    endloop
  endfacet
  facet normal 0 0 -1
    outer loop
      vertex 90.28 -58.3 4.41
      vertex 82.75 -48.3 4.41
      vertex 90.28 58.3 4.41
    endloop
  endfacet
  facet normal 0 0 -1
    outer loop
      vertex 88.78 -59.8 4.41
      vertex 90.2672 -58.4958 4.41
      vertex 90.2289 -58.6882 4.41
    endloop
  endfacet
  facet normal 0 0 -1
    outer loop
      vertex 82.75 48.3 4.41
      vertex 90.28 58.3 4.41
      vertex 82.75 -48.3 4.41
    endloop
  endfacet
  facet normal 0 0 -1
    outer loop
      vertex 88.78 -59.8 4.41
      vertex 90.2289 -58.6882 4.41
      vertex 90.1658 -58.874 4.41
    endloop
  endfacet
  facet normal 0 0 -1
    outer loop
      vertex 82.7329 48.561 4.41
      vertex 90.28 58.3 4.41
      vertex 82.75 48.3 4.41
    endloop
  endfacet
  facet normal 0 0 -1
    outer loop
      vertex 88.78 -59.8 4.41
      vertex 90.1658 -58.874 4.41
      vertex 90.079 -59.05 4.41
    endloop
  endfacet
  facet normal 0 0 -1
    outer loop
      vertex 82.6819 48.8176 4.41
      vertex 90.28 58.3 4.41
      vertex 82.7329 48.561 4.41
    endloop
  endfacet
  facet normal 0 0 -1
    outer loop
      vertex 88.78 -59.8 4.41
      vertex 90.079 -59.05 4.41
      vertex 89.97 -59.2131 4.41
    endloop
  endfacet
  facet normal 0 0 -1
    outer loop
      vertex 82.5978 49.0654 4.41
      vertex 90.28 58.3 4.41
      vertex 82.6819 48.8176 4.41
    endloop
  endfacet
  facet normal 0 0 -1
    outer loop
      vertex 88.78 -59.8 4.41
      vertex 89.97 -59.2131 4.41
      vertex 89.8407 -59.3606 4.41
    endloop
  endfacet
  facet normal 0 0 -1
    outer loop
      vertex 82.4821 49.3 4.41
      vertex 90.28 58.3 4.41
      vertex 82.5978 49.0654 4.41
    endloop
  endfacet
  facet normal 0 0 -1
    outer loop
      vertex 88.78 -59.8 4.41
      vertex 89.8407 -59.3606 4.41
      vertex 89.6931 -59.49 4.41
    endloop
  endfacet
  facet normal 0 0 -1
    outer loop
      vertex 82.3367 49.5175 4.41
      vertex 90.28 58.3 4.41
      vertex 82.4821 49.3 4.41
    endloop
  endfacet
  facet normal 0 0 -1
    outer loop
      vertex 88.78 -59.8 4.41
      vertex 89.6931 -59.49 4.41
      vertex 89.53 -59.599 4.41
    endloop
  endfacet
  facet normal 0 0 -1
    outer loop
      vertex 82.1642 49.7142 4.41
      vertex 90.28 58.3 4.41
      vertex 82.3367 49.5175 4.41
    endloop
  endfacet
  facet normal 0 0 -1
    outer loop
      vertex 88.78 -59.8 4.41
      vertex 89.53 -59.599 4.41
      vertex 89.354 -59.6858 4.41
    endloop
  endfacet
  facet normal 0 0 -1
    outer loop
      vertex 81.9675 49.8867 4.41
      vertex 90.28 58.3 4.41
      vertex 82.1642 49.7142 4.41
    endloop
  endfacet
  facet normal 0 0 -1
    outer loop
      vertex 88.78 -59.8 4.41
      vertex 89.354 -59.6858 4.41
      vertex 89.1682 -59.7489 4.41
    endloop
  endfacet
  facet normal 0 -0 -1
    outer loop
      vertex 88.78 59.8 4.41
      vertex 90.28 58.3 4.41
      vertex 81.9675 49.8867 4.41
    endloop
  endfacet
  facet normal 0 0 -1
    outer loop
      vertex 88.78 -59.8 4.41
      vertex 89.1682 -59.7489 4.41
      vertex 88.9758 -59.7872 4.41
    endloop
  endfacet
  facet normal 0 0 -1
    outer loop
      vertex 90.28 58.3 4.41
      vertex 88.78 59.8 4.41
      vertex 90.2672 58.4958 4.41
    endloop
  endfacet
  facet normal -0 0 -1
    outer loop
      vertex 90.28 -58.3 4.41
      vertex 88.78 -59.8 4.41
      vertex 81.9675 -49.8867 4.41
    endloop
  endfacet
  facet normal 0 0 -1
    outer loop
      vertex 90.2289 58.6882 4.41
      vertex 88.78 59.8 4.41
      vertex 90.1658 58.874 4.41
    endloop
  endfacet
  facet normal 0 0 -1
    outer loop
      vertex 90.1658 58.874 4.41
      vertex 88.78 59.8 4.41
      vertex 90.079 59.05 4.41
    endloop
  endfacet
  facet normal 0 0 -1
    outer loop
      vertex 90.28 -58.3 4.41
      vertex 82.7329 -48.561 4.41
      vertex 82.75 -48.3 4.41
    endloop
  endfacet
  facet normal 0 0 -1
    outer loop
      vertex 90.28 -58.3 4.41
      vertex 82.6819 -48.8176 4.41
      vertex 82.7329 -48.561 4.41
    endloop
  endfacet
  facet normal 0 0 -1
    outer loop
      vertex 90.28 -58.3 4.41
      vertex 82.5978 -49.0654 4.41
      vertex 82.6819 -48.8176 4.41
    endloop
  endfacet
  facet normal 0 0 -1
    outer loop
      vertex 90.28 -58.3 4.41
      vertex 82.4821 -49.3 4.41
      vertex 82.5978 -49.0654 4.41
    endloop
  endfacet
  facet normal 0 0 -1
    outer loop
      vertex 90.28 -58.3 4.41
      vertex 82.3367 -49.5175 4.41
      vertex 82.4821 -49.3 4.41
    endloop
  endfacet
  facet normal 0 0 -1
    outer loop
      vertex 90.28 -58.3 4.41
      vertex 82.1642 -49.7142 4.41
      vertex 82.3367 -49.5175 4.41
    endloop
  endfacet
  facet normal 0 0 -1
    outer loop
      vertex 90.28 -58.3 4.41
      vertex 81.9675 -49.8867 4.41
      vertex 82.1642 -49.7142 4.41
    endloop
  endfacet
  facet normal 0 0 -1
    outer loop
      vertex 88.78 -59.8 4.41
      vertex 81.75 -50.032 4.41
      vertex 81.9675 -49.8867 4.41
    endloop
  endfacet
  facet normal 0 0 -1
    outer loop
      vertex 88.78 -59.8 4.41
      vertex 81.5154 -50.1478 4.41
      vertex 81.75 -50.032 4.41
    endloop
  endfacet
  facet normal 0 0 -1
    outer loop
      vertex 88.78 -59.8 4.41
      vertex 81.2676 -50.2318 4.41
      vertex 81.5154 -50.1478 4.41
    endloop
  endfacet
  facet normal 0 0 -1
    outer loop
      vertex 88.78 -59.8 4.41
      vertex 81.011 -50.2829 4.41
      vertex 81.2676 -50.2318 4.41
    endloop
  endfacet
  facet normal 0 0 -1
    outer loop
      vertex 88.78 -59.8 4.41
      vertex 80.75 -50.3 4.41
      vertex 81.011 -50.2829 4.41
    endloop
  endfacet
  facet normal 0 0 -1
    outer loop
      vertex 88.78 -59.8 4.41
      vertex 15 -51.81 4.41
      vertex 80.75 -50.3 4.41
    endloop
  endfacet
  facet normal 0 0 -1
    outer loop
      vertex 88.78 -59.8 4.41
      vertex -15 -51.81 4.41
      vertex 15 -51.81 4.41
    endloop
  endfacet
  facet normal 0 0 -1
    outer loop
      vertex -15 -51.81 4.41
      vertex -80.75 -50.3 4.41
      vertex -15 -50.3 4.41
    endloop
  endfacet
  facet normal 0 0 -1
    outer loop
      vertex -88.78 -59.8 4.41
      vertex -15 -51.81 4.41
      vertex 88.78 -59.8 4.41
    endloop
  endfacet
  facet normal -0 0 -1
    outer loop
      vertex -82.7329 -48.561 4.41
      vertex -90.28 -58.3 4.41
      vertex -82.75 -48.3 4.41
    endloop
  endfacet
  facet normal -0 0 -1
    outer loop
      vertex -82.6819 -48.8176 4.41
      vertex -90.28 -58.3 4.41
      vertex -82.7329 -48.561 4.41
    endloop
  endfacet
  facet normal -0 0 -1
    outer loop
      vertex -82.5978 -49.0654 4.41
      vertex -90.28 -58.3 4.41
      vertex -82.6819 -48.8176 4.41
    endloop
  endfacet
  facet normal -0 0 -1
    outer loop
      vertex -82.4821 -49.3 4.41
      vertex -90.28 -58.3 4.41
      vertex -82.5978 -49.0654 4.41
    endloop
  endfacet
  facet normal -0 0 -1
    outer loop
      vertex -82.3367 -49.5175 4.41
      vertex -90.28 -58.3 4.41
      vertex -82.4821 -49.3 4.41
    endloop
  endfacet
  facet normal -0 0 -1
    outer loop
      vertex -82.1642 -49.7142 4.41
      vertex -90.28 -58.3 4.41
      vertex -82.3367 -49.5175 4.41
    endloop
  endfacet
  facet normal -0 0 -1
    outer loop
      vertex -81.9675 -49.8867 4.41
      vertex -90.28 -58.3 4.41
      vertex -82.1642 -49.7142 4.41
    endloop
  endfacet
  facet normal 0 0 -1
    outer loop
      vertex -90.28 -58.3 4.41
      vertex -81.9675 -49.8867 4.41
      vertex -88.78 -59.8 4.41
    endloop
  endfacet
  facet normal -0 0 -1
    outer loop
      vertex -81.75 -50.032 4.41
      vertex -88.78 -59.8 4.41
      vertex -81.9675 -49.8867 4.41
    endloop
  endfacet
  facet normal -0 0 -1
    outer loop
      vertex -81.5154 -50.1478 4.41
      vertex -88.78 -59.8 4.41
      vertex -81.75 -50.032 4.41
    endloop
  endfacet
  facet normal -0 0 -1
    outer loop
      vertex -81.2676 -50.2318 4.41
      vertex -88.78 -59.8 4.41
      vertex -81.5154 -50.1478 4.41
    endloop
  endfacet
  facet normal -0 0 -1
    outer loop
      vertex -81.011 -50.2829 4.41
      vertex -88.78 -59.8 4.41
      vertex -81.2676 -50.2318 4.41
    endloop
  endfacet
  facet normal -0 0 -1
    outer loop
      vertex -80.75 -50.3 4.41
      vertex -88.78 -59.8 4.41
      vertex -81.011 -50.2829 4.41
    endloop
  endfacet
  facet normal -0 0 -1
    outer loop
      vertex -15 -51.81 4.41
      vertex -88.78 -59.8 4.41
      vertex -80.75 -50.3 4.41
    endloop
  endfacet
  facet normal 0 0 -1
    outer loop
      vertex 90.079 59.05 4.41
      vertex 88.78 59.8 4.41
      vertex 89.97 59.2131 4.41
    endloop
  endfacet
  facet normal 0 0 -1
    outer loop
      vertex 89.8407 59.3606 4.41
      vertex 88.78 59.8 4.41
      vertex 89.6931 59.49 4.41
    endloop
  endfacet
  facet normal 0 0 -1
    outer loop
      vertex 89.6931 59.49 4.41
      vertex 88.78 59.8 4.41
      vertex 89.53 59.599 4.41
    endloop
  endfacet
  facet normal 0 0 -1
    outer loop
      vertex 89.354 59.6858 4.41
      vertex 88.78 59.8 4.41
      vertex 89.1682 59.7489 4.41
    endloop
  endfacet
  facet normal 0 0 -1
    outer loop
      vertex 89.1682 59.7489 4.41
      vertex 88.78 59.8 4.41
      vertex 88.9758 59.7872 4.41
    endloop
  endfacet
  facet normal 0 0 -1
    outer loop
      vertex 89.53 59.599 4.41
      vertex 88.78 59.8 4.41
      vertex 89.354 59.6858 4.41
    endloop
  endfacet
  facet normal 0 0 -1
    outer loop
      vertex 89.97 59.2131 4.41
      vertex 88.78 59.8 4.41
      vertex 89.8407 59.3606 4.41
    endloop
  endfacet
  facet normal 0 0 -1
    outer loop
      vertex 90.2672 58.4958 4.41
      vertex 88.78 59.8 4.41
      vertex 90.2289 58.6882 4.41
    endloop
  endfacet
  facet normal 0 0 -1
    outer loop
      vertex 81.75 50.032 4.41
      vertex 88.78 59.8 4.41
      vertex 81.9675 49.8867 4.41
    endloop
  endfacet
  facet normal 0 0 -1
    outer loop
      vertex 81.5154 50.1478 4.41
      vertex 88.78 59.8 4.41
      vertex 81.75 50.032 4.41
    endloop
  endfacet
  facet normal 0 0 -1
    outer loop
      vertex 81.2676 50.2318 4.41
      vertex 88.78 59.8 4.41
      vertex 81.5154 50.1478 4.41
    endloop
  endfacet
  facet normal 0 0 -1
    outer loop
      vertex 81.011 50.2829 4.41
      vertex 88.78 59.8 4.41
      vertex 81.2676 50.2318 4.41
    endloop
  endfacet
  facet normal 0 0 -1
    outer loop
      vertex 80.75 50.3 4.41
      vertex 88.78 59.8 4.41
      vertex 81.011 50.2829 4.41
    endloop
  endfacet
  facet normal 0 0 -1
    outer loop
      vertex -80.75 50.3 4.41
      vertex 88.78 59.8 4.41
      vertex 80.75 50.3 4.41
    endloop
  endfacet
  facet normal 0 0 -1
    outer loop
      vertex -80.75 50.3 4.41
      vertex -88.78 59.8 4.41
      vertex 88.78 59.8 4.41
    endloop
  endfacet
  facet normal 0 0 -1
    outer loop
      vertex -81.011 50.2829 4.41
      vertex -88.78 59.8 4.41
      vertex -80.75 50.3 4.41
    endloop
  endfacet
  facet normal 0 0 -1
    outer loop
      vertex -81.2676 50.2318 4.41
      vertex -88.78 59.8 4.41
      vertex -81.011 50.2829 4.41
    endloop
  endfacet
  facet normal 0 0 -1
    outer loop
      vertex -81.5154 50.1478 4.41
      vertex -88.78 59.8 4.41
      vertex -81.2676 50.2318 4.41
    endloop
  endfacet
  facet normal 0 0 -1
    outer loop
      vertex -81.75 50.032 4.41
      vertex -88.78 59.8 4.41
      vertex -81.5154 50.1478 4.41
    endloop
  endfacet
  facet normal 0 0 -1
    outer loop
      vertex -81.9675 49.8867 4.41
      vertex -88.78 59.8 4.41
      vertex -81.75 50.032 4.41
    endloop
  endfacet
  facet normal 0 0 -1
    outer loop
      vertex -90.28 58.3 4.41
      vertex -81.9675 49.8867 4.41
      vertex -82.1642 49.7142 4.41
    endloop
  endfacet
  facet normal 0 0 -1
    outer loop
      vertex -90.28 58.3 4.41
      vertex -82.1642 49.7142 4.41
      vertex -82.3367 49.5175 4.41
    endloop
  endfacet
  facet normal 0 0 -1
    outer loop
      vertex -90.28 58.3 4.41
      vertex -82.3367 49.5175 4.41
      vertex -82.4821 49.3 4.41
    endloop
  endfacet
  facet normal 0 0 -1
    outer loop
      vertex -90.28 58.3 4.41
      vertex -82.4821 49.3 4.41
      vertex -82.5978 49.0654 4.41
    endloop
  endfacet
  facet normal 0 0 -1
    outer loop
      vertex -90.28 58.3 4.41
      vertex -82.5978 49.0654 4.41
      vertex -82.6819 48.8176 4.41
    endloop
  endfacet
  facet normal 0 0 -1
    outer loop
      vertex -90.28 58.3 4.41
      vertex -82.6819 48.8176 4.41
      vertex -82.7329 48.561 4.41
    endloop
  endfacet
  facet normal 0 0 -1
    outer loop
      vertex -90.28 58.3 4.41
      vertex -82.7329 48.561 4.41
      vertex -82.75 48.3 4.41
    endloop
  endfacet
  facet normal -0 0 -1
    outer loop
      vertex -82.75 -48.3 4.41
      vertex -90.28 -58.3 4.41
      vertex -82.75 48.3 4.41
    endloop
  endfacet
  facet normal 0 0 -1
    outer loop
      vertex -90.28 -58.3 4.41
      vertex -88.78 -59.8 4.41
      vertex -88.9758 -59.7872 4.41
    endloop
  endfacet
  facet normal 0 0 -1
    outer loop
      vertex -90.28 58.3 4.41
      vertex -82.75 48.3 4.41
      vertex -90.28 -58.3 4.41
    endloop
  endfacet
  facet normal 0 0 -1
    outer loop
      vertex -90.28 -58.3 4.41
      vertex -88.9758 -59.7872 4.41
      vertex -89.1682 -59.7489 4.41
    endloop
  endfacet
  facet normal 0 0 -1
    outer loop
      vertex -81.9675 49.8867 4.41
      vertex -90.28 58.3 4.41
      vertex -88.78 59.8 4.41
    endloop
  endfacet
  facet normal 0 0 -1
    outer loop
      vertex -90.28 -58.3 4.41
      vertex -89.1682 -59.7489 4.41
      vertex -89.354 -59.6858 4.41
    endloop
  endfacet
  facet normal 0 0 -1
    outer loop
      vertex -88.78 59.8 4.41
      vertex -90.28 58.3 4.41
      vertex -88.9758 59.7872 4.41
    endloop
  endfacet
  facet normal 0 0 -1
    outer loop
      vertex -90.28 -58.3 4.41
      vertex -89.354 -59.6858 4.41
      vertex -89.53 -59.599 4.41
    endloop
  endfacet
  facet normal 0 0 -1
    outer loop
      vertex -88.9758 59.7872 4.41
      vertex -90.28 58.3 4.41
      vertex -89.1682 59.7489 4.41
    endloop
  endfacet
  facet normal 0 0 -1
    outer loop
      vertex -90.28 -58.3 4.41
      vertex -89.53 -59.599 4.41
      vertex -89.6931 -59.49 4.41
    endloop
  endfacet
  facet normal 0 0 -1
    outer loop
      vertex -89.1682 59.7489 4.41
      vertex -90.28 58.3 4.41
      vertex -89.354 59.6858 4.41
    endloop
  endfacet
  facet normal 0 0 -1
    outer loop
      vertex -90.28 -58.3 4.41
      vertex -89.6931 -59.49 4.41
      vertex -89.8407 -59.3606 4.41
    endloop
  endfacet
  facet normal 0 0 -1
    outer loop
      vertex -89.354 59.6858 4.41
      vertex -90.28 58.3 4.41
      vertex -89.53 59.599 4.41
    endloop
  endfacet
  facet normal 0 0 -1
    outer loop
      vertex -90.28 -58.3 4.41
      vertex -89.8407 -59.3606 4.41
      vertex -89.97 -59.2131 4.41
    endloop
  endfacet
  facet normal 0 0 -1
    outer loop
      vertex -89.53 59.599 4.41
      vertex -90.28 58.3 4.41
      vertex -89.6931 59.49 4.41
    endloop
  endfacet
  facet normal 0 0 -1
    outer loop
      vertex -90.28 -58.3 4.41
      vertex -89.97 -59.2131 4.41
      vertex -90.079 -59.05 4.41
    endloop
  endfacet
  facet normal 0 0 -1
    outer loop
      vertex -89.6931 59.49 4.41
      vertex -90.28 58.3 4.41
      vertex -89.8407 59.3606 4.41
    endloop
  endfacet
  facet normal 0 0 -1
    outer loop
      vertex -90.28 -58.3 4.41
      vertex -90.079 -59.05 4.41
      vertex -90.1658 -58.874 4.41
    endloop
  endfacet
  facet normal 0 0 -1
    outer loop
      vertex -89.8407 59.3606 4.41
      vertex -90.28 58.3 4.41
      vertex -89.97 59.2131 4.41
    endloop
  endfacet
  facet normal 0 0 -1
    outer loop
      vertex -90.28 -58.3 4.41
      vertex -90.1658 -58.874 4.41
      vertex -90.2289 -58.6882 4.41
    endloop
  endfacet
  facet normal 0 0 -1
    outer loop
      vertex -89.97 59.2131 4.41
      vertex -90.28 58.3 4.41
      vertex -90.079 59.05 4.41
    endloop
  endfacet
  facet normal 0 0 -1
    outer loop
      vertex -90.28 -58.3 4.41
      vertex -90.2289 -58.6882 4.41
      vertex -90.2672 -58.4958 4.41
    endloop
  endfacet
  facet normal 0 0 -1
    outer loop
      vertex -90.079 59.05 4.41
      vertex -90.28 58.3 4.41
      vertex -90.1658 58.874 4.41
    endloop
  endfacet
  facet normal 0 0 -1
    outer loop
      vertex -90.1658 58.874 4.41
      vertex -90.28 58.3 4.41
      vertex -90.2289 58.6882 4.41
    endloop
  endfacet
  facet normal 0 0 -1
    outer loop
      vertex -90.2289 58.6882 4.41
      vertex -90.28 58.3 4.41
      vertex -90.2672 58.4958 4.41
    endloop
  endfacet
  facet normal -0 0 -1
    outer loop
      vertex 80.75 -50.3 4.41
      vertex 15 -51.81 4.41
      vertex 15 -50.3 4.41
    endloop
  endfacet
  facet normal -0.321574 0.946885 0
    outer loop
      vertex 89.354 -59.6858 2.5
      vertex 89.1682 -59.7489 4.41
      vertex 89.354 -59.6858 4.41
    endloop
  endfacet
  facet normal -0.321574 0.946885 0
    outer loop
      vertex 89.1682 -59.7489 4.41
      vertex 89.354 -59.6858 2.5
      vertex 89.1682 -59.7489 2.5
    endloop
  endfacet
  facet normal -0.0653771 0.997861 0
    outer loop
      vertex 81.011 -50.2829 4.41
      vertex 80.75 -50.3 12.7
      vertex 81.011 -50.2829 12.7
    endloop
  endfacet
  facet normal -0.0653771 0.997861 0
    outer loop
      vertex 80.75 -50.3 12.7
      vertex 81.011 -50.2829 4.41
      vertex 80.75 -50.3 4.41
    endloop
  endfacet
  facet normal -0.94695 -0.321382 -3.6796e-19
    outer loop
      vertex 82.6819 48.8176 4.41
      vertex 82.5978 49.0654 12.7
      vertex 82.5978 49.0654 4.41
    endloop
  endfacet
  facet normal -0.94695 -0.321382 -3.6796e-19
    outer loop
      vertex 82.5978 49.0654 12.7
      vertex 82.6819 48.8176 4.41
      vertex 82.6819 48.8176 12.7
    endloop
  endfacet
  facet normal 1 -0 0
    outer loop
      vertex -82.75 -48.3 12.7
      vertex -82.75 48.3 4.41
      vertex -82.75 48.3 12.7
    endloop
  endfacet
  facet normal 1 0 0
    outer loop
      vertex -82.75 48.3 4.41
      vertex -82.75 -48.3 12.7
      vertex -82.75 -48.3 4.41
    endloop
  endfacet
  facet normal -0.997861 -0.0653771 -9.8461e-21
    outer loop
      vertex 82.75 48.3 4.41
      vertex 82.7329 48.561 12.7
      vertex 82.7329 48.561 4.41
    endloop
  endfacet
  facet normal -0.997861 -0.0653771 -9.8461e-21
    outer loop
      vertex 82.7329 48.561 12.7
      vertex 82.75 48.3 4.41
      vertex 82.75 48.3 12.7
    endloop
  endfacet
  facet normal 0.0653771 0.997861 -0
    outer loop
      vertex -80.75 -50.3 4.41
      vertex -81.011 -50.2829 12.7
      vertex -80.75 -50.3 12.7
    endloop
  endfacet
  facet normal 0.0653771 0.997861 0
    outer loop
      vertex -81.011 -50.2829 12.7
      vertex -80.75 -50.3 4.41
      vertex -81.011 -50.2829 4.41
    endloop
  endfacet
  facet normal 0.997861 -0.0653771 9.8461e-21
    outer loop
      vertex -82.75 48.3 12.7
      vertex -82.7329 48.561 4.41
      vertex -82.7329 48.561 12.7
    endloop
  endfacet
  facet normal 0.997861 -0.0653771 9.8461e-21
    outer loop
      vertex -82.7329 48.561 4.41
      vertex -82.75 48.3 12.7
      vertex -82.75 48.3 4.41
    endloop
  endfacet
  facet normal 0.751842 0.659343 -1.3e-18
    outer loop
      vertex -82.1642 -49.7142 12.7
      vertex -82.3367 -49.5175 4.41
      vertex -82.3367 -49.5175 12.7
    endloop
  endfacet
  facet normal 0.751842 0.659343 -1.3e-18
    outer loop
      vertex -82.3367 -49.5175 4.41
      vertex -82.1642 -49.7142 12.7
      vertex -82.1642 -49.7142 4.41
    endloop
  endfacet
  facet normal 0.94695 -0.321382 3.6796e-19
    outer loop
      vertex -82.6819 48.8176 12.7
      vertex -82.5978 49.0654 4.41
      vertex -82.5978 49.0654 12.7
    endloop
  endfacet
  facet normal 0.94695 -0.321382 3.6796e-19
    outer loop
      vertex -82.5978 49.0654 4.41
      vertex -82.6819 48.8176 12.7
      vertex -82.6819 48.8176 4.41
    endloop
  endfacet
  facet normal -0.751842 0.659343 1.3e-18
    outer loop
      vertex 82.1642 -49.7142 4.41
      vertex 82.3367 -49.5175 12.7
      vertex 82.3367 -49.5175 4.41
    endloop
  endfacet
  facet normal -0.751842 0.659343 1.3e-18
    outer loop
      vertex 82.3367 -49.5175 12.7
      vertex 82.1642 -49.7142 4.41
      vertex 82.1642 -49.7142 12.7
    endloop
  endfacet
  facet normal 0 1 -0
    outer loop
      vertex -15 -50.3 4.41
      vertex -80.75 -50.3 12.7
      vertex -15 -50.3 12.7
    endloop
  endfacet
  facet normal 0 1 0
    outer loop
      vertex -80.75 -50.3 12.7
      vertex -15 -50.3 4.41
      vertex -80.75 -50.3 4.41
    endloop
  endfacet
  facet normal 0 1 -0
    outer loop
      vertex 80.75 -50.3 4.41
      vertex 15 -50.3 12.7
      vertex 80.75 -50.3 12.7
    endloop
  endfacet
  facet normal 0 1 0
    outer loop
      vertex 15 -50.3 12.7
      vertex 80.75 -50.3 4.41
      vertex 15 -50.3 4.41
    endloop
  endfacet
  facet normal 0.442621 -0.896709 0
    outer loop
      vertex -81.75 50.032 4.41
      vertex -81.5154 50.1478 12.7
      vertex -81.75 50.032 12.7
    endloop
  endfacet
  facet normal 0.442621 -0.896709 0
    outer loop
      vertex -81.5154 50.1478 12.7
      vertex -81.75 50.032 4.41
      vertex -81.5154 50.1478 4.41
    endloop
  endfacet
  facet normal 0.831344 0.555758 -1.09524e-18
    outer loop
      vertex -82.3367 -49.5175 12.7
      vertex -82.4821 -49.3 4.41
      vertex -82.4821 -49.3 12.7
    endloop
  endfacet
  facet normal 0.831344 0.555758 -1.09524e-18
    outer loop
      vertex -82.4821 -49.3 4.41
      vertex -82.3367 -49.5175 12.7
      vertex -82.3367 -49.5175 4.41
    endloop
  endfacet
  facet normal -0.980815 -0.19494 -2.18469e-19
    outer loop
      vertex 82.7329 48.561 4.41
      vertex 82.6819 48.8176 12.7
      vertex 82.6819 48.8176 4.41
    endloop
  endfacet
  facet normal -0.980815 -0.19494 -2.18469e-19
    outer loop
      vertex 82.6819 48.8176 12.7
      vertex 82.7329 48.561 4.41
      vertex 82.7329 48.561 12.7
    endloop
  endfacet
  facet normal 0 -1 0
    outer loop
      vertex -80.75 50.3 4.41
      vertex 80.75 50.3 12.7
      vertex -80.75 50.3 12.7
    endloop
  endfacet
  facet normal 0 -1 -0
    outer loop
      vertex 80.75 50.3 12.7
      vertex -80.75 50.3 4.41
      vertex 80.75 50.3 4.41
    endloop
  endfacet
  facet normal 0.195308 0.980742 -0
    outer loop
      vertex -81.011 -50.2829 4.41
      vertex -81.2676 -50.2318 12.7
      vertex -81.011 -50.2829 12.7
    endloop
  endfacet
  facet normal 0.195308 0.980742 0
    outer loop
      vertex -81.2676 -50.2318 12.7
      vertex -81.011 -50.2829 4.41
      vertex -81.2676 -50.2318 4.41
    endloop
  endfacet
  facet normal -0.0653771 -0.997861 0
    outer loop
      vertex 80.75 50.3 4.41
      vertex 81.011 50.2829 12.7
      vertex 80.75 50.3 12.7
    endloop
  endfacet
  facet normal -0.0653771 -0.997861 -0
    outer loop
      vertex 81.011 50.2829 12.7
      vertex 80.75 50.3 4.41
      vertex 81.011 50.2829 4.41
    endloop
  endfacet
  facet normal 0.195308 -0.980742 0
    outer loop
      vertex -81.2676 50.2318 4.41
      vertex -81.011 50.2829 12.7
      vertex -81.2676 50.2318 12.7
    endloop
  endfacet
  facet normal 0.195308 -0.980742 0
    outer loop
      vertex -81.011 50.2829 12.7
      vertex -81.2676 50.2318 4.41
      vertex -81.011 50.2829 4.41
    endloop
  endfacet
  facet normal -0.195308 -0.980742 0
    outer loop
      vertex 81.011 50.2829 4.41
      vertex 81.2676 50.2318 12.7
      vertex 81.011 50.2829 12.7
    endloop
  endfacet
  facet normal -0.195308 -0.980742 -0
    outer loop
      vertex 81.2676 50.2318 12.7
      vertex 81.011 50.2829 4.41
      vertex 81.2676 50.2318 4.41
    endloop
  endfacet
  facet normal 0.442621 0.896709 -0
    outer loop
      vertex -81.5154 -50.1478 4.41
      vertex -81.75 -50.032 12.7
      vertex -81.5154 -50.1478 12.7
    endloop
  endfacet
  facet normal 0.442621 0.896709 0
    outer loop
      vertex -81.75 -50.032 12.7
      vertex -81.5154 -50.1478 4.41
      vertex -81.75 -50.032 4.41
    endloop
  endfacet
  facet normal 0.0653771 -0.997861 0
    outer loop
      vertex -81.011 50.2829 4.41
      vertex -80.75 50.3 12.7
      vertex -81.011 50.2829 12.7
    endloop
  endfacet
  facet normal 0.0653771 -0.997861 0
    outer loop
      vertex -80.75 50.3 12.7
      vertex -81.011 50.2829 4.41
      vertex -80.75 50.3 4.41
    endloop
  endfacet
  facet normal 0.980815 -0.19494 2.18469e-19
    outer loop
      vertex -82.7329 48.561 12.7
      vertex -82.6819 48.8176 4.41
      vertex -82.6819 48.8176 12.7
    endloop
  endfacet
  facet normal 0.980815 -0.19494 2.18469e-19
    outer loop
      vertex -82.6819 48.8176 4.41
      vertex -82.7329 48.561 12.7
      vertex -82.7329 48.561 4.41
    endloop
  endfacet
  facet normal -0.321039 -0.947066 0
    outer loop
      vertex 81.2676 50.2318 4.41
      vertex 81.5154 50.1478 12.7
      vertex 81.2676 50.2318 12.7
    endloop
  endfacet
  facet normal -0.321039 -0.947066 -0
    outer loop
      vertex 81.5154 50.1478 12.7
      vertex 81.2676 50.2318 4.41
      vertex 81.5154 50.1478 4.41
    endloop
  endfacet
  facet normal -0.659343 -0.751842 0
    outer loop
      vertex 81.9675 49.8867 4.41
      vertex 82.1642 49.7142 12.7
      vertex 81.9675 49.8867 12.7
    endloop
  endfacet
  facet normal -0.659343 -0.751842 -0
    outer loop
      vertex 82.1642 49.7142 12.7
      vertex 81.9675 49.8867 4.41
      vertex 82.1642 49.7142 4.41
    endloop
  endfacet
  facet normal -0.442621 -0.896709 0
    outer loop
      vertex 81.5154 50.1478 4.41
      vertex 81.75 50.032 12.7
      vertex 81.5154 50.1478 12.7
    endloop
  endfacet
  facet normal -0.442621 -0.896709 -0
    outer loop
      vertex 81.75 50.032 12.7
      vertex 81.5154 50.1478 4.41
      vertex 81.75 50.032 4.41
    endloop
  endfacet
  facet normal 0.321039 0.947066 -0
    outer loop
      vertex -81.2676 -50.2318 4.41
      vertex -81.5154 -50.1478 12.7
      vertex -81.2676 -50.2318 12.7
    endloop
  endfacet
  facet normal 0.321039 0.947066 0
    outer loop
      vertex -81.5154 -50.1478 12.7
      vertex -81.2676 -50.2318 4.41
      vertex -81.5154 -50.1478 4.41
    endloop
  endfacet
  facet normal 0.997861 0.0653771 -9.8461e-21
    outer loop
      vertex -82.7329 -48.561 12.7
      vertex -82.75 -48.3 4.41
      vertex -82.75 -48.3 12.7
    endloop
  endfacet
  facet normal 0.997861 0.0653771 -9.8461e-21
    outer loop
      vertex -82.75 -48.3 4.41
      vertex -82.7329 -48.561 12.7
      vertex -82.7329 -48.561 4.41
    endloop
  endfacet
  facet normal 0.659343 -0.751842 0
    outer loop
      vertex -82.1642 49.7142 4.41
      vertex -81.9675 49.8867 12.7
      vertex -82.1642 49.7142 12.7
    endloop
  endfacet
  facet normal 0.659343 -0.751842 0
    outer loop
      vertex -81.9675 49.8867 12.7
      vertex -82.1642 49.7142 4.41
      vertex -81.9675 49.8867 4.41
    endloop
  endfacet
  facet normal 0.980815 0.19494 -2.18469e-19
    outer loop
      vertex -82.6819 -48.8176 12.7
      vertex -82.7329 -48.561 4.41
      vertex -82.7329 -48.561 12.7
    endloop
  endfacet
  facet normal 0.980815 0.19494 -2.18469e-19
    outer loop
      vertex -82.7329 -48.561 4.41
      vertex -82.6819 -48.8176 12.7
      vertex -82.6819 -48.8176 4.41
    endloop
  endfacet
  facet normal -0.831344 -0.555758 -1.09524e-18
    outer loop
      vertex 82.4821 49.3 4.41
      vertex 82.3367 49.5175 12.7
      vertex 82.3367 49.5175 4.41
    endloop
  endfacet
  facet normal -0.831344 -0.555758 -1.09524e-18
    outer loop
      vertex 82.3367 49.5175 12.7
      vertex 82.4821 49.3 4.41
      vertex 82.4821 49.3 12.7
    endloop
  endfacet
  facet normal -0.831344 0.555758 1.09524e-18
    outer loop
      vertex 82.3367 -49.5175 4.41
      vertex 82.4821 -49.3 12.7
      vertex 82.4821 -49.3 4.41
    endloop
  endfacet
  facet normal -0.831344 0.555758 1.09524e-18
    outer loop
      vertex 82.4821 -49.3 12.7
      vertex 82.3367 -49.5175 4.41
      vertex 82.3367 -49.5175 12.7
    endloop
  endfacet
  facet normal 0.89686 0.442314 2.8539e-19
    outer loop
      vertex -82.4821 -49.3 12.7
      vertex -82.5978 -49.0654 4.41
      vertex -82.5978 -49.0654 12.7
    endloop
  endfacet
  facet normal 0.89686 0.442314 2.8539e-19
    outer loop
      vertex -82.5978 -49.0654 4.41
      vertex -82.4821 -49.3 12.7
      vertex -82.4821 -49.3 4.41
    endloop
  endfacet
  facet normal -1 0 0
    outer loop
      vertex 82.75 -48.3 4.41
      vertex 82.75 48.3 12.7
      vertex 82.75 48.3 4.41
    endloop
  endfacet
  facet normal -1 -0 0
    outer loop
      vertex 82.75 48.3 12.7
      vertex 82.75 -48.3 4.41
      vertex 82.75 -48.3 12.7
    endloop
  endfacet
  facet normal -0.997861 0.0653771 9.8461e-21
    outer loop
      vertex 82.7329 -48.561 4.41
      vertex 82.75 -48.3 12.7
      vertex 82.75 -48.3 4.41
    endloop
  endfacet
  facet normal -0.997861 0.0653771 9.8461e-21
    outer loop
      vertex 82.75 -48.3 12.7
      vertex 82.7329 -48.561 4.41
      vertex 82.7329 -48.561 12.7
    endloop
  endfacet
  facet normal 0.555494 -0.831521 0
    outer loop
      vertex -81.9675 49.8867 4.41
      vertex -81.75 50.032 12.7
      vertex -81.9675 49.8867 12.7
    endloop
  endfacet
  facet normal 0.555494 -0.831521 0
    outer loop
      vertex -81.75 50.032 12.7
      vertex -81.9675 49.8867 4.41
      vertex -81.75 50.032 4.41
    endloop
  endfacet
  facet normal 0.831344 -0.555758 1.09524e-18
    outer loop
      vertex -82.4821 49.3 12.7
      vertex -82.3367 49.5175 4.41
      vertex -82.3367 49.5175 12.7
    endloop
  endfacet
  facet normal 0.831344 -0.555758 1.09524e-18
    outer loop
      vertex -82.3367 49.5175 4.41
      vertex -82.4821 49.3 12.7
      vertex -82.4821 49.3 4.41
    endloop
  endfacet
  facet normal -0.321039 0.947066 0
    outer loop
      vertex 81.5154 -50.1478 4.41
      vertex 81.2676 -50.2318 12.7
      vertex 81.5154 -50.1478 12.7
    endloop
  endfacet
  facet normal -0.321039 0.947066 0
    outer loop
      vertex 81.2676 -50.2318 12.7
      vertex 81.5154 -50.1478 4.41
      vertex 81.2676 -50.2318 4.41
    endloop
  endfacet
  facet normal -0.980815 0.19494 2.18469e-19
    outer loop
      vertex 82.6819 -48.8176 4.41
      vertex 82.7329 -48.561 12.7
      vertex 82.7329 -48.561 4.41
    endloop
  endfacet
  facet normal -0.980815 0.19494 2.18469e-19
    outer loop
      vertex 82.7329 -48.561 12.7
      vertex 82.6819 -48.8176 4.41
      vertex 82.6819 -48.8176 12.7
    endloop
  endfacet
  facet normal 0.659343 0.751842 -0
    outer loop
      vertex -81.9675 -49.8867 4.41
      vertex -82.1642 -49.7142 12.7
      vertex -81.9675 -49.8867 12.7
    endloop
  endfacet
  facet normal 0.659343 0.751842 0
    outer loop
      vertex -82.1642 -49.7142 12.7
      vertex -81.9675 -49.8867 4.41
      vertex -82.1642 -49.7142 4.41
    endloop
  endfacet
  facet normal 0.321039 -0.947066 0
    outer loop
      vertex -81.5154 50.1478 4.41
      vertex -81.2676 50.2318 12.7
      vertex -81.5154 50.1478 12.7
    endloop
  endfacet
  facet normal 0.321039 -0.947066 0
    outer loop
      vertex -81.2676 50.2318 12.7
      vertex -81.5154 50.1478 4.41
      vertex -81.2676 50.2318 4.41
    endloop
  endfacet
  facet normal 0.89686 -0.442314 -2.8539e-19
    outer loop
      vertex -82.5978 49.0654 12.7
      vertex -82.4821 49.3 4.41
      vertex -82.4821 49.3 12.7
    endloop
  endfacet
  facet normal 0.89686 -0.442314 -2.8539e-19
    outer loop
      vertex -82.4821 49.3 4.41
      vertex -82.5978 49.0654 12.7
      vertex -82.5978 49.0654 4.41
    endloop
  endfacet
  facet normal -0.89686 -0.442314 2.8539e-19
    outer loop
      vertex 82.5978 49.0654 4.41
      vertex 82.4821 49.3 12.7
      vertex 82.4821 49.3 4.41
    endloop
  endfacet
  facet normal -0.89686 -0.442314 2.8539e-19
    outer loop
      vertex 82.4821 49.3 12.7
      vertex 82.5978 49.0654 4.41
      vertex 82.5978 49.0654 12.7
    endloop
  endfacet
  facet normal -0.751842 -0.659343 -1.3e-18
    outer loop
      vertex 82.3367 49.5175 4.41
      vertex 82.1642 49.7142 12.7
      vertex 82.1642 49.7142 4.41
    endloop
  endfacet
  facet normal -0.751842 -0.659343 -1.3e-18
    outer loop
      vertex 82.1642 49.7142 12.7
      vertex 82.3367 49.5175 4.41
      vertex 82.3367 49.5175 12.7
    endloop
  endfacet
  facet normal 0.94695 0.321382 -3.6796e-19
    outer loop
      vertex -82.5978 -49.0654 12.7
      vertex -82.6819 -48.8176 4.41
      vertex -82.6819 -48.8176 12.7
    endloop
  endfacet
  facet normal 0.94695 0.321382 -3.6796e-19
    outer loop
      vertex -82.6819 -48.8176 4.41
      vertex -82.5978 -49.0654 12.7
      vertex -82.5978 -49.0654 4.41
    endloop
  endfacet
  facet normal -0.659343 0.751842 0
    outer loop
      vertex 82.1642 -49.7142 4.41
      vertex 81.9675 -49.8867 12.7
      vertex 82.1642 -49.7142 12.7
    endloop
  endfacet
  facet normal -0.659343 0.751842 0
    outer loop
      vertex 81.9675 -49.8867 12.7
      vertex 82.1642 -49.7142 4.41
      vertex 81.9675 -49.8867 4.41
    endloop
  endfacet
  facet normal -0.442621 0.896709 0
    outer loop
      vertex 81.75 -50.032 4.41
      vertex 81.5154 -50.1478 12.7
      vertex 81.75 -50.032 12.7
    endloop
  endfacet
  facet normal -0.442621 0.896709 0
    outer loop
      vertex 81.5154 -50.1478 12.7
      vertex 81.75 -50.032 4.41
      vertex 81.5154 -50.1478 4.41
    endloop
  endfacet
  facet normal -0.195308 0.980742 0
    outer loop
      vertex 81.2676 -50.2318 4.41
      vertex 81.011 -50.2829 12.7
      vertex 81.2676 -50.2318 12.7
    endloop
  endfacet
  facet normal -0.195308 0.980742 0
    outer loop
      vertex 81.011 -50.2829 12.7
      vertex 81.2676 -50.2318 4.41
      vertex 81.011 -50.2829 4.41
    endloop
  endfacet
  facet normal -0.555494 0.831521 0
    outer loop
      vertex 81.9675 -49.8867 4.41
      vertex 81.75 -50.032 12.7
      vertex 81.9675 -49.8867 12.7
    endloop
  endfacet
  facet normal -0.555494 0.831521 0
    outer loop
      vertex 81.75 -50.032 12.7
      vertex 81.9675 -49.8867 4.41
      vertex 81.75 -50.032 4.41
    endloop
  endfacet
  facet normal -0.89686 0.442314 -2.8539e-19
    outer loop
      vertex 82.4821 -49.3 4.41
      vertex 82.5978 -49.0654 12.7
      vertex 82.5978 -49.0654 4.41
    endloop
  endfacet
  facet normal -0.89686 0.442314 -2.8539e-19
    outer loop
      vertex 82.5978 -49.0654 12.7
      vertex 82.4821 -49.3 4.41
      vertex 82.4821 -49.3 12.7
    endloop
  endfacet
  facet normal 0.555494 0.831521 -0
    outer loop
      vertex -81.75 -50.032 4.41
      vertex -81.9675 -49.8867 12.7
      vertex -81.75 -50.032 12.7
    endloop
  endfacet
  facet normal 0.555494 0.831521 0
    outer loop
      vertex -81.9675 -49.8867 12.7
      vertex -81.75 -50.032 4.41
      vertex -81.9675 -49.8867 4.41
    endloop
  endfacet
  facet normal 0.751842 -0.659343 1.3e-18
    outer loop
      vertex -82.3367 49.5175 12.7
      vertex -82.1642 49.7142 4.41
      vertex -82.1642 49.7142 12.7
    endloop
  endfacet
  facet normal 0.751842 -0.659343 1.3e-18
    outer loop
      vertex -82.1642 49.7142 4.41
      vertex -82.3367 49.5175 12.7
      vertex -82.3367 49.5175 4.41
    endloop
  endfacet
  facet normal -0.555494 -0.831521 0
    outer loop
      vertex 81.75 50.032 4.41
      vertex 81.9675 49.8867 12.7
      vertex 81.75 50.032 12.7
    endloop
  endfacet
  facet normal -0.555494 -0.831521 -0
    outer loop
      vertex 81.9675 49.8867 12.7
      vertex 81.75 50.032 4.41
      vertex 81.9675 49.8867 4.41
    endloop
  endfacet
  facet normal -0.94695 0.321382 3.6796e-19
    outer loop
      vertex 82.5978 -49.0654 4.41
      vertex 82.6819 -48.8176 12.7
      vertex 82.6819 -48.8176 4.41
    endloop
  endfacet
  facet normal -0.94695 0.321382 3.6796e-19
    outer loop
      vertex 82.6819 -48.8176 12.7
      vertex 82.5978 -49.0654 4.41
      vertex 82.5978 -49.0654 12.7
    endloop
  endfacet
  facet normal 1 -0 0
    outer loop
      vertex -15 -51.81 12.7
      vertex -15 -50.3 4.41
      vertex -15 -50.3 12.7
    endloop
  endfacet
  facet normal 1 0 0
    outer loop
      vertex -15 -50.3 4.41
      vertex -15 -51.81 12.7
      vertex -15 -51.81 4.41
    endloop
  endfacet
  facet normal -1 0 0
    outer loop
      vertex 15 -51.81 4.41
      vertex 15 -50.3 12.7
      vertex 15 -50.3 4.41
    endloop
  endfacet
  facet normal -1 -0 0
    outer loop
      vertex 15 -50.3 12.7
      vertex 15 -51.81 4.41
      vertex 15 -51.81 12.7
    endloop
  endfacet
  facet normal 0 1 -0
    outer loop
      vertex 15 -51.81 4.41
      vertex -15 -51.81 12.7
      vertex 15 -51.81 12.7
    endloop
  endfacet
  facet normal 0 1 0
    outer loop
      vertex -15 -51.81 12.7
      vertex 15 -51.81 4.41
      vertex -15 -51.81 4.41
    endloop
  endfacet
endsolid OpenSCAD_Model
