solid OpenSCAD_Model
  facet normal 0.321651 -0.946858 0
    outer loop
      vertex 24.0965 -18.9078 0
      vertex 24.468 -18.7816 10.6
      vertex 24.0965 -18.9078 10.6
    endloop
  endfacet
  facet normal 0.321651 -0.946858 0
    outer loop
      vertex 24.468 -18.7816 10.6
      vertex 24.0965 -18.9078 0
      vertex 24.468 -18.7816 0
    endloop
  endfacet
  facet normal 0 -1 0
    outer loop
      vertex -23.32 -19.01 0
      vertex 23.32 -19.01 10.6
      vertex -23.32 -19.01 10.6
    endloop
  endfacet
  facet normal 0 -1 -0
    outer loop
      vertex 23.32 -19.01 10.6
      vertex -23.32 -19.01 0
      vertex 23.32 -19.01 0
    endloop
  endfacet
  facet normal 0.19494 -0.980815 0
    outer loop
      vertex 23.7116 -18.9843 0
      vertex 24.0965 -18.9078 10.6
      vertex 23.7116 -18.9843 10.6
    endloop
  endfacet
  facet normal 0.19494 -0.980815 0
    outer loop
      vertex 24.0965 -18.9078 10.6
      vertex 23.7116 -18.9843 0
      vertex 24.0965 -18.9078 0
    endloop
  endfacet
  facet normal -0.896911 -0.442211 8.14548e-19
    outer loop
      vertex -25.9181 -17.51 0
      vertex -26.0916 -17.1581 10.6
      vertex -26.0916 -17.1581 0
    endloop
  endfacet
  facet normal -0.896911 -0.442211 8.14548e-19
    outer loop
      vertex -26.0916 -17.1581 10.6
      vertex -25.9181 -17.51 0
      vertex -25.9181 -17.51 10.6
    endloop
  endfacet
  facet normal 0.0654873 -0.997853 0
    outer loop
      vertex 23.32 -19.01 0
      vertex 23.7116 -18.9843 10.6
      vertex 23.32 -19.01 10.6
    endloop
  endfacet
  facet normal 0.0654873 -0.997853 0
    outer loop
      vertex 23.7116 -18.9843 10.6
      vertex 23.32 -19.01 0
      vertex 23.7116 -18.9843 0
    endloop
  endfacet
  facet normal 0.19494 0.980815 -0
    outer loop
      vertex 24.0965 18.9078 0
      vertex 23.7116 18.9843 10.6
      vertex 24.0965 18.9078 10.6
    endloop
  endfacet
  facet normal 0.19494 0.980815 0
    outer loop
      vertex 23.7116 18.9843 10.6
      vertex 24.0965 18.9078 0
      vertex 23.7116 18.9843 0
    endloop
  endfacet
  facet normal -0.0654873 -0.997853 0
    outer loop
      vertex -23.7116 -18.9843 0
      vertex -23.32 -19.01 10.6
      vertex -23.7116 -18.9843 10.6
    endloop
  endfacet
  facet normal -0.0654873 -0.997853 -0
    outer loop
      vertex -23.32 -19.01 10.6
      vertex -23.7116 -18.9843 0
      vertex -23.32 -19.01 0
    endloop
  endfacet
  facet normal -0.555523 0.831501 0
    outer loop
      vertex -24.82 18.6081 0
      vertex -25.1463 18.3901 10.6
      vertex -24.82 18.6081 10.6
    endloop
  endfacet
  facet normal -0.555523 0.831501 0
    outer loop
      vertex -25.1463 18.3901 10.6
      vertex -24.82 18.6081 0
      vertex -25.1463 18.3901 0
    endloop
  endfacet
  facet normal -0.997853 -0.0654873 -2.05316e-19
    outer loop
      vertex -26.2943 -16.4016 0
      vertex -26.32 -16.01 10.6
      vertex -26.32 -16.01 0
    endloop
  endfacet
  facet normal -0.997853 -0.0654873 -2.05316e-19
    outer loop
      vertex -26.32 -16.01 10.6
      vertex -26.2943 -16.4016 0
      vertex -26.2943 -16.4016 10.6
    endloop
  endfacet
  facet normal -0.321651 -0.946858 0
    outer loop
      vertex -24.468 -18.7816 0
      vertex -24.0965 -18.9078 10.6
      vertex -24.468 -18.7816 10.6
    endloop
  endfacet
  facet normal -0.321651 -0.946858 -0
    outer loop
      vertex -24.0965 -18.9078 10.6
      vertex -24.468 -18.7816 0
      vertex -24.0965 -18.9078 0
    endloop
  endfacet
  facet normal -0.896911 0.442211 -8.14548e-19
    outer loop
      vertex -26.0916 17.1581 0
      vertex -25.9181 17.51 10.6
      vertex -25.9181 17.51 0
    endloop
  endfacet
  facet normal -0.896911 0.442211 -8.14548e-19
    outer loop
      vertex -25.9181 17.51 10.6
      vertex -26.0916 17.1581 0
      vertex -26.0916 17.1581 10.6
    endloop
  endfacet
  facet normal -0.659478 0.751724 0
    outer loop
      vertex -25.1463 18.3901 0
      vertex -25.4413 18.1313 10.6
      vertex -25.1463 18.3901 10.6
    endloop
  endfacet
  facet normal -0.659478 0.751724 0
    outer loop
      vertex -25.4413 18.1313 10.6
      vertex -25.1463 18.3901 0
      vertex -25.4413 18.1313 0
    endloop
  endfacet
  facet normal -0.44211 0.896961 0
    outer loop
      vertex -24.468 18.7816 0
      vertex -24.82 18.6081 10.6
      vertex -24.468 18.7816 10.6
    endloop
  endfacet
  facet normal -0.44211 0.896961 0
    outer loop
      vertex -24.82 18.6081 10.6
      vertex -24.468 18.7816 0
      vertex -24.82 18.6081 0
    endloop
  endfacet
  facet normal -0.0654873 0.997853 0
    outer loop
      vertex -23.32 19.01 0
      vertex -23.7116 18.9843 10.6
      vertex -23.32 19.01 10.6
    endloop
  endfacet
  facet normal -0.0654873 0.997853 0
    outer loop
      vertex -23.7116 18.9843 10.6
      vertex -23.32 19.01 0
      vertex -23.7116 18.9843 0
    endloop
  endfacet
  facet normal 0.555523 0.831501 -0
    outer loop
      vertex 25.1463 18.3901 0
      vertex 24.82 18.6081 10.6
      vertex 25.1463 18.3901 10.6
    endloop
  endfacet
  facet normal 0.555523 0.831501 0
    outer loop
      vertex 24.82 18.6081 10.6
      vertex 25.1463 18.3901 0
      vertex 24.82 18.6081 0
    endloop
  endfacet
  facet normal 0.980815 -0.19494 -3.08031e-19
    outer loop
      vertex 26.2178 -16.7865 10.6
      vertex 26.2943 -16.4016 0
      vertex 26.2943 -16.4016 10.6
    endloop
  endfacet
  facet normal 0.980815 -0.19494 -3.08031e-19
    outer loop
      vertex 26.2943 -16.4016 0
      vertex 26.2178 -16.7865 10.6
      vertex 26.2178 -16.7865 0
    endloop
  endfacet
  facet normal 1 -0 0
    outer loop
      vertex 26.32 -16.01 10.6
      vertex 26.32 16.01 0
      vertex 26.32 16.01 10.6
    endloop
  endfacet
  facet normal 1 0 0
    outer loop
      vertex 26.32 16.01 0
      vertex 26.32 -16.01 10.6
      vertex 26.32 -16.01 0
    endloop
  endfacet
  facet normal -1 0 0
    outer loop
      vertex -26.32 -16.01 0
      vertex -26.32 16.01 10.6
      vertex -26.32 16.01 0
    endloop
  endfacet
  facet normal -1 -0 0
    outer loop
      vertex -26.32 16.01 10.6
      vertex -26.32 -16.01 0
      vertex -26.32 -16.01 10.6
    endloop
  endfacet
  facet normal -0.946885 0.321574 4.65645e-19
    outer loop
      vertex -26.2178 16.7865 0
      vertex -26.0916 17.1581 10.6
      vertex -26.0916 17.1581 0
    endloop
  endfacet
  facet normal -0.946885 0.321574 4.65645e-19
    outer loop
      vertex -26.0916 17.1581 10.6
      vertex -26.2178 16.7865 0
      vertex -26.2178 16.7865 10.6
    endloop
  endfacet
  facet normal 0.946885 0.321574 -4.65645e-19
    outer loop
      vertex 26.2178 16.7865 10.6
      vertex 26.0916 17.1581 0
      vertex 26.0916 17.1581 10.6
    endloop
  endfacet
  facet normal 0.946885 0.321574 -4.65645e-19
    outer loop
      vertex 26.0916 17.1581 0
      vertex 26.2178 16.7865 10.6
      vertex 26.2178 16.7865 0
    endloop
  endfacet
  facet normal -0.19494 -0.980815 0
    outer loop
      vertex -24.0965 -18.9078 0
      vertex -23.7116 -18.9843 10.6
      vertex -24.0965 -18.9078 10.6
    endloop
  endfacet
  facet normal -0.19494 -0.980815 -0
    outer loop
      vertex -23.7116 -18.9843 10.6
      vertex -24.0965 -18.9078 0
      vertex -23.7116 -18.9843 0
    endloop
  endfacet
  facet normal 0.831501 -0.555523 1.42704e-18
    outer loop
      vertex 25.7001 -17.8363 10.6
      vertex 25.9181 -17.51 0
      vertex 25.9181 -17.51 10.6
    endloop
  endfacet
  facet normal 0.831501 -0.555523 1.42704e-18
    outer loop
      vertex 25.9181 -17.51 0
      vertex 25.7001 -17.8363 10.6
      vertex 25.7001 -17.8363 0
    endloop
  endfacet
  facet normal -0.751724 0.659478 -3.05114e-19
    outer loop
      vertex -25.7001 17.8363 0
      vertex -25.4413 18.1313 10.6
      vertex -25.4413 18.1313 0
    endloop
  endfacet
  facet normal -0.751724 0.659478 -3.05114e-19
    outer loop
      vertex -25.4413 18.1313 10.6
      vertex -25.7001 17.8363 0
      vertex -25.7001 17.8363 10.6
    endloop
  endfacet
  facet normal 0.896911 -0.442211 -8.14548e-19
    outer loop
      vertex 25.9181 -17.51 10.6
      vertex 26.0916 -17.1581 0
      vertex 26.0916 -17.1581 10.6
    endloop
  endfacet
  facet normal 0.896911 -0.442211 -8.14548e-19
    outer loop
      vertex 26.0916 -17.1581 0
      vertex 25.9181 -17.51 10.6
      vertex 25.9181 -17.51 0
    endloop
  endfacet
  facet normal -0.555523 -0.831501 0
    outer loop
      vertex -25.1463 -18.3901 0
      vertex -24.82 -18.6081 10.6
      vertex -25.1463 -18.3901 10.6
    endloop
  endfacet
  facet normal -0.555523 -0.831501 -0
    outer loop
      vertex -24.82 -18.6081 10.6
      vertex -25.1463 -18.3901 0
      vertex -24.82 -18.6081 0
    endloop
  endfacet
  facet normal 0 1 -0
    outer loop
      vertex 23.32 19.01 0
      vertex -23.32 19.01 10.6
      vertex 23.32 19.01 10.6
    endloop
  endfacet
  facet normal 0 1 0
    outer loop
      vertex -23.32 19.01 10.6
      vertex 23.32 19.01 0
      vertex -23.32 19.01 0
    endloop
  endfacet
  facet normal -0.321651 0.946858 0
    outer loop
      vertex -24.0965 18.9078 0
      vertex -24.468 18.7816 10.6
      vertex -24.0965 18.9078 10.6
    endloop
  endfacet
  facet normal -0.321651 0.946858 0
    outer loop
      vertex -24.468 18.7816 10.6
      vertex -24.0965 18.9078 0
      vertex -24.468 18.7816 0
    endloop
  endfacet
  facet normal -0.831501 0.555523 1.42704e-18
    outer loop
      vertex -25.9181 17.51 0
      vertex -25.7001 17.8363 10.6
      vertex -25.7001 17.8363 0
    endloop
  endfacet
  facet normal -0.831501 0.555523 1.42704e-18
    outer loop
      vertex -25.7001 17.8363 10.6
      vertex -25.9181 17.51 0
      vertex -25.9181 17.51 10.6
    endloop
  endfacet
  facet normal 0.751724 0.659478 3.05114e-19
    outer loop
      vertex 25.7001 17.8363 10.6
      vertex 25.4413 18.1313 0
      vertex 25.4413 18.1313 10.6
    endloop
  endfacet
  facet normal 0.751724 0.659478 3.05114e-19
    outer loop
      vertex 25.4413 18.1313 0
      vertex 25.7001 17.8363 10.6
      vertex 25.7001 17.8363 0
    endloop
  endfacet
  facet normal 0.0654873 0.997853 -0
    outer loop
      vertex 23.7116 18.9843 0
      vertex 23.32 19.01 10.6
      vertex 23.7116 18.9843 10.6
    endloop
  endfacet
  facet normal 0.0654873 0.997853 0
    outer loop
      vertex 23.32 19.01 10.6
      vertex 23.7116 18.9843 0
      vertex 23.32 19.01 0
    endloop
  endfacet
  facet normal -0.19494 0.980815 0
    outer loop
      vertex -23.7116 18.9843 0
      vertex -24.0965 18.9078 10.6
      vertex -23.7116 18.9843 10.6
    endloop
  endfacet
  facet normal -0.19494 0.980815 0
    outer loop
      vertex -24.0965 18.9078 10.6
      vertex -23.7116 18.9843 0
      vertex -24.0965 18.9078 0
    endloop
  endfacet
  facet normal 0.44211 0.896961 -0
    outer loop
      vertex 24.82 18.6081 0
      vertex 24.468 18.7816 10.6
      vertex 24.82 18.6081 10.6
    endloop
  endfacet
  facet normal 0.44211 0.896961 0
    outer loop
      vertex 24.468 18.7816 10.6
      vertex 24.82 18.6081 0
      vertex 24.468 18.7816 0
    endloop
  endfacet
  facet normal -0.659478 -0.751724 0
    outer loop
      vertex -25.4413 -18.1313 0
      vertex -25.1463 -18.3901 10.6
      vertex -25.4413 -18.1313 10.6
    endloop
  endfacet
  facet normal -0.659478 -0.751724 -0
    outer loop
      vertex -25.1463 -18.3901 10.6
      vertex -25.4413 -18.1313 0
      vertex -25.1463 -18.3901 0
    endloop
  endfacet
  facet normal 0.659478 -0.751724 0
    outer loop
      vertex 25.1463 -18.3901 0
      vertex 25.4413 -18.1313 10.6
      vertex 25.1463 -18.3901 10.6
    endloop
  endfacet
  facet normal 0.659478 -0.751724 0
    outer loop
      vertex 25.4413 -18.1313 10.6
      vertex 25.1463 -18.3901 0
      vertex 25.4413 -18.1313 0
    endloop
  endfacet
  facet normal -0.44211 -0.896961 0
    outer loop
      vertex -24.82 -18.6081 0
      vertex -24.468 -18.7816 10.6
      vertex -24.82 -18.6081 10.6
    endloop
  endfacet
  facet normal -0.44211 -0.896961 -0
    outer loop
      vertex -24.468 -18.7816 10.6
      vertex -24.82 -18.6081 0
      vertex -24.468 -18.7816 0
    endloop
  endfacet
  facet normal 0.659478 0.751724 -0
    outer loop
      vertex 25.4413 18.1313 0
      vertex 25.1463 18.3901 10.6
      vertex 25.4413 18.1313 10.6
    endloop
  endfacet
  facet normal 0.659478 0.751724 0
    outer loop
      vertex 25.1463 18.3901 10.6
      vertex 25.4413 18.1313 0
      vertex 25.1463 18.3901 0
    endloop
  endfacet
  facet normal -0.980815 0.19494 -3.08031e-19
    outer loop
      vertex -26.2943 16.4016 0
      vertex -26.2178 16.7865 10.6
      vertex -26.2178 16.7865 0
    endloop
  endfacet
  facet normal -0.980815 0.19494 -3.08031e-19
    outer loop
      vertex -26.2178 16.7865 10.6
      vertex -26.2943 16.4016 0
      vertex -26.2943 16.4016 10.6
    endloop
  endfacet
  facet normal 0.946885 -0.321574 4.65645e-19
    outer loop
      vertex 26.0916 -17.1581 10.6
      vertex 26.2178 -16.7865 0
      vertex 26.2178 -16.7865 10.6
    endloop
  endfacet
  facet normal 0.946885 -0.321574 4.65645e-19
    outer loop
      vertex 26.2178 -16.7865 0
      vertex 26.0916 -17.1581 10.6
      vertex 26.0916 -17.1581 0
    endloop
  endfacet
  facet normal 0.751724 -0.659478 -3.05114e-19
    outer loop
      vertex 25.4413 -18.1313 10.6
      vertex 25.7001 -17.8363 0
      vertex 25.7001 -17.8363 10.6
    endloop
  endfacet
  facet normal 0.751724 -0.659478 -3.05114e-19
    outer loop
      vertex 25.7001 -17.8363 0
      vertex 25.4413 -18.1313 10.6
      vertex 25.4413 -18.1313 0
    endloop
  endfacet
  facet normal -0.997853 0.0654873 2.05316e-19
    outer loop
      vertex -26.32 16.01 0
      vertex -26.2943 16.4016 10.6
      vertex -26.2943 16.4016 0
    endloop
  endfacet
  facet normal -0.997853 0.0654873 2.05316e-19
    outer loop
      vertex -26.2943 16.4016 10.6
      vertex -26.32 16.01 0
      vertex -26.32 16.01 10.6
    endloop
  endfacet
  facet normal 0.997853 0.0654873 -2.05316e-19
    outer loop
      vertex 26.32 16.01 10.6
      vertex 26.2943 16.4016 0
      vertex 26.2943 16.4016 10.6
    endloop
  endfacet
  facet normal 0.997853 0.0654873 -2.05316e-19
    outer loop
      vertex 26.2943 16.4016 0
      vertex 26.32 16.01 10.6
      vertex 26.32 16.01 0
    endloop
  endfacet
  facet normal 0.831501 0.555523 -1.42704e-18
    outer loop
      vertex 25.9181 17.51 10.6
      vertex 25.7001 17.8363 0
      vertex 25.7001 17.8363 10.6
    endloop
  endfacet
  facet normal 0.831501 0.555523 -1.42704e-18
    outer loop
      vertex 25.7001 17.8363 0
      vertex 25.9181 17.51 10.6
      vertex 25.9181 17.51 0
    endloop
  endfacet
  facet normal -0.751724 -0.659478 3.05114e-19
    outer loop
      vertex -25.4413 -18.1313 0
      vertex -25.7001 -17.8363 10.6
      vertex -25.7001 -17.8363 0
    endloop
  endfacet
  facet normal -0.751724 -0.659478 3.05114e-19
    outer loop
      vertex -25.7001 -17.8363 10.6
      vertex -25.4413 -18.1313 0
      vertex -25.4413 -18.1313 10.6
    endloop
  endfacet
  facet normal 0.321651 0.946858 -0
    outer loop
      vertex 24.468 18.7816 0
      vertex 24.0965 18.9078 10.6
      vertex 24.468 18.7816 10.6
    endloop
  endfacet
  facet normal 0.321651 0.946858 0
    outer loop
      vertex 24.0965 18.9078 10.6
      vertex 24.468 18.7816 0
      vertex 24.0965 18.9078 0
    endloop
  endfacet
  facet normal -0.831501 -0.555523 -1.42704e-18
    outer loop
      vertex -25.7001 -17.8363 0
      vertex -25.9181 -17.51 10.6
      vertex -25.9181 -17.51 0
    endloop
  endfacet
  facet normal -0.831501 -0.555523 -1.42704e-18
    outer loop
      vertex -25.9181 -17.51 10.6
      vertex -25.7001 -17.8363 0
      vertex -25.7001 -17.8363 10.6
    endloop
  endfacet
  facet normal 0.896911 0.442211 8.14548e-19
    outer loop
      vertex 26.0916 17.1581 10.6
      vertex 25.9181 17.51 0
      vertex 25.9181 17.51 10.6
    endloop
  endfacet
  facet normal 0.896911 0.442211 8.14548e-19
    outer loop
      vertex 25.9181 17.51 0
      vertex 26.0916 17.1581 10.6
      vertex 26.0916 17.1581 0
    endloop
  endfacet
  facet normal 0.980815 0.19494 3.08031e-19
    outer loop
      vertex 26.2943 16.4016 10.6
      vertex 26.2178 16.7865 0
      vertex 26.2178 16.7865 10.6
    endloop
  endfacet
  facet normal 0.980815 0.19494 3.08031e-19
    outer loop
      vertex 26.2178 16.7865 0
      vertex 26.2943 16.4016 10.6
      vertex 26.2943 16.4016 0
    endloop
  endfacet
  facet normal -0.980815 -0.19494 3.08031e-19
    outer loop
      vertex -26.2178 -16.7865 0
      vertex -26.2943 -16.4016 10.6
      vertex -26.2943 -16.4016 0
    endloop
  endfacet
  facet normal -0.980815 -0.19494 3.08031e-19
    outer loop
      vertex -26.2943 -16.4016 10.6
      vertex -26.2178 -16.7865 0
      vertex -26.2178 -16.7865 10.6
    endloop
  endfacet
  facet normal -0.946885 -0.321574 -4.65645e-19
    outer loop
      vertex -26.0916 -17.1581 0
      vertex -26.2178 -16.7865 10.6
      vertex -26.2178 -16.7865 0
    endloop
  endfacet
  facet normal -0.946885 -0.321574 -4.65645e-19
    outer loop
      vertex -26.2178 -16.7865 10.6
      vertex -26.0916 -17.1581 0
      vertex -26.0916 -17.1581 10.6
    endloop
  endfacet
  facet normal 0 0 -1
    outer loop
      vertex 22.1779 -12.07 0
      vertex -22.1779 -12.07 0
      vertex 22.1779 1.05001 0
    endloop
  endfacet
  facet normal 0 0 -1
    outer loop
      vertex 22.1779 1.05001 0
      vertex -22.1345 1.2681 0
      vertex -22.12 1.49 0
    endloop
  endfacet
  facet normal 0 0 -1
    outer loop
      vertex -22.1779 1.05001 0
      vertex 22.1779 1.05001 0
      vertex -22.1779 -12.07 0
    endloop
  endfacet
  facet normal 0 0 -1
    outer loop
      vertex 22.1779 1.05001 0
      vertex -22.1779 1.05001 0
      vertex -22.1345 1.2681 0
    endloop
  endfacet
  facet normal 0 0 -1
    outer loop
      vertex -22.2494 -11.8594 0
      vertex -22.1779 1.05001 0
      vertex -22.1779 -12.07 0
    endloop
  endfacet
  facet normal 0 0 -1
    outer loop
      vertex -22.2494 -11.8594 0
      vertex -22.2494 0.839437 0
      vertex -22.1779 1.05001 0
    endloop
  endfacet
  facet normal 0 0 -1
    outer loop
      vertex -22.3478 -11.66 0
      vertex -22.2494 0.839437 0
      vertex -22.2494 -11.8594 0
    endloop
  endfacet
  facet normal 0 0 -1
    outer loop
      vertex -22.3478 -11.66 0
      vertex -22.3478 0.639999 0
      vertex -22.2494 0.839437 0
    endloop
  endfacet
  facet normal 0 0 -1
    outer loop
      vertex -22.4713 -11.4751 0
      vertex -22.3478 0.639999 0
      vertex -22.3478 -11.66 0
    endloop
  endfacet
  facet normal 0 0 -1
    outer loop
      vertex -22.4713 -11.4751 0
      vertex -22.4713 0.455105 0
      vertex -22.3478 0.639999 0
    endloop
  endfacet
  facet normal 0 0 -1
    outer loop
      vertex -22.6179 -11.3079 0
      vertex -22.4713 0.455105 0
      vertex -22.4713 -11.4751 0
    endloop
  endfacet
  facet normal 0 0 -1
    outer loop
      vertex -22.6179 -11.3079 0
      vertex -22.6179 0.287918 0
      vertex -22.4713 0.455105 0
    endloop
  endfacet
  facet normal 0 0 -1
    outer loop
      vertex -22.7851 -11.1613 0
      vertex -22.6179 0.287918 0
      vertex -22.6179 -11.3079 0
    endloop
  endfacet
  facet normal 0 0 -1
    outer loop
      vertex -22.7851 -11.1613 0
      vertex -22.7851 0.141299 0
      vertex -22.6179 0.287918 0
    endloop
  endfacet
  facet normal 0 0 -1
    outer loop
      vertex -22.97 -11.0378 0
      vertex -22.7851 0.141299 0
      vertex -22.7851 -11.1613 0
    endloop
  endfacet
  facet normal 0 0 -1
    outer loop
      vertex -22.97 -11.0378 0
      vertex -22.97 0.0177565 0
      vertex -22.7851 0.141299 0
    endloop
  endfacet
  facet normal 0 0 -1
    outer loop
      vertex -23.1694 -10.9394 0
      vertex -22.97 0.0177565 0
      vertex -22.97 -11.0378 0
    endloop
  endfacet
  facet normal 0 0 -1
    outer loop
      vertex -23.1694 -10.9394 0
      vertex -23.1694 -0.080595 0
      vertex -22.97 0.0177565 0
    endloop
  endfacet
  facet normal 0 0 -1
    outer loop
      vertex -23.38 -10.8679 0
      vertex -23.1694 -0.080595 0
      vertex -23.1694 -10.9394 0
    endloop
  endfacet
  facet normal 0 0 -1
    outer loop
      vertex -23.38 -10.8679 0
      vertex -23.38 -0.152074 0
      vertex -23.1694 -0.080595 0
    endloop
  endfacet
  facet normal 0 0 -1
    outer loop
      vertex -23.5981 -10.8245 0
      vertex -23.38 -0.152074 0
      vertex -23.38 -10.8679 0
    endloop
  endfacet
  facet normal 0 0 -1
    outer loop
      vertex -23.5981 -10.8245 0
      vertex -23.5981 -0.195456 0
      vertex -23.38 -0.152074 0
    endloop
  endfacet
  facet normal 0 0 -1
    outer loop
      vertex -23.82 -10.81 0
      vertex -23.5981 -0.195456 0
      vertex -23.5981 -10.8245 0
    endloop
  endfacet
  facet normal 0 0 -1
    outer loop
      vertex -23.82 -10.81 0
      vertex -23.82 -0.209999 0
      vertex -23.5981 -0.195456 0
    endloop
  endfacet
  facet normal 0 0 -1
    outer loop
      vertex -24.0419 -10.8245 0
      vertex -23.82 -0.209999 0
      vertex -23.82 -10.81 0
    endloop
  endfacet
  facet normal 0 0 -1
    outer loop
      vertex -24.0419 -10.8245 0
      vertex -24.0419 -0.195456 0
      vertex -23.82 -0.209999 0
    endloop
  endfacet
  facet normal 0 0 -1
    outer loop
      vertex -24.26 -10.8679 0
      vertex -24.0419 -0.195456 0
      vertex -24.0419 -10.8245 0
    endloop
  endfacet
  facet normal 0 0 -1
    outer loop
      vertex -24.26 -10.8679 0
      vertex -24.26 -0.152074 0
      vertex -24.0419 -0.195456 0
    endloop
  endfacet
  facet normal 0 0 -1
    outer loop
      vertex -24.4706 -10.9394 0
      vertex -24.26 -0.152074 0
      vertex -24.26 -10.8679 0
    endloop
  endfacet
  facet normal 0 0 -1
    outer loop
      vertex -24.4706 -10.9394 0
      vertex -24.4706 -0.080595 0
      vertex -24.26 -0.152074 0
    endloop
  endfacet
  facet normal 0 0 -1
    outer loop
      vertex -24.67 -11.0378 0
      vertex -24.4706 -0.080595 0
      vertex -24.4706 -10.9394 0
    endloop
  endfacet
  facet normal 0 0 -1
    outer loop
      vertex -24.67 -11.0378 0
      vertex -24.67 0.0177565 0
      vertex -24.4706 -0.080595 0
    endloop
  endfacet
  facet normal 0 0 -1
    outer loop
      vertex -24.8549 -11.1613 0
      vertex -24.67 0.0177565 0
      vertex -24.67 -11.0378 0
    endloop
  endfacet
  facet normal 0 0 -1
    outer loop
      vertex -24.8549 -11.1613 0
      vertex -24.8549 0.141299 0
      vertex -24.67 0.0177565 0
    endloop
  endfacet
  facet normal 0 0 -1
    outer loop
      vertex -25.0221 -11.3079 0
      vertex -24.8549 0.141299 0
      vertex -24.8549 -11.1613 0
    endloop
  endfacet
  facet normal 0 0 -1
    outer loop
      vertex -25.0221 -11.3079 0
      vertex -25.0221 0.287918 0
      vertex -24.8549 0.141299 0
    endloop
  endfacet
  facet normal 0 0 -1
    outer loop
      vertex -25.1687 -11.4751 0
      vertex -25.0221 0.287918 0
      vertex -25.0221 -11.3079 0
    endloop
  endfacet
  facet normal 0 0 -1
    outer loop
      vertex -25.1687 -11.4751 0
      vertex -25.1687 0.455105 0
      vertex -25.0221 0.287918 0
    endloop
  endfacet
  facet normal 0 0 -1
    outer loop
      vertex -25.2922 -11.66 0
      vertex -25.1687 0.455105 0
      vertex -25.1687 -11.4751 0
    endloop
  endfacet
  facet normal 0 0 -1
    outer loop
      vertex -25.2922 -11.66 0
      vertex -25.2922 0.639999 0
      vertex -25.1687 0.455105 0
    endloop
  endfacet
  facet normal 0 0 -1
    outer loop
      vertex -25.3906 -11.8594 0
      vertex -25.2922 0.639999 0
      vertex -25.2922 -11.66 0
    endloop
  endfacet
  facet normal 0 0 -1
    outer loop
      vertex -25.3906 -11.8594 0
      vertex -25.3906 0.839437 0
      vertex -25.2922 0.639999 0
    endloop
  endfacet
  facet normal 0 0 -1
    outer loop
      vertex -25.4621 -12.07 0
      vertex -25.3906 0.839437 0
      vertex -25.3906 -11.8594 0
    endloop
  endfacet
  facet normal 0 0 -1
    outer loop
      vertex -25.4621 -12.07 0
      vertex -25.4621 1.05001 0
      vertex -25.3906 0.839437 0
    endloop
  endfacet
  facet normal 0 0 -1
    outer loop
      vertex -25.5055 -12.2881 0
      vertex -25.4621 1.05001 0
      vertex -25.4621 -12.07 0
    endloop
  endfacet
  facet normal 0 0 -1
    outer loop
      vertex -25.5055 -12.2881 0
      vertex -25.5055 1.2681 0
      vertex -25.4621 1.05001 0
    endloop
  endfacet
  facet normal 0 0 -1
    outer loop
      vertex -26.32 -16.01 0
      vertex -25.5055 -12.2881 0
      vertex -25.52 -12.51 0
    endloop
  endfacet
  facet normal -0 0 -1
    outer loop
      vertex -25.5055 -12.2881 0
      vertex -26.32 -16.01 0
      vertex -25.5055 1.2681 0
    endloop
  endfacet
  facet normal 0 0 -1
    outer loop
      vertex 25.5055 1.2681 0
      vertex 26.32 -16.01 0
      vertex 25.5055 -12.2881 0
    endloop
  endfacet
  facet normal 0 0 -1
    outer loop
      vertex 26.32 -16.01 0
      vertex 25.5055 1.2681 0
      vertex 25.52 1.49 0
    endloop
  endfacet
  facet normal 0 0 -1
    outer loop
      vertex 25.4621 -12.07 0
      vertex 25.5055 1.2681 0
      vertex 25.5055 -12.2881 0
    endloop
  endfacet
  facet normal 0 0 -1
    outer loop
      vertex 25.4621 -12.07 0
      vertex 25.4621 1.05001 0
      vertex 25.5055 1.2681 0
    endloop
  endfacet
  facet normal 0 0 -1
    outer loop
      vertex 25.3906 -11.8594 0
      vertex 25.4621 1.05001 0
      vertex 25.4621 -12.07 0
    endloop
  endfacet
  facet normal 0 0 -1
    outer loop
      vertex 25.3906 -11.8594 0
      vertex 25.3906 0.839437 0
      vertex 25.4621 1.05001 0
    endloop
  endfacet
  facet normal 0 0 -1
    outer loop
      vertex 25.2922 -11.66 0
      vertex 25.3906 0.839437 0
      vertex 25.3906 -11.8594 0
    endloop
  endfacet
  facet normal 0 0 -1
    outer loop
      vertex 25.2922 -11.66 0
      vertex 25.2922 0.639999 0
      vertex 25.3906 0.839437 0
    endloop
  endfacet
  facet normal 0 0 -1
    outer loop
      vertex 25.1687 -11.4751 0
      vertex 25.2922 0.639999 0
      vertex 25.2922 -11.66 0
    endloop
  endfacet
  facet normal 0 0 -1
    outer loop
      vertex 25.1687 -11.4751 0
      vertex 25.1687 0.455105 0
      vertex 25.2922 0.639999 0
    endloop
  endfacet
  facet normal 0 0 -1
    outer loop
      vertex 25.0221 -11.3079 0
      vertex 25.1687 0.455105 0
      vertex 25.1687 -11.4751 0
    endloop
  endfacet
  facet normal 0 0 -1
    outer loop
      vertex 25.0221 -11.3079 0
      vertex 25.0221 0.287918 0
      vertex 25.1687 0.455105 0
    endloop
  endfacet
  facet normal 0 0 -1
    outer loop
      vertex 24.8549 -11.1613 0
      vertex 25.0221 0.287918 0
      vertex 25.0221 -11.3079 0
    endloop
  endfacet
  facet normal 0 0 -1
    outer loop
      vertex 24.8549 -11.1613 0
      vertex 24.8549 0.141299 0
      vertex 25.0221 0.287918 0
    endloop
  endfacet
  facet normal 0 0 -1
    outer loop
      vertex 24.67 -11.0378 0
      vertex 24.8549 0.141299 0
      vertex 24.8549 -11.1613 0
    endloop
  endfacet
  facet normal 0 0 -1
    outer loop
      vertex 24.67 -11.0378 0
      vertex 24.67 0.0177565 0
      vertex 24.8549 0.141299 0
    endloop
  endfacet
  facet normal 0 0 -1
    outer loop
      vertex 24.4706 -10.9394 0
      vertex 24.67 0.0177565 0
      vertex 24.67 -11.0378 0
    endloop
  endfacet
  facet normal 0 0 -1
    outer loop
      vertex 24.4706 -10.9394 0
      vertex 24.4706 -0.080595 0
      vertex 24.67 0.0177565 0
    endloop
  endfacet
  facet normal 0 0 -1
    outer loop
      vertex 24.26 -10.8679 0
      vertex 24.4706 -0.080595 0
      vertex 24.4706 -10.9394 0
    endloop
  endfacet
  facet normal 0 0 -1
    outer loop
      vertex 24.26 -10.8679 0
      vertex 24.26 -0.152074 0
      vertex 24.4706 -0.080595 0
    endloop
  endfacet
  facet normal 0 0 -1
    outer loop
      vertex 24.0419 -10.8245 0
      vertex 24.26 -0.152074 0
      vertex 24.26 -10.8679 0
    endloop
  endfacet
  facet normal 0 0 -1
    outer loop
      vertex 24.0419 -10.8245 0
      vertex 24.0419 -0.195456 0
      vertex 24.26 -0.152074 0
    endloop
  endfacet
  facet normal 0 0 -1
    outer loop
      vertex 23.82 -10.81 0
      vertex 24.0419 -0.195456 0
      vertex 24.0419 -10.8245 0
    endloop
  endfacet
  facet normal 0 0 -1
    outer loop
      vertex 23.82 -10.81 0
      vertex 23.82 -0.209999 0
      vertex 24.0419 -0.195456 0
    endloop
  endfacet
  facet normal 0 0 -1
    outer loop
      vertex 23.5981 -10.8245 0
      vertex 23.82 -0.209999 0
      vertex 23.82 -10.81 0
    endloop
  endfacet
  facet normal 0 0 -1
    outer loop
      vertex 23.5981 -10.8245 0
      vertex 23.5981 -0.195456 0
      vertex 23.82 -0.209999 0
    endloop
  endfacet
  facet normal 0 0 -1
    outer loop
      vertex 23.38 -10.8679 0
      vertex 23.5981 -0.195456 0
      vertex 23.5981 -10.8245 0
    endloop
  endfacet
  facet normal 0 0 -1
    outer loop
      vertex 23.38 -10.8679 0
      vertex 23.38 -0.152074 0
      vertex 23.5981 -0.195456 0
    endloop
  endfacet
  facet normal 0 0 -1
    outer loop
      vertex 23.1694 -10.9394 0
      vertex 23.38 -0.152074 0
      vertex 23.38 -10.8679 0
    endloop
  endfacet
  facet normal 0 0 -1
    outer loop
      vertex 23.1694 -10.9394 0
      vertex 23.1694 -0.080595 0
      vertex 23.38 -0.152074 0
    endloop
  endfacet
  facet normal 0 0 -1
    outer loop
      vertex 22.97 -11.0378 0
      vertex 23.1694 -0.080595 0
      vertex 23.1694 -10.9394 0
    endloop
  endfacet
  facet normal 0 0 -1
    outer loop
      vertex 22.97 -11.0378 0
      vertex 22.97 0.0177565 0
      vertex 23.1694 -0.080595 0
    endloop
  endfacet
  facet normal 0 0 -1
    outer loop
      vertex 22.7851 -11.1613 0
      vertex 22.97 0.0177565 0
      vertex 22.97 -11.0378 0
    endloop
  endfacet
  facet normal 0 0 -1
    outer loop
      vertex 22.7851 -11.1613 0
      vertex 22.7851 0.141299 0
      vertex 22.97 0.0177565 0
    endloop
  endfacet
  facet normal 0 0 -1
    outer loop
      vertex 22.6179 -11.3079 0
      vertex 22.7851 0.141299 0
      vertex 22.7851 -11.1613 0
    endloop
  endfacet
  facet normal 0 0 -1
    outer loop
      vertex 22.6179 -11.3079 0
      vertex 22.6179 0.287918 0
      vertex 22.7851 0.141299 0
    endloop
  endfacet
  facet normal 0 0 -1
    outer loop
      vertex 22.4713 -11.4751 0
      vertex 22.6179 0.287918 0
      vertex 22.6179 -11.3079 0
    endloop
  endfacet
  facet normal 0 0 -1
    outer loop
      vertex 22.4713 -11.4751 0
      vertex 22.4713 0.455105 0
      vertex 22.6179 0.287918 0
    endloop
  endfacet
  facet normal 0 0 -1
    outer loop
      vertex 22.3478 -11.66 0
      vertex 22.4713 0.455105 0
      vertex 22.4713 -11.4751 0
    endloop
  endfacet
  facet normal 0 0 -1
    outer loop
      vertex 22.3478 -11.66 0
      vertex 22.3478 0.639999 0
      vertex 22.4713 0.455105 0
    endloop
  endfacet
  facet normal 0 0 -1
    outer loop
      vertex 22.2494 -11.8594 0
      vertex 22.3478 0.639999 0
      vertex 22.3478 -11.66 0
    endloop
  endfacet
  facet normal 0 0 -1
    outer loop
      vertex 22.2494 -11.8594 0
      vertex 22.2494 0.839437 0
      vertex 22.3478 0.639999 0
    endloop
  endfacet
  facet normal 0 0 -1
    outer loop
      vertex 22.1779 -12.07 0
      vertex 22.2494 0.839437 0
      vertex 22.2494 -11.8594 0
    endloop
  endfacet
  facet normal 0 0 -1
    outer loop
      vertex 22.1779 -12.07 0
      vertex 22.1779 1.05001 0
      vertex 22.2494 0.839437 0
    endloop
  endfacet
  facet normal 0 0 -1
    outer loop
      vertex -22.1345 -12.2881 0
      vertex 22.1345 -12.2881 0
      vertex -22.12 -12.51 0
    endloop
  endfacet
  facet normal 0 0 -1
    outer loop
      vertex 22.1345 -12.2881 0
      vertex -22.1345 -12.2881 0
      vertex 22.1779 -12.07 0
    endloop
  endfacet
  facet normal 0 0 -1
    outer loop
      vertex -22.12 -12.51 0
      vertex 22.1345 -12.2881 0
      vertex 22.12 -12.51 0
    endloop
  endfacet
  facet normal 0 0 -1
    outer loop
      vertex -22.1779 -12.07 0
      vertex 22.1779 -12.07 0
      vertex -22.1345 -12.2881 0
    endloop
  endfacet
  facet normal 0 0 -1
    outer loop
      vertex 24.0419 -14.1955 0
      vertex 26.32 -16.01 0
      vertex 26.2943 -16.4016 0
    endloop
  endfacet
  facet normal 0 0 -1
    outer loop
      vertex 26.32 -16.01 0
      vertex 25.52 1.49 0
      vertex 26.32 16.01 0
    endloop
  endfacet
  facet normal 0 0 -1
    outer loop
      vertex 24.0419 -14.1955 0
      vertex 26.2943 -16.4016 0
      vertex 26.2178 -16.7865 0
    endloop
  endfacet
  facet normal 0 0 -1
    outer loop
      vertex 25.5055 1.71189 0
      vertex 26.32 16.01 0
      vertex 25.52 1.49 0
    endloop
  endfacet
  facet normal 0 0 -1
    outer loop
      vertex 24.0419 -14.1955 0
      vertex 26.2178 -16.7865 0
      vertex 26.0916 -17.1581 0
    endloop
  endfacet
  facet normal 0 0 -1
    outer loop
      vertex 25.4621 1.92999 0
      vertex 26.32 16.01 0
      vertex 25.5055 1.71189 0
    endloop
  endfacet
  facet normal 0 0 -1
    outer loop
      vertex 24.0419 -14.1955 0
      vertex 26.0916 -17.1581 0
      vertex 25.9181 -17.51 0
    endloop
  endfacet
  facet normal 0 0 -1
    outer loop
      vertex 25.3906 2.14056 0
      vertex 26.32 16.01 0
      vertex 25.4621 1.92999 0
    endloop
  endfacet
  facet normal 0 0 -1
    outer loop
      vertex 23.82 -14.21 0
      vertex 25.9181 -17.51 0
      vertex 25.7001 -17.8363 0
    endloop
  endfacet
  facet normal 0 0 -1
    outer loop
      vertex 25.2922 2.34 0
      vertex 26.32 16.01 0
      vertex 25.3906 2.14056 0
    endloop
  endfacet
  facet normal 0 0 -1
    outer loop
      vertex 25.5055 -12.2881 0
      vertex 26.32 -16.01 0
      vertex 25.52 -12.51 0
    endloop
  endfacet
  facet normal 0 0 -1
    outer loop
      vertex 26.32 -16.01 0
      vertex 25.5055 -12.7319 0
      vertex 25.52 -12.51 0
    endloop
  endfacet
  facet normal 0 0 -1
    outer loop
      vertex 26.32 -16.01 0
      vertex 25.4621 -12.95 0
      vertex 25.5055 -12.7319 0
    endloop
  endfacet
  facet normal 0 0 -1
    outer loop
      vertex 23.82 -14.21 0
      vertex 25.7001 -17.8363 0
      vertex 25.4413 -18.1313 0
    endloop
  endfacet
  facet normal 0 0 -1
    outer loop
      vertex 26.32 -16.01 0
      vertex 25.3906 -13.1606 0
      vertex 25.4621 -12.95 0
    endloop
  endfacet
  facet normal 0 0 -1
    outer loop
      vertex 26.32 -16.01 0
      vertex 25.2922 -13.36 0
      vertex 25.3906 -13.1606 0
    endloop
  endfacet
  facet normal 0 0 -1
    outer loop
      vertex 26.32 -16.01 0
      vertex 25.1687 -13.5449 0
      vertex 25.2922 -13.36 0
    endloop
  endfacet
  facet normal 0 0 -1
    outer loop
      vertex 23.82 -14.21 0
      vertex 25.4413 -18.1313 0
      vertex 25.1463 -18.3901 0
    endloop
  endfacet
  facet normal 0 0 -1
    outer loop
      vertex 26.32 -16.01 0
      vertex 25.0221 -13.7121 0
      vertex 25.1687 -13.5449 0
    endloop
  endfacet
  facet normal 0 0 -1
    outer loop
      vertex 26.32 -16.01 0
      vertex 24.8549 -13.8587 0
      vertex 25.0221 -13.7121 0
    endloop
  endfacet
  facet normal 0 0 -1
    outer loop
      vertex 23.82 -14.21 0
      vertex 25.1463 -18.3901 0
      vertex 24.82 -18.6081 0
    endloop
  endfacet
  facet normal 0 0 -1
    outer loop
      vertex 26.32 -16.01 0
      vertex 24.67 -13.9822 0
      vertex 24.8549 -13.8587 0
    endloop
  endfacet
  facet normal 0 0 -1
    outer loop
      vertex 26.32 -16.01 0
      vertex 24.4706 -14.0806 0
      vertex 24.67 -13.9822 0
    endloop
  endfacet
  facet normal 0 0 -1
    outer loop
      vertex 23.82 -14.21 0
      vertex 24.82 -18.6081 0
      vertex 24.468 -18.7816 0
    endloop
  endfacet
  facet normal 0 0 -1
    outer loop
      vertex 26.32 -16.01 0
      vertex 24.26 -14.1521 0
      vertex 24.4706 -14.0806 0
    endloop
  endfacet
  facet normal 0 0 -1
    outer loop
      vertex 23.5981 -14.1955 0
      vertex 24.468 -18.7816 0
      vertex 24.0965 -18.9078 0
    endloop
  endfacet
  facet normal 0 0 -1
    outer loop
      vertex 26.32 -16.01 0
      vertex 24.0419 -14.1955 0
      vertex 24.26 -14.1521 0
    endloop
  endfacet
  facet normal 0 0 -1
    outer loop
      vertex 25.9181 -17.51 0
      vertex 23.82 -14.21 0
      vertex 24.0419 -14.1955 0
    endloop
  endfacet
  facet normal 0 0 -1
    outer loop
      vertex 23.5981 -14.1955 0
      vertex 24.0965 -18.9078 0
      vertex 23.7116 -18.9843 0
    endloop
  endfacet
  facet normal 0 0 -1
    outer loop
      vertex 24.468 -18.7816 0
      vertex 23.5981 -14.1955 0
      vertex 23.82 -14.21 0
    endloop
  endfacet
  facet normal 0 0 -1
    outer loop
      vertex 23.32 -19.01 0
      vertex 23.5981 -14.1955 0
      vertex 23.7116 -18.9843 0
    endloop
  endfacet
  facet normal -0 0 -1
    outer loop
      vertex 23.5981 -14.1955 0
      vertex 23.32 -19.01 0
      vertex 23.38 -14.1521 0
    endloop
  endfacet
  facet normal 0 0 -1
    outer loop
      vertex 23.32 -19.01 0
      vertex 23.1694 -14.0806 0
      vertex 23.38 -14.1521 0
    endloop
  endfacet
  facet normal 0 0 -1
    outer loop
      vertex 23.32 -19.01 0
      vertex 22.97 -13.9822 0
      vertex 23.1694 -14.0806 0
    endloop
  endfacet
  facet normal 0 0 -1
    outer loop
      vertex 23.32 -19.01 0
      vertex 22.7851 -13.8587 0
      vertex 22.97 -13.9822 0
    endloop
  endfacet
  facet normal 0 0 -1
    outer loop
      vertex 23.32 -19.01 0
      vertex 22.6179 -13.7121 0
      vertex 22.7851 -13.8587 0
    endloop
  endfacet
  facet normal 0 0 -1
    outer loop
      vertex 23.32 -19.01 0
      vertex 22.4713 -13.5449 0
      vertex 22.6179 -13.7121 0
    endloop
  endfacet
  facet normal 0 0 -1
    outer loop
      vertex 23.32 -19.01 0
      vertex 22.3478 -13.36 0
      vertex 22.4713 -13.5449 0
    endloop
  endfacet
  facet normal 0 0 -1
    outer loop
      vertex 23.32 -19.01 0
      vertex 22.2494 -13.1606 0
      vertex 22.3478 -13.36 0
    endloop
  endfacet
  facet normal 0 0 -1
    outer loop
      vertex 23.32 -19.01 0
      vertex 22.1779 -12.95 0
      vertex 22.2494 -13.1606 0
    endloop
  endfacet
  facet normal 0 0 -1
    outer loop
      vertex -22.1779 -12.95 0
      vertex 22.1779 -12.95 0
      vertex 23.32 -19.01 0
    endloop
  endfacet
  facet normal 0 0 -1
    outer loop
      vertex 22.1779 1.05001 0
      vertex -22.12 1.49 0
      vertex 22.1345 1.2681 0
    endloop
  endfacet
  facet normal 0 0 -1
    outer loop
      vertex 22.1345 -12.7319 0
      vertex -22.12 -12.51 0
      vertex 22.12 -12.51 0
    endloop
  endfacet
  facet normal 0 0 -1
    outer loop
      vertex 22.1779 -12.95 0
      vertex -22.1779 -12.95 0
      vertex 22.1345 -12.7319 0
    endloop
  endfacet
  facet normal 0 0 -1
    outer loop
      vertex 22.1345 -12.7319 0
      vertex -22.1345 -12.7319 0
      vertex -22.12 -12.51 0
    endloop
  endfacet
  facet normal -0 0 -1
    outer loop
      vertex 22.1345 -12.7319 0
      vertex -22.1779 -12.95 0
      vertex -22.1345 -12.7319 0
    endloop
  endfacet
  facet normal 0 0 -1
    outer loop
      vertex -23.32 -19.01 0
      vertex -22.1779 -12.95 0
      vertex 23.32 -19.01 0
    endloop
  endfacet
  facet normal 0 0 -1
    outer loop
      vertex -22.1779 -12.95 0
      vertex -23.32 -19.01 0
      vertex -22.2494 -13.1606 0
    endloop
  endfacet
  facet normal 0 0 -1
    outer loop
      vertex -22.2494 -13.1606 0
      vertex -23.32 -19.01 0
      vertex -22.3478 -13.36 0
    endloop
  endfacet
  facet normal 0 0 -1
    outer loop
      vertex -22.3478 -13.36 0
      vertex -23.32 -19.01 0
      vertex -22.4713 -13.5449 0
    endloop
  endfacet
  facet normal 0 0 -1
    outer loop
      vertex -22.4713 -13.5449 0
      vertex -23.32 -19.01 0
      vertex -22.6179 -13.7121 0
    endloop
  endfacet
  facet normal 0 0 -1
    outer loop
      vertex -22.6179 -13.7121 0
      vertex -23.32 -19.01 0
      vertex -22.7851 -13.8587 0
    endloop
  endfacet
  facet normal 0 0 -1
    outer loop
      vertex -22.7851 -13.8587 0
      vertex -23.32 -19.01 0
      vertex -22.97 -13.9822 0
    endloop
  endfacet
  facet normal 0 0 -1
    outer loop
      vertex -22.97 -13.9822 0
      vertex -23.32 -19.01 0
      vertex -23.1694 -14.0806 0
    endloop
  endfacet
  facet normal 0 0 -1
    outer loop
      vertex -23.32 -19.01 0
      vertex -23.38 -14.1521 0
      vertex -23.1694 -14.0806 0
    endloop
  endfacet
  facet normal 0 0 -1
    outer loop
      vertex -23.32 -19.01 0
      vertex -23.5981 -14.1955 0
      vertex -23.38 -14.1521 0
    endloop
  endfacet
  facet normal 0 0 -1
    outer loop
      vertex -23.7116 -18.9843 0
      vertex -23.5981 -14.1955 0
      vertex -23.32 -19.01 0
    endloop
  endfacet
  facet normal 0 0 -1
    outer loop
      vertex -24.0965 -18.9078 0
      vertex -23.5981 -14.1955 0
      vertex -23.7116 -18.9843 0
    endloop
  endfacet
  facet normal 0 0 -1
    outer loop
      vertex -24.468 -18.7816 0
      vertex -23.5981 -14.1955 0
      vertex -24.0965 -18.9078 0
    endloop
  endfacet
  facet normal 0 0 -1
    outer loop
      vertex -23.5981 -14.1955 0
      vertex -24.468 -18.7816 0
      vertex -23.82 -14.21 0
    endloop
  endfacet
  facet normal 0 0 -1
    outer loop
      vertex -24.82 -18.6081 0
      vertex -23.82 -14.21 0
      vertex -24.468 -18.7816 0
    endloop
  endfacet
  facet normal 0 0 -1
    outer loop
      vertex -25.1463 -18.3901 0
      vertex -23.82 -14.21 0
      vertex -24.82 -18.6081 0
    endloop
  endfacet
  facet normal 0 0 -1
    outer loop
      vertex -25.4413 -18.1313 0
      vertex -23.82 -14.21 0
      vertex -25.1463 -18.3901 0
    endloop
  endfacet
  facet normal 0 0 -1
    outer loop
      vertex -25.7001 -17.8363 0
      vertex -23.82 -14.21 0
      vertex -25.4413 -18.1313 0
    endloop
  endfacet
  facet normal 0 0 -1
    outer loop
      vertex -25.9181 -17.51 0
      vertex -23.82 -14.21 0
      vertex -25.7001 -17.8363 0
    endloop
  endfacet
  facet normal -0 0 -1
    outer loop
      vertex -23.82 -14.21 0
      vertex -25.9181 -17.51 0
      vertex -24.0419 -14.1955 0
    endloop
  endfacet
  facet normal 0 0 -1
    outer loop
      vertex -26.0916 -17.1581 0
      vertex -24.0419 -14.1955 0
      vertex -25.9181 -17.51 0
    endloop
  endfacet
  facet normal 0 0 -1
    outer loop
      vertex -26.2178 -16.7865 0
      vertex -24.0419 -14.1955 0
      vertex -26.0916 -17.1581 0
    endloop
  endfacet
  facet normal 0 0 -1
    outer loop
      vertex -26.2943 -16.4016 0
      vertex -24.0419 -14.1955 0
      vertex -26.2178 -16.7865 0
    endloop
  endfacet
  facet normal -0 0 -1
    outer loop
      vertex -25.0221 -13.7121 0
      vertex -26.32 -16.01 0
      vertex -25.1687 -13.5449 0
    endloop
  endfacet
  facet normal -0 0 -1
    outer loop
      vertex -25.1687 -13.5449 0
      vertex -26.32 -16.01 0
      vertex -25.2922 -13.36 0
    endloop
  endfacet
  facet normal 0 0 -1
    outer loop
      vertex -26.32 -16.01 0
      vertex -24.0419 -14.1955 0
      vertex -26.2943 -16.4016 0
    endloop
  endfacet
  facet normal -0 0 -1
    outer loop
      vertex -25.2922 -13.36 0
      vertex -26.32 -16.01 0
      vertex -25.3906 -13.1606 0
    endloop
  endfacet
  facet normal -0 0 -1
    outer loop
      vertex -25.3906 -13.1606 0
      vertex -26.32 -16.01 0
      vertex -25.4621 -12.95 0
    endloop
  endfacet
  facet normal -0 0 -1
    outer loop
      vertex -25.4621 -12.95 0
      vertex -26.32 -16.01 0
      vertex -25.5055 -12.7319 0
    endloop
  endfacet
  facet normal -0 0 -1
    outer loop
      vertex -25.5055 -12.7319 0
      vertex -26.32 -16.01 0
      vertex -25.52 -12.51 0
    endloop
  endfacet
  facet normal -0 0 -1
    outer loop
      vertex -24.0419 -14.1955 0
      vertex -26.32 -16.01 0
      vertex -24.26 -14.1521 0
    endloop
  endfacet
  facet normal 0 0 -1
    outer loop
      vertex 25.1687 2.52489 0
      vertex 26.32 16.01 0
      vertex 25.2922 2.34 0
    endloop
  endfacet
  facet normal 0 0 -1
    outer loop
      vertex 25.0221 2.69208 0
      vertex 26.32 16.01 0
      vertex 25.1687 2.52489 0
    endloop
  endfacet
  facet normal 0 0 -1
    outer loop
      vertex 24.8549 2.8387 0
      vertex 26.32 16.01 0
      vertex 25.0221 2.69208 0
    endloop
  endfacet
  facet normal 0 0 -1
    outer loop
      vertex 24.67 2.96224 0
      vertex 26.32 16.01 0
      vertex 24.8549 2.8387 0
    endloop
  endfacet
  facet normal 0 0 -1
    outer loop
      vertex 24.4706 3.06059 0
      vertex 26.32 16.01 0
      vertex 24.67 2.96224 0
    endloop
  endfacet
  facet normal 0 0 -1
    outer loop
      vertex 24.26 3.13207 0
      vertex 26.32 16.01 0
      vertex 24.4706 3.06059 0
    endloop
  endfacet
  facet normal 0 0 -1
    outer loop
      vertex 24.0419 3.17546 0
      vertex 26.32 16.01 0
      vertex 24.26 3.13207 0
    endloop
  endfacet
  facet normal 0 0 -1
    outer loop
      vertex 23.82 3.19 0
      vertex 26.32 16.01 0
      vertex 24.0419 3.17546 0
    endloop
  endfacet
  facet normal 0 0 -1
    outer loop
      vertex 23.5981 3.17546 0
      vertex 26.32 16.01 0
      vertex 23.82 3.19 0
    endloop
  endfacet
  facet normal 0 0 -1
    outer loop
      vertex 23.38 3.13207 0
      vertex 26.32 16.01 0
      vertex 23.5981 3.17546 0
    endloop
  endfacet
  facet normal 0 0 -1
    outer loop
      vertex 23.1694 3.06059 0
      vertex 26.32 16.01 0
      vertex 23.38 3.13207 0
    endloop
  endfacet
  facet normal 0 0 -1
    outer loop
      vertex 22.97 2.96224 0
      vertex 26.32 16.01 0
      vertex 23.1694 3.06059 0
    endloop
  endfacet
  facet normal 0 0 -1
    outer loop
      vertex 26.32 16.01 0
      vertex 23.32 19.01 0
      vertex 26.2943 16.4016 0
    endloop
  endfacet
  facet normal 0 0 -1
    outer loop
      vertex 26.2943 16.4016 0
      vertex 23.32 19.01 0
      vertex 26.2178 16.7865 0
    endloop
  endfacet
  facet normal 0 0 -1
    outer loop
      vertex 26.2178 16.7865 0
      vertex 23.32 19.01 0
      vertex 26.0916 17.1581 0
    endloop
  endfacet
  facet normal 0 0 -1
    outer loop
      vertex 25.9181 17.51 0
      vertex 23.32 19.01 0
      vertex 25.7001 17.8363 0
    endloop
  endfacet
  facet normal 0 0 -1
    outer loop
      vertex 25.7001 17.8363 0
      vertex 23.32 19.01 0
      vertex 25.4413 18.1313 0
    endloop
  endfacet
  facet normal 0 0 -1
    outer loop
      vertex 25.1463 18.3901 0
      vertex 23.32 19.01 0
      vertex 24.82 18.6081 0
    endloop
  endfacet
  facet normal 0 0 -1
    outer loop
      vertex 24.82 18.6081 0
      vertex 23.32 19.01 0
      vertex 24.468 18.7816 0
    endloop
  endfacet
  facet normal 0 0 -1
    outer loop
      vertex 24.468 18.7816 0
      vertex 23.32 19.01 0
      vertex 24.0965 18.9078 0
    endloop
  endfacet
  facet normal 0 0 -1
    outer loop
      vertex 25.4413 18.1313 0
      vertex 23.32 19.01 0
      vertex 25.1463 18.3901 0
    endloop
  endfacet
  facet normal 0 0 -1
    outer loop
      vertex 24.0965 18.9078 0
      vertex 23.32 19.01 0
      vertex 23.7116 18.9843 0
    endloop
  endfacet
  facet normal 0 0 -1
    outer loop
      vertex 26.0916 17.1581 0
      vertex 23.32 19.01 0
      vertex 25.9181 17.51 0
    endloop
  endfacet
  facet normal -0 0 -1
    outer loop
      vertex 26.32 16.01 0
      vertex 22.97 2.96224 0
      vertex 23.32 19.01 0
    endloop
  endfacet
  facet normal 0 0 -1
    outer loop
      vertex 22.7851 2.8387 0
      vertex 23.32 19.01 0
      vertex 22.97 2.96224 0
    endloop
  endfacet
  facet normal 0 0 -1
    outer loop
      vertex 22.6179 2.69208 0
      vertex 23.32 19.01 0
      vertex 22.7851 2.8387 0
    endloop
  endfacet
  facet normal 0 0 -1
    outer loop
      vertex 22.4713 2.52489 0
      vertex 23.32 19.01 0
      vertex 22.6179 2.69208 0
    endloop
  endfacet
  facet normal 0 0 -1
    outer loop
      vertex 22.3478 2.34 0
      vertex 23.32 19.01 0
      vertex 22.4713 2.52489 0
    endloop
  endfacet
  facet normal 0 0 -1
    outer loop
      vertex 22.2494 2.14056 0
      vertex 23.32 19.01 0
      vertex 22.3478 2.34 0
    endloop
  endfacet
  facet normal 0 0 -1
    outer loop
      vertex -22.2494 2.14056 0
      vertex 22.2494 2.14056 0
      vertex 22.1779 1.92999 0
    endloop
  endfacet
  facet normal 0 0 -1
    outer loop
      vertex -22.1779 1.92999 0
      vertex 22.1779 1.92999 0
      vertex 22.1345 1.71189 0
    endloop
  endfacet
  facet normal 0 0 -1
    outer loop
      vertex 22.1345 1.2681 0
      vertex -22.12 1.49 0
      vertex 22.12 1.49 0
    endloop
  endfacet
  facet normal 0 0 -1
    outer loop
      vertex 22.12 1.49 0
      vertex -22.12 1.49 0
      vertex 22.1345 1.71189 0
    endloop
  endfacet
  facet normal 0 0 -1
    outer loop
      vertex -22.1345 1.71189 0
      vertex 22.1345 1.71189 0
      vertex -22.12 1.49 0
    endloop
  endfacet
  facet normal 0 0 -1
    outer loop
      vertex -22.1779 1.92999 0
      vertex 22.1345 1.71189 0
      vertex -22.1345 1.71189 0
    endloop
  endfacet
  facet normal 0 0 -1
    outer loop
      vertex 22.1779 1.92999 0
      vertex -22.1779 1.92999 0
      vertex -22.2494 2.14056 0
    endloop
  endfacet
  facet normal 0 0 -1
    outer loop
      vertex 22.2494 2.14056 0
      vertex -22.2494 2.14056 0
      vertex 23.32 19.01 0
    endloop
  endfacet
  facet normal 0 0 -1
    outer loop
      vertex -23.32 19.01 0
      vertex -22.2494 2.14056 0
      vertex -22.3478 2.34 0
    endloop
  endfacet
  facet normal 0 0 -1
    outer loop
      vertex -23.32 19.01 0
      vertex -22.3478 2.34 0
      vertex -22.4713 2.52489 0
    endloop
  endfacet
  facet normal 0 0 -1
    outer loop
      vertex -23.32 19.01 0
      vertex -22.4713 2.52489 0
      vertex -22.6179 2.69208 0
    endloop
  endfacet
  facet normal 0 0 -1
    outer loop
      vertex -23.32 19.01 0
      vertex -22.6179 2.69208 0
      vertex -22.7851 2.8387 0
    endloop
  endfacet
  facet normal 0 0 -1
    outer loop
      vertex -23.32 19.01 0
      vertex -22.7851 2.8387 0
      vertex -22.97 2.96224 0
    endloop
  endfacet
  facet normal 0 0 -1
    outer loop
      vertex -26.32 16.01 0
      vertex -22.97 2.96224 0
      vertex -23.1694 3.06059 0
    endloop
  endfacet
  facet normal 0 0 -1
    outer loop
      vertex -22.2494 2.14056 0
      vertex -23.32 19.01 0
      vertex 23.32 19.01 0
    endloop
  endfacet
  facet normal 0 0 -1
    outer loop
      vertex -26.32 16.01 0
      vertex -23.1694 3.06059 0
      vertex -23.38 3.13207 0
    endloop
  endfacet
  facet normal 0 0 -1
    outer loop
      vertex -26.32 16.01 0
      vertex -23.38 3.13207 0
      vertex -23.5981 3.17546 0
    endloop
  endfacet
  facet normal 0 0 -1
    outer loop
      vertex -22.97 2.96224 0
      vertex -26.32 16.01 0
      vertex -23.32 19.01 0
    endloop
  endfacet
  facet normal 0 0 -1
    outer loop
      vertex -26.32 16.01 0
      vertex -23.5981 3.17546 0
      vertex -23.82 3.19 0
    endloop
  endfacet
  facet normal 0 0 -1
    outer loop
      vertex -26.32 16.01 0
      vertex -23.82 3.19 0
      vertex -24.0419 3.17546 0
    endloop
  endfacet
  facet normal 0 0 -1
    outer loop
      vertex -23.32 19.01 0
      vertex -26.32 16.01 0
      vertex -23.7116 18.9843 0
    endloop
  endfacet
  facet normal 0 0 -1
    outer loop
      vertex -26.32 16.01 0
      vertex -24.0419 3.17546 0
      vertex -24.26 3.13207 0
    endloop
  endfacet
  facet normal 0 0 -1
    outer loop
      vertex -23.7116 18.9843 0
      vertex -26.32 16.01 0
      vertex -24.0965 18.9078 0
    endloop
  endfacet
  facet normal 0 0 -1
    outer loop
      vertex -26.32 16.01 0
      vertex -24.26 3.13207 0
      vertex -24.4706 3.06059 0
    endloop
  endfacet
  facet normal 0 0 -1
    outer loop
      vertex -26.32 16.01 0
      vertex -24.4706 3.06059 0
      vertex -24.67 2.96224 0
    endloop
  endfacet
  facet normal 0 0 -1
    outer loop
      vertex -24.0965 18.9078 0
      vertex -26.32 16.01 0
      vertex -24.468 18.7816 0
    endloop
  endfacet
  facet normal 0 0 -1
    outer loop
      vertex -26.32 16.01 0
      vertex -24.67 2.96224 0
      vertex -24.8549 2.8387 0
    endloop
  endfacet
  facet normal 0 0 -1
    outer loop
      vertex -26.32 16.01 0
      vertex -24.8549 2.8387 0
      vertex -25.0221 2.69208 0
    endloop
  endfacet
  facet normal 0 0 -1
    outer loop
      vertex -24.468 18.7816 0
      vertex -26.32 16.01 0
      vertex -24.82 18.6081 0
    endloop
  endfacet
  facet normal 0 0 -1
    outer loop
      vertex -26.32 16.01 0
      vertex -25.0221 2.69208 0
      vertex -25.1687 2.52489 0
    endloop
  endfacet
  facet normal 0 0 -1
    outer loop
      vertex -26.32 16.01 0
      vertex -25.1687 2.52489 0
      vertex -25.2922 2.34 0
    endloop
  endfacet
  facet normal 0 0 -1
    outer loop
      vertex -26.32 16.01 0
      vertex -25.2922 2.34 0
      vertex -25.3906 2.14056 0
    endloop
  endfacet
  facet normal 0 0 -1
    outer loop
      vertex -24.82 18.6081 0
      vertex -26.32 16.01 0
      vertex -25.1463 18.3901 0
    endloop
  endfacet
  facet normal 0 0 -1
    outer loop
      vertex -26.32 16.01 0
      vertex -25.3906 2.14056 0
      vertex -25.4621 1.92999 0
    endloop
  endfacet
  facet normal 0 0 -1
    outer loop
      vertex -26.32 16.01 0
      vertex -25.4621 1.92999 0
      vertex -25.5055 1.71189 0
    endloop
  endfacet
  facet normal 0 0 -1
    outer loop
      vertex -26.32 16.01 0
      vertex -25.5055 1.71189 0
      vertex -25.52 1.49 0
    endloop
  endfacet
  facet normal -0 0 -1
    outer loop
      vertex -25.5055 1.2681 0
      vertex -26.32 -16.01 0
      vertex -25.52 1.49 0
    endloop
  endfacet
  facet normal 0 0 -1
    outer loop
      vertex -26.32 16.01 0
      vertex -25.52 1.49 0
      vertex -26.32 -16.01 0
    endloop
  endfacet
  facet normal -0 0 -1
    outer loop
      vertex -24.26 -14.1521 0
      vertex -26.32 -16.01 0
      vertex -24.4706 -14.0806 0
    endloop
  endfacet
  facet normal 0 0 -1
    outer loop
      vertex -25.1463 18.3901 0
      vertex -26.32 16.01 0
      vertex -25.4413 18.1313 0
    endloop
  endfacet
  facet normal -0 0 -1
    outer loop
      vertex -24.4706 -14.0806 0
      vertex -26.32 -16.01 0
      vertex -24.67 -13.9822 0
    endloop
  endfacet
  facet normal 0 0 -1
    outer loop
      vertex -25.4413 18.1313 0
      vertex -26.32 16.01 0
      vertex -25.7001 17.8363 0
    endloop
  endfacet
  facet normal -0 0 -1
    outer loop
      vertex -24.67 -13.9822 0
      vertex -26.32 -16.01 0
      vertex -24.8549 -13.8587 0
    endloop
  endfacet
  facet normal 0 0 -1
    outer loop
      vertex -25.7001 17.8363 0
      vertex -26.32 16.01 0
      vertex -25.9181 17.51 0
    endloop
  endfacet
  facet normal -0 0 -1
    outer loop
      vertex -24.8549 -13.8587 0
      vertex -26.32 -16.01 0
      vertex -25.0221 -13.7121 0
    endloop
  endfacet
  facet normal 0 0 -1
    outer loop
      vertex -25.9181 17.51 0
      vertex -26.32 16.01 0
      vertex -26.0916 17.1581 0
    endloop
  endfacet
  facet normal 0 0 -1
    outer loop
      vertex -26.0916 17.1581 0
      vertex -26.32 16.01 0
      vertex -26.2178 16.7865 0
    endloop
  endfacet
  facet normal 0 0 -1
    outer loop
      vertex -26.2178 16.7865 0
      vertex -26.32 16.01 0
      vertex -26.2943 16.4016 0
    endloop
  endfacet
  facet normal 0.997853 -0.0654873 2.05316e-19
    outer loop
      vertex 26.2943 -16.4016 10.6
      vertex 26.32 -16.01 0
      vertex 26.32 -16.01 10.6
    endloop
  endfacet
  facet normal 0.997853 -0.0654873 2.05316e-19
    outer loop
      vertex 26.32 -16.01 0
      vertex 26.2943 -16.4016 10.6
      vertex 26.2943 -16.4016 0
    endloop
  endfacet
  facet normal -0 0 1
    outer loop
      vertex -22.1345 -12.2881 10.6
      vertex -21.32 -15.51 10.6
      vertex -22.1345 1.2681 10.6
    endloop
  endfacet
  facet normal 0 0 1
    outer loop
      vertex -21.32 -15.51 10.6
      vertex -22.1345 -12.2881 10.6
      vertex -22.12 -12.51 10.6
    endloop
  endfacet
  facet normal -0 0 1
    outer loop
      vertex -22.1779 1.05001 10.6
      vertex -22.1345 -12.2881 10.6
      vertex -22.1345 1.2681 10.6
    endloop
  endfacet
  facet normal 0 0 1
    outer loop
      vertex -22.1779 1.05001 10.6
      vertex -22.1779 -12.07 10.6
      vertex -22.1345 -12.2881 10.6
    endloop
  endfacet
  facet normal -0 0 1
    outer loop
      vertex -22.2494 0.839437 10.6
      vertex -22.1779 -12.07 10.6
      vertex -22.1779 1.05001 10.6
    endloop
  endfacet
  facet normal 0 0 1
    outer loop
      vertex -22.2494 0.839437 10.6
      vertex -22.2494 -11.8594 10.6
      vertex -22.1779 -12.07 10.6
    endloop
  endfacet
  facet normal -0 0 1
    outer loop
      vertex -22.3478 0.639999 10.6
      vertex -22.2494 -11.8594 10.6
      vertex -22.2494 0.839437 10.6
    endloop
  endfacet
  facet normal 0 0 1
    outer loop
      vertex -22.3478 0.639999 10.6
      vertex -22.3478 -11.66 10.6
      vertex -22.2494 -11.8594 10.6
    endloop
  endfacet
  facet normal -0 0 1
    outer loop
      vertex -22.4713 0.455105 10.6
      vertex -22.3478 -11.66 10.6
      vertex -22.3478 0.639999 10.6
    endloop
  endfacet
  facet normal 0 0 1
    outer loop
      vertex -22.4713 0.455105 10.6
      vertex -22.4713 -11.4751 10.6
      vertex -22.3478 -11.66 10.6
    endloop
  endfacet
  facet normal -0 0 1
    outer loop
      vertex -22.6179 0.287918 10.6
      vertex -22.4713 -11.4751 10.6
      vertex -22.4713 0.455105 10.6
    endloop
  endfacet
  facet normal 0 0 1
    outer loop
      vertex -22.6179 0.287918 10.6
      vertex -22.6179 -11.3079 10.6
      vertex -22.4713 -11.4751 10.6
    endloop
  endfacet
  facet normal -0 0 1
    outer loop
      vertex -22.7851 0.141299 10.6
      vertex -22.6179 -11.3079 10.6
      vertex -22.6179 0.287918 10.6
    endloop
  endfacet
  facet normal 0 0 1
    outer loop
      vertex -22.7851 0.141299 10.6
      vertex -22.7851 -11.1613 10.6
      vertex -22.6179 -11.3079 10.6
    endloop
  endfacet
  facet normal -0 0 1
    outer loop
      vertex -22.97 0.0177565 10.6
      vertex -22.7851 -11.1613 10.6
      vertex -22.7851 0.141299 10.6
    endloop
  endfacet
  facet normal 0 0 1
    outer loop
      vertex -22.97 0.0177565 10.6
      vertex -22.97 -11.0378 10.6
      vertex -22.7851 -11.1613 10.6
    endloop
  endfacet
  facet normal -0 0 1
    outer loop
      vertex -23.1694 -0.080595 10.6
      vertex -22.97 -11.0378 10.6
      vertex -22.97 0.0177565 10.6
    endloop
  endfacet
  facet normal 0 0 1
    outer loop
      vertex -23.1694 -0.080595 10.6
      vertex -23.1694 -10.9394 10.6
      vertex -22.97 -11.0378 10.6
    endloop
  endfacet
  facet normal -0 0 1
    outer loop
      vertex -23.38 -0.152074 10.6
      vertex -23.1694 -10.9394 10.6
      vertex -23.1694 -0.080595 10.6
    endloop
  endfacet
  facet normal 0 0 1
    outer loop
      vertex -23.38 -0.152074 10.6
      vertex -23.38 -10.8679 10.6
      vertex -23.1694 -10.9394 10.6
    endloop
  endfacet
  facet normal -0 0 1
    outer loop
      vertex -23.5981 -0.195456 10.6
      vertex -23.38 -10.8679 10.6
      vertex -23.38 -0.152074 10.6
    endloop
  endfacet
  facet normal 0 0 1
    outer loop
      vertex -23.5981 -0.195456 10.6
      vertex -23.5981 -10.8245 10.6
      vertex -23.38 -10.8679 10.6
    endloop
  endfacet
  facet normal -0 0 1
    outer loop
      vertex -23.82 -0.209999 10.6
      vertex -23.5981 -10.8245 10.6
      vertex -23.5981 -0.195456 10.6
    endloop
  endfacet
  facet normal 0 0 1
    outer loop
      vertex -23.82 -0.209999 10.6
      vertex -23.82 -10.81 10.6
      vertex -23.5981 -10.8245 10.6
    endloop
  endfacet
  facet normal 0 0 1
    outer loop
      vertex -24.0419 -0.195456 10.6
      vertex -23.82 -10.81 10.6
      vertex -23.82 -0.209999 10.6
    endloop
  endfacet
  facet normal 0 0 1
    outer loop
      vertex -24.0419 -0.195456 10.6
      vertex -24.0419 -10.8245 10.6
      vertex -23.82 -10.81 10.6
    endloop
  endfacet
  facet normal 0 0 1
    outer loop
      vertex -24.26 -0.152074 10.6
      vertex -24.0419 -10.8245 10.6
      vertex -24.0419 -0.195456 10.6
    endloop
  endfacet
  facet normal 0 0 1
    outer loop
      vertex -24.26 -0.152074 10.6
      vertex -24.26 -10.8679 10.6
      vertex -24.0419 -10.8245 10.6
    endloop
  endfacet
  facet normal 0 0 1
    outer loop
      vertex -24.4706 -0.080595 10.6
      vertex -24.26 -10.8679 10.6
      vertex -24.26 -0.152074 10.6
    endloop
  endfacet
  facet normal 0 0 1
    outer loop
      vertex -24.4706 -0.080595 10.6
      vertex -24.4706 -10.9394 10.6
      vertex -24.26 -10.8679 10.6
    endloop
  endfacet
  facet normal 0 0 1
    outer loop
      vertex -24.67 0.0177565 10.6
      vertex -24.4706 -10.9394 10.6
      vertex -24.4706 -0.080595 10.6
    endloop
  endfacet
  facet normal 0 0 1
    outer loop
      vertex -24.67 0.0177565 10.6
      vertex -24.67 -11.0378 10.6
      vertex -24.4706 -10.9394 10.6
    endloop
  endfacet
  facet normal 0 0 1
    outer loop
      vertex -24.8549 0.141299 10.6
      vertex -24.67 -11.0378 10.6
      vertex -24.67 0.0177565 10.6
    endloop
  endfacet
  facet normal 0 0 1
    outer loop
      vertex -24.8549 0.141299 10.6
      vertex -24.8549 -11.1613 10.6
      vertex -24.67 -11.0378 10.6
    endloop
  endfacet
  facet normal 0 0 1
    outer loop
      vertex -25.0221 0.287918 10.6
      vertex -24.8549 -11.1613 10.6
      vertex -24.8549 0.141299 10.6
    endloop
  endfacet
  facet normal 0 0 1
    outer loop
      vertex -25.0221 0.287918 10.6
      vertex -25.0221 -11.3079 10.6
      vertex -24.8549 -11.1613 10.6
    endloop
  endfacet
  facet normal 0 0 1
    outer loop
      vertex -25.1687 0.455105 10.6
      vertex -25.0221 -11.3079 10.6
      vertex -25.0221 0.287918 10.6
    endloop
  endfacet
  facet normal 0 0 1
    outer loop
      vertex -25.1687 0.455105 10.6
      vertex -25.1687 -11.4751 10.6
      vertex -25.0221 -11.3079 10.6
    endloop
  endfacet
  facet normal 0 0 1
    outer loop
      vertex -25.2922 0.639999 10.6
      vertex -25.1687 -11.4751 10.6
      vertex -25.1687 0.455105 10.6
    endloop
  endfacet
  facet normal 0 0 1
    outer loop
      vertex -25.2922 0.639999 10.6
      vertex -25.2922 -11.66 10.6
      vertex -25.1687 -11.4751 10.6
    endloop
  endfacet
  facet normal 0 0 1
    outer loop
      vertex -25.3906 0.839437 10.6
      vertex -25.2922 -11.66 10.6
      vertex -25.2922 0.639999 10.6
    endloop
  endfacet
  facet normal 0 0 1
    outer loop
      vertex -25.3906 0.839437 10.6
      vertex -25.3906 -11.8594 10.6
      vertex -25.2922 -11.66 10.6
    endloop
  endfacet
  facet normal 0 0 1
    outer loop
      vertex -25.4621 1.05001 10.6
      vertex -25.3906 -11.8594 10.6
      vertex -25.3906 0.839437 10.6
    endloop
  endfacet
  facet normal 0 0 1
    outer loop
      vertex -25.4621 1.05001 10.6
      vertex -25.4621 -12.07 10.6
      vertex -25.3906 -11.8594 10.6
    endloop
  endfacet
  facet normal 0 0 1
    outer loop
      vertex -25.5055 1.2681 10.6
      vertex -25.4621 -12.07 10.6
      vertex -25.4621 1.05001 10.6
    endloop
  endfacet
  facet normal 0 0 1
    outer loop
      vertex -25.5055 1.2681 10.6
      vertex -25.5055 -12.2881 10.6
      vertex -25.4621 -12.07 10.6
    endloop
  endfacet
  facet normal 0 0 1
    outer loop
      vertex -26.32 -16.01 10.6
      vertex -25.5055 1.2681 10.6
      vertex -25.52 1.49 10.6
    endloop
  endfacet
  facet normal 0 0 1
    outer loop
      vertex -25.5055 1.2681 10.6
      vertex -26.32 -16.01 10.6
      vertex -25.5055 -12.2881 10.6
    endloop
  endfacet
  facet normal -0 0 1
    outer loop
      vertex 25.5055 -12.2881 10.6
      vertex 26.32 -16.01 10.6
      vertex 25.5055 1.2681 10.6
    endloop
  endfacet
  facet normal 0 0 1
    outer loop
      vertex 26.32 -16.01 10.6
      vertex 25.5055 -12.2881 10.6
      vertex 25.52 -12.51 10.6
    endloop
  endfacet
  facet normal -0 0 1
    outer loop
      vertex 25.4621 1.05001 10.6
      vertex 25.5055 -12.2881 10.6
      vertex 25.5055 1.2681 10.6
    endloop
  endfacet
  facet normal 0 0 1
    outer loop
      vertex 25.4621 1.05001 10.6
      vertex 25.4621 -12.07 10.6
      vertex 25.5055 -12.2881 10.6
    endloop
  endfacet
  facet normal -0 0 1
    outer loop
      vertex 25.3906 0.839437 10.6
      vertex 25.4621 -12.07 10.6
      vertex 25.4621 1.05001 10.6
    endloop
  endfacet
  facet normal 0 0 1
    outer loop
      vertex 25.3906 0.839437 10.6
      vertex 25.3906 -11.8594 10.6
      vertex 25.4621 -12.07 10.6
    endloop
  endfacet
  facet normal -0 0 1
    outer loop
      vertex 25.2922 0.639999 10.6
      vertex 25.3906 -11.8594 10.6
      vertex 25.3906 0.839437 10.6
    endloop
  endfacet
  facet normal 0 0 1
    outer loop
      vertex 25.2922 0.639999 10.6
      vertex 25.2922 -11.66 10.6
      vertex 25.3906 -11.8594 10.6
    endloop
  endfacet
  facet normal -0 0 1
    outer loop
      vertex 25.1687 0.455105 10.6
      vertex 25.2922 -11.66 10.6
      vertex 25.2922 0.639999 10.6
    endloop
  endfacet
  facet normal 0 0 1
    outer loop
      vertex 25.1687 0.455105 10.6
      vertex 25.1687 -11.4751 10.6
      vertex 25.2922 -11.66 10.6
    endloop
  endfacet
  facet normal -0 0 1
    outer loop
      vertex 25.0221 0.287918 10.6
      vertex 25.1687 -11.4751 10.6
      vertex 25.1687 0.455105 10.6
    endloop
  endfacet
  facet normal 0 0 1
    outer loop
      vertex 25.0221 0.287918 10.6
      vertex 25.0221 -11.3079 10.6
      vertex 25.1687 -11.4751 10.6
    endloop
  endfacet
  facet normal -0 0 1
    outer loop
      vertex 24.8549 0.141299 10.6
      vertex 25.0221 -11.3079 10.6
      vertex 25.0221 0.287918 10.6
    endloop
  endfacet
  facet normal 0 0 1
    outer loop
      vertex 24.8549 0.141299 10.6
      vertex 24.8549 -11.1613 10.6
      vertex 25.0221 -11.3079 10.6
    endloop
  endfacet
  facet normal -0 0 1
    outer loop
      vertex 24.67 0.0177565 10.6
      vertex 24.8549 -11.1613 10.6
      vertex 24.8549 0.141299 10.6
    endloop
  endfacet
  facet normal 0 0 1
    outer loop
      vertex 24.67 0.0177565 10.6
      vertex 24.67 -11.0378 10.6
      vertex 24.8549 -11.1613 10.6
    endloop
  endfacet
  facet normal -0 0 1
    outer loop
      vertex 24.4706 -0.080595 10.6
      vertex 24.67 -11.0378 10.6
      vertex 24.67 0.0177565 10.6
    endloop
  endfacet
  facet normal 0 0 1
    outer loop
      vertex 24.4706 -0.080595 10.6
      vertex 24.4706 -10.9394 10.6
      vertex 24.67 -11.0378 10.6
    endloop
  endfacet
  facet normal -0 0 1
    outer loop
      vertex 24.26 -0.152074 10.6
      vertex 24.4706 -10.9394 10.6
      vertex 24.4706 -0.080595 10.6
    endloop
  endfacet
  facet normal 0 0 1
    outer loop
      vertex 24.26 -0.152074 10.6
      vertex 24.26 -10.8679 10.6
      vertex 24.4706 -10.9394 10.6
    endloop
  endfacet
  facet normal -0 0 1
    outer loop
      vertex 24.0419 -0.195456 10.6
      vertex 24.26 -10.8679 10.6
      vertex 24.26 -0.152074 10.6
    endloop
  endfacet
  facet normal 0 0 1
    outer loop
      vertex 24.0419 -0.195456 10.6
      vertex 24.0419 -10.8245 10.6
      vertex 24.26 -10.8679 10.6
    endloop
  endfacet
  facet normal -0 0 1
    outer loop
      vertex 23.82 -0.209999 10.6
      vertex 24.0419 -10.8245 10.6
      vertex 24.0419 -0.195456 10.6
    endloop
  endfacet
  facet normal 0 0 1
    outer loop
      vertex 23.82 -0.209999 10.6
      vertex 23.82 -10.81 10.6
      vertex 24.0419 -10.8245 10.6
    endloop
  endfacet
  facet normal 0 0 1
    outer loop
      vertex 23.5981 -0.195456 10.6
      vertex 23.82 -10.81 10.6
      vertex 23.82 -0.209999 10.6
    endloop
  endfacet
  facet normal 0 0 1
    outer loop
      vertex 23.5981 -0.195456 10.6
      vertex 23.5981 -10.8245 10.6
      vertex 23.82 -10.81 10.6
    endloop
  endfacet
  facet normal 0 0 1
    outer loop
      vertex 23.38 -0.152074 10.6
      vertex 23.5981 -10.8245 10.6
      vertex 23.5981 -0.195456 10.6
    endloop
  endfacet
  facet normal 0 0 1
    outer loop
      vertex 23.38 -0.152074 10.6
      vertex 23.38 -10.8679 10.6
      vertex 23.5981 -10.8245 10.6
    endloop
  endfacet
  facet normal 0 0 1
    outer loop
      vertex 23.1694 -0.080595 10.6
      vertex 23.38 -10.8679 10.6
      vertex 23.38 -0.152074 10.6
    endloop
  endfacet
  facet normal 0 0 1
    outer loop
      vertex 23.1694 -0.080595 10.6
      vertex 23.1694 -10.9394 10.6
      vertex 23.38 -10.8679 10.6
    endloop
  endfacet
  facet normal 0 0 1
    outer loop
      vertex 22.97 0.0177565 10.6
      vertex 23.1694 -10.9394 10.6
      vertex 23.1694 -0.080595 10.6
    endloop
  endfacet
  facet normal 0 0 1
    outer loop
      vertex 22.97 0.0177565 10.6
      vertex 22.97 -11.0378 10.6
      vertex 23.1694 -10.9394 10.6
    endloop
  endfacet
  facet normal 0 0 1
    outer loop
      vertex 22.7851 0.141299 10.6
      vertex 22.97 -11.0378 10.6
      vertex 22.97 0.0177565 10.6
    endloop
  endfacet
  facet normal 0 0 1
    outer loop
      vertex 22.7851 0.141299 10.6
      vertex 22.7851 -11.1613 10.6
      vertex 22.97 -11.0378 10.6
    endloop
  endfacet
  facet normal 0 0 1
    outer loop
      vertex 22.6179 0.287918 10.6
      vertex 22.7851 -11.1613 10.6
      vertex 22.7851 0.141299 10.6
    endloop
  endfacet
  facet normal 0 0 1
    outer loop
      vertex 22.6179 0.287918 10.6
      vertex 22.6179 -11.3079 10.6
      vertex 22.7851 -11.1613 10.6
    endloop
  endfacet
  facet normal 0 0 1
    outer loop
      vertex 22.4713 0.455105 10.6
      vertex 22.6179 -11.3079 10.6
      vertex 22.6179 0.287918 10.6
    endloop
  endfacet
  facet normal 0 0 1
    outer loop
      vertex 22.4713 0.455105 10.6
      vertex 22.4713 -11.4751 10.6
      vertex 22.6179 -11.3079 10.6
    endloop
  endfacet
  facet normal 0 0 1
    outer loop
      vertex 22.3478 0.639999 10.6
      vertex 22.4713 -11.4751 10.6
      vertex 22.4713 0.455105 10.6
    endloop
  endfacet
  facet normal 0 0 1
    outer loop
      vertex 22.3478 0.639999 10.6
      vertex 22.3478 -11.66 10.6
      vertex 22.4713 -11.4751 10.6
    endloop
  endfacet
  facet normal 0 0 1
    outer loop
      vertex 22.2494 0.839437 10.6
      vertex 22.3478 -11.66 10.6
      vertex 22.3478 0.639999 10.6
    endloop
  endfacet
  facet normal 0 0 1
    outer loop
      vertex 22.2494 0.839437 10.6
      vertex 22.2494 -11.8594 10.6
      vertex 22.3478 -11.66 10.6
    endloop
  endfacet
  facet normal 0 0 1
    outer loop
      vertex 22.1779 1.05001 10.6
      vertex 22.2494 -11.8594 10.6
      vertex 22.2494 0.839437 10.6
    endloop
  endfacet
  facet normal 0 0 1
    outer loop
      vertex 22.1779 1.05001 10.6
      vertex 22.1779 -12.07 10.6
      vertex 22.2494 -11.8594 10.6
    endloop
  endfacet
  facet normal 0 0 1
    outer loop
      vertex 22.1345 1.2681 10.6
      vertex 22.1779 -12.07 10.6
      vertex 22.1779 1.05001 10.6
    endloop
  endfacet
  facet normal 0 0 1
    outer loop
      vertex 22.1345 1.2681 10.6
      vertex 22.1345 -12.2881 10.6
      vertex 22.1779 -12.07 10.6
    endloop
  endfacet
  facet normal 0 0 1
    outer loop
      vertex 21.32 -15.51 10.6
      vertex 22.1345 1.2681 10.6
      vertex 22.12 1.49 10.6
    endloop
  endfacet
  facet normal 0 0 1
    outer loop
      vertex 22.1345 1.2681 10.6
      vertex 21.32 -15.51 10.6
      vertex 22.1345 -12.2881 10.6
    endloop
  endfacet
  facet normal 0 0 1
    outer loop
      vertex 21.3072 15.7058 10.6
      vertex 26.32 16.01 10.6
      vertex 26.2943 16.4016 10.6
    endloop
  endfacet
  facet normal 0 0 1
    outer loop
      vertex 26.32 16.01 10.6
      vertex 25.52 1.49 10.6
      vertex 26.32 -16.01 10.6
    endloop
  endfacet
  facet normal 0 0 1
    outer loop
      vertex 21.3072 15.7058 10.6
      vertex 26.2943 16.4016 10.6
      vertex 26.2178 16.7865 10.6
    endloop
  endfacet
  facet normal -0 0 1
    outer loop
      vertex 25.5055 1.2681 10.6
      vertex 26.32 -16.01 10.6
      vertex 25.52 1.49 10.6
    endloop
  endfacet
  facet normal 0 0 1
    outer loop
      vertex 21.3072 15.7058 10.6
      vertex 26.2178 16.7865 10.6
      vertex 26.0916 17.1581 10.6
    endloop
  endfacet
  facet normal -0 0 1
    outer loop
      vertex 25.5055 -12.7319 10.6
      vertex 26.32 -16.01 10.6
      vertex 25.52 -12.51 10.6
    endloop
  endfacet
  facet normal 0 0 1
    outer loop
      vertex 21.3072 15.7058 10.6
      vertex 26.0916 17.1581 10.6
      vertex 25.9181 17.51 10.6
    endloop
  endfacet
  facet normal -0 0 1
    outer loop
      vertex 25.4621 -12.95 10.6
      vertex 26.32 -16.01 10.6
      vertex 25.5055 -12.7319 10.6
    endloop
  endfacet
  facet normal 0 0 1
    outer loop
      vertex 21.3072 15.7058 10.6
      vertex 25.9181 17.51 10.6
      vertex 25.7001 17.8363 10.6
    endloop
  endfacet
  facet normal -0 0 1
    outer loop
      vertex 25.3906 -13.1606 10.6
      vertex 26.32 -16.01 10.6
      vertex 25.4621 -12.95 10.6
    endloop
  endfacet
  facet normal -0 0 1
    outer loop
      vertex 25.2922 -13.36 10.6
      vertex 26.32 -16.01 10.6
      vertex 25.3906 -13.1606 10.6
    endloop
  endfacet
  facet normal 0 0 1
    outer loop
      vertex 26.32 16.01 10.6
      vertex 25.5055 1.71189 10.6
      vertex 25.52 1.49 10.6
    endloop
  endfacet
  facet normal 0 0 1
    outer loop
      vertex 26.32 16.01 10.6
      vertex 25.4621 1.92999 10.6
      vertex 25.5055 1.71189 10.6
    endloop
  endfacet
  facet normal 0 0 1
    outer loop
      vertex 21.2689 15.8982 10.6
      vertex 25.7001 17.8363 10.6
      vertex 25.4413 18.1313 10.6
    endloop
  endfacet
  facet normal 0 0 1
    outer loop
      vertex 26.32 16.01 10.6
      vertex 25.3906 2.14056 10.6
      vertex 25.4621 1.92999 10.6
    endloop
  endfacet
  facet normal 0 0 1
    outer loop
      vertex 26.32 16.01 10.6
      vertex 25.2922 2.34 10.6
      vertex 25.3906 2.14056 10.6
    endloop
  endfacet
  facet normal 0 0 1
    outer loop
      vertex 26.32 16.01 10.6
      vertex 25.1687 2.52489 10.6
      vertex 25.2922 2.34 10.6
    endloop
  endfacet
  facet normal 0 0 1
    outer loop
      vertex 21.2689 15.8982 10.6
      vertex 25.4413 18.1313 10.6
      vertex 25.1463 18.3901 10.6
    endloop
  endfacet
  facet normal 0 0 1
    outer loop
      vertex 26.32 16.01 10.6
      vertex 25.0221 2.69208 10.6
      vertex 25.1687 2.52489 10.6
    endloop
  endfacet
  facet normal 0 0 1
    outer loop
      vertex 26.32 16.01 10.6
      vertex 24.8549 2.8387 10.6
      vertex 25.0221 2.69208 10.6
    endloop
  endfacet
  facet normal 0 0 1
    outer loop
      vertex 21.2689 15.8982 10.6
      vertex 25.1463 18.3901 10.6
      vertex 24.82 18.6081 10.6
    endloop
  endfacet
  facet normal 0 0 1
    outer loop
      vertex 26.32 16.01 10.6
      vertex 24.67 2.96224 10.6
      vertex 24.8549 2.8387 10.6
    endloop
  endfacet
  facet normal 0 0 1
    outer loop
      vertex 26.32 16.01 10.6
      vertex 21.32 15.51 10.6
      vertex 24.0419 3.17546 10.6
    endloop
  endfacet
  facet normal 0 0 1
    outer loop
      vertex 21.2689 15.8982 10.6
      vertex 24.82 18.6081 10.6
      vertex 24.468 18.7816 10.6
    endloop
  endfacet
  facet normal 0 0 1
    outer loop
      vertex 26.32 16.01 10.6
      vertex 24.4706 3.06059 10.6
      vertex 24.67 2.96224 10.6
    endloop
  endfacet
  facet normal 0 0 1
    outer loop
      vertex 21.2689 15.8982 10.6
      vertex 24.468 18.7816 10.6
      vertex 24.0965 18.9078 10.6
    endloop
  endfacet
  facet normal 0 0 1
    outer loop
      vertex 26.32 16.01 10.6
      vertex 24.26 3.13207 10.6
      vertex 24.4706 3.06059 10.6
    endloop
  endfacet
  facet normal 0 0 1
    outer loop
      vertex 26.32 16.01 10.6
      vertex 24.0419 3.17546 10.6
      vertex 24.26 3.13207 10.6
    endloop
  endfacet
  facet normal 0 0 1
    outer loop
      vertex 21.2689 15.8982 10.6
      vertex 24.0965 18.9078 10.6
      vertex 23.7116 18.9843 10.6
    endloop
  endfacet
  facet normal 0 0 1
    outer loop
      vertex 24.0419 3.17546 10.6
      vertex 21.32 15.51 10.6
      vertex 23.82 3.19 10.6
    endloop
  endfacet
  facet normal 0 0 1
    outer loop
      vertex 23.82 3.19 10.6
      vertex 21.32 15.51 10.6
      vertex 23.5981 3.17546 10.6
    endloop
  endfacet
  facet normal 0 0 1
    outer loop
      vertex 21.2058 16.084 10.6
      vertex 23.7116 18.9843 10.6
      vertex 23.32 19.01 10.6
    endloop
  endfacet
  facet normal 0 0 1
    outer loop
      vertex 23.5981 3.17546 10.6
      vertex 21.32 15.51 10.6
      vertex 23.38 3.13207 10.6
    endloop
  endfacet
  facet normal 0 0 1
    outer loop
      vertex 23.38 3.13207 10.6
      vertex 21.32 15.51 10.6
      vertex 23.1694 3.06059 10.6
    endloop
  endfacet
  facet normal 0 0 1
    outer loop
      vertex 23.1694 3.06059 10.6
      vertex 21.32 15.51 10.6
      vertex 22.97 2.96224 10.6
    endloop
  endfacet
  facet normal 0 0 1
    outer loop
      vertex 22.97 2.96224 10.6
      vertex 21.32 15.51 10.6
      vertex 22.7851 2.8387 10.6
    endloop
  endfacet
  facet normal 0 0 1
    outer loop
      vertex 22.7851 2.8387 10.6
      vertex 21.32 15.51 10.6
      vertex 22.6179 2.69208 10.6
    endloop
  endfacet
  facet normal 0 0 1
    outer loop
      vertex 22.6179 2.69208 10.6
      vertex 21.32 15.51 10.6
      vertex 22.4713 2.52489 10.6
    endloop
  endfacet
  facet normal 0 0 1
    outer loop
      vertex 22.4713 2.52489 10.6
      vertex 21.32 15.51 10.6
      vertex 22.3478 2.34 10.6
    endloop
  endfacet
  facet normal 0 0 1
    outer loop
      vertex 22.3478 2.34 10.6
      vertex 21.32 15.51 10.6
      vertex 22.2494 2.14056 10.6
    endloop
  endfacet
  facet normal 0 0 1
    outer loop
      vertex 22.2494 2.14056 10.6
      vertex 21.32 15.51 10.6
      vertex 22.1779 1.92999 10.6
    endloop
  endfacet
  facet normal 0 0 1
    outer loop
      vertex 21.32 -15.51 10.6
      vertex 22.12 1.49 10.6
      vertex 21.32 15.51 10.6
    endloop
  endfacet
  facet normal 0 0 1
    outer loop
      vertex 22.1345 1.71189 10.6
      vertex 21.32 15.51 10.6
      vertex 22.12 1.49 10.6
    endloop
  endfacet
  facet normal 0 0 1
    outer loop
      vertex 22.1779 1.92999 10.6
      vertex 21.32 15.51 10.6
      vertex 22.1345 1.71189 10.6
    endloop
  endfacet
  facet normal 0 0 1
    outer loop
      vertex 26.32 16.01 10.6
      vertex 21.3072 15.7058 10.6
      vertex 21.32 15.51 10.6
    endloop
  endfacet
  facet normal 0 0 1
    outer loop
      vertex 25.7001 17.8363 10.6
      vertex 21.2689 15.8982 10.6
      vertex 21.3072 15.7058 10.6
    endloop
  endfacet
  facet normal 0 0 1
    outer loop
      vertex 23.7116 18.9843 10.6
      vertex 21.2058 16.084 10.6
      vertex 21.2689 15.8982 10.6
    endloop
  endfacet
  facet normal 0 0 1
    outer loop
      vertex 23.32 19.01 10.6
      vertex 21.119 16.26 10.6
      vertex 21.2058 16.084 10.6
    endloop
  endfacet
  facet normal 0 0 1
    outer loop
      vertex 23.32 19.01 10.6
      vertex 21.01 16.4231 10.6
      vertex 21.119 16.26 10.6
    endloop
  endfacet
  facet normal 0 0 1
    outer loop
      vertex 23.32 19.01 10.6
      vertex 20.8806 16.5706 10.6
      vertex 21.01 16.4231 10.6
    endloop
  endfacet
  facet normal 0 0 1
    outer loop
      vertex 23.32 19.01 10.6
      vertex 20.7331 16.7 10.6
      vertex 20.8806 16.5706 10.6
    endloop
  endfacet
  facet normal 0 0 1
    outer loop
      vertex 23.32 19.01 10.6
      vertex 20.57 16.809 10.6
      vertex 20.7331 16.7 10.6
    endloop
  endfacet
  facet normal 0 0 1
    outer loop
      vertex 23.32 19.01 10.6
      vertex 20.394 16.8958 10.6
      vertex 20.57 16.809 10.6
    endloop
  endfacet
  facet normal 0 0 1
    outer loop
      vertex 23.32 19.01 10.6
      vertex 20.2082 16.9589 10.6
      vertex 20.394 16.8958 10.6
    endloop
  endfacet
  facet normal 0 0 1
    outer loop
      vertex 23.32 19.01 10.6
      vertex 20.0158 16.9972 10.6
      vertex 20.2082 16.9589 10.6
    endloop
  endfacet
  facet normal 0 0 1
    outer loop
      vertex 23.32 19.01 10.6
      vertex 19.82 17.01 10.6
      vertex 20.0158 16.9972 10.6
    endloop
  endfacet
  facet normal 0 0 1
    outer loop
      vertex 23.32 19.01 10.6
      vertex -19.82 17.01 10.6
      vertex 19.82 17.01 10.6
    endloop
  endfacet
  facet normal 0 0 1
    outer loop
      vertex -21.32 15.51 10.6
      vertex -22.12 1.49 10.6
      vertex -21.32 -15.51 10.6
    endloop
  endfacet
  facet normal 0 0 1
    outer loop
      vertex -21.32 15.51 10.6
      vertex -22.1345 1.71189 10.6
      vertex -22.12 1.49 10.6
    endloop
  endfacet
  facet normal 0 0 1
    outer loop
      vertex -21.32 15.51 10.6
      vertex -22.1779 1.92999 10.6
      vertex -22.1345 1.71189 10.6
    endloop
  endfacet
  facet normal 0 0 1
    outer loop
      vertex -21.32 15.51 10.6
      vertex -22.2494 2.14056 10.6
      vertex -22.1779 1.92999 10.6
    endloop
  endfacet
  facet normal 0 0 1
    outer loop
      vertex -26.32 16.01 10.6
      vertex -21.32 15.51 10.6
      vertex -21.3072 15.7058 10.6
    endloop
  endfacet
  facet normal 0 0 1
    outer loop
      vertex -21.32 15.51 10.6
      vertex -22.3478 2.34 10.6
      vertex -22.2494 2.14056 10.6
    endloop
  endfacet
  facet normal 0 0 1
    outer loop
      vertex -21.32 15.51 10.6
      vertex -22.4713 2.52489 10.6
      vertex -22.3478 2.34 10.6
    endloop
  endfacet
  facet normal 0 0 1
    outer loop
      vertex -21.32 15.51 10.6
      vertex -22.6179 2.69208 10.6
      vertex -22.4713 2.52489 10.6
    endloop
  endfacet
  facet normal 0 0 1
    outer loop
      vertex -21.32 15.51 10.6
      vertex -22.7851 2.8387 10.6
      vertex -22.6179 2.69208 10.6
    endloop
  endfacet
  facet normal 0 0 1
    outer loop
      vertex -21.32 15.51 10.6
      vertex -22.97 2.96224 10.6
      vertex -22.7851 2.8387 10.6
    endloop
  endfacet
  facet normal 0 0 1
    outer loop
      vertex -21.32 15.51 10.6
      vertex -23.1694 3.06059 10.6
      vertex -22.97 2.96224 10.6
    endloop
  endfacet
  facet normal -0 0 1
    outer loop
      vertex -23.32 19.01 10.6
      vertex -19.82 17.01 10.6
      vertex 23.32 19.01 10.6
    endloop
  endfacet
  facet normal 0 0 1
    outer loop
      vertex -23.32 19.01 10.6
      vertex -20.0158 16.9972 10.6
      vertex -19.82 17.01 10.6
    endloop
  endfacet
  facet normal 0 0 1
    outer loop
      vertex -23.32 19.01 10.6
      vertex -20.2082 16.9589 10.6
      vertex -20.0158 16.9972 10.6
    endloop
  endfacet
  facet normal 0 0 1
    outer loop
      vertex -23.32 19.01 10.6
      vertex -20.394 16.8958 10.6
      vertex -20.2082 16.9589 10.6
    endloop
  endfacet
  facet normal 0 0 1
    outer loop
      vertex -23.32 19.01 10.6
      vertex -20.57 16.809 10.6
      vertex -20.394 16.8958 10.6
    endloop
  endfacet
  facet normal 0 0 1
    outer loop
      vertex -23.32 19.01 10.6
      vertex -20.7331 16.7 10.6
      vertex -20.57 16.809 10.6
    endloop
  endfacet
  facet normal 0 0 1
    outer loop
      vertex -23.32 19.01 10.6
      vertex -20.8806 16.5706 10.6
      vertex -20.7331 16.7 10.6
    endloop
  endfacet
  facet normal 0 0 1
    outer loop
      vertex -23.32 19.01 10.6
      vertex -21.01 16.4231 10.6
      vertex -20.8806 16.5706 10.6
    endloop
  endfacet
  facet normal 0 0 1
    outer loop
      vertex -23.32 19.01 10.6
      vertex -21.119 16.26 10.6
      vertex -21.01 16.4231 10.6
    endloop
  endfacet
  facet normal 0 0 1
    outer loop
      vertex -23.32 19.01 10.6
      vertex -21.2058 16.084 10.6
      vertex -21.119 16.26 10.6
    endloop
  endfacet
  facet normal -0 0 1
    outer loop
      vertex -23.7116 18.9843 10.6
      vertex -21.2058 16.084 10.6
      vertex -23.32 19.01 10.6
    endloop
  endfacet
  facet normal 0 0 1
    outer loop
      vertex -21.2058 16.084 10.6
      vertex -23.7116 18.9843 10.6
      vertex -21.2689 15.8982 10.6
    endloop
  endfacet
  facet normal -0 0 1
    outer loop
      vertex -24.0965 18.9078 10.6
      vertex -21.2689 15.8982 10.6
      vertex -23.7116 18.9843 10.6
    endloop
  endfacet
  facet normal 0 0 1
    outer loop
      vertex -21.32 15.51 10.6
      vertex -26.32 16.01 10.6
      vertex -23.82 3.19 10.6
    endloop
  endfacet
  facet normal 0 0 1
    outer loop
      vertex -21.32 15.51 10.6
      vertex -23.38 3.13207 10.6
      vertex -23.1694 3.06059 10.6
    endloop
  endfacet
  facet normal -0 0 1
    outer loop
      vertex -24.468 18.7816 10.6
      vertex -21.2689 15.8982 10.6
      vertex -24.0965 18.9078 10.6
    endloop
  endfacet
  facet normal 0 0 1
    outer loop
      vertex -21.32 15.51 10.6
      vertex -23.5981 3.17546 10.6
      vertex -23.38 3.13207 10.6
    endloop
  endfacet
  facet normal 0 0 1
    outer loop
      vertex -21.32 15.51 10.6
      vertex -23.82 3.19 10.6
      vertex -23.5981 3.17546 10.6
    endloop
  endfacet
  facet normal -0 0 1
    outer loop
      vertex -24.82 18.6081 10.6
      vertex -21.2689 15.8982 10.6
      vertex -24.468 18.7816 10.6
    endloop
  endfacet
  facet normal 0 0 1
    outer loop
      vertex -23.82 3.19 10.6
      vertex -26.32 16.01 10.6
      vertex -24.0419 3.17546 10.6
    endloop
  endfacet
  facet normal -0 0 1
    outer loop
      vertex -25.1463 18.3901 10.6
      vertex -21.2689 15.8982 10.6
      vertex -24.82 18.6081 10.6
    endloop
  endfacet
  facet normal 0 0 1
    outer loop
      vertex -24.0419 3.17546 10.6
      vertex -26.32 16.01 10.6
      vertex -24.26 3.13207 10.6
    endloop
  endfacet
  facet normal 0 0 1
    outer loop
      vertex -24.26 3.13207 10.6
      vertex -26.32 16.01 10.6
      vertex -24.4706 3.06059 10.6
    endloop
  endfacet
  facet normal -0 0 1
    outer loop
      vertex -25.4413 18.1313 10.6
      vertex -21.2689 15.8982 10.6
      vertex -25.1463 18.3901 10.6
    endloop
  endfacet
  facet normal 0 0 1
    outer loop
      vertex -24.4706 3.06059 10.6
      vertex -26.32 16.01 10.6
      vertex -24.67 2.96224 10.6
    endloop
  endfacet
  facet normal 0 0 1
    outer loop
      vertex -24.67 2.96224 10.6
      vertex -26.32 16.01 10.6
      vertex -24.8549 2.8387 10.6
    endloop
  endfacet
  facet normal -0 0 1
    outer loop
      vertex -25.7001 17.8363 10.6
      vertex -21.2689 15.8982 10.6
      vertex -25.4413 18.1313 10.6
    endloop
  endfacet
  facet normal 0 0 1
    outer loop
      vertex -24.8549 2.8387 10.6
      vertex -26.32 16.01 10.6
      vertex -25.0221 2.69208 10.6
    endloop
  endfacet
  facet normal 0 0 1
    outer loop
      vertex -25.0221 2.69208 10.6
      vertex -26.32 16.01 10.6
      vertex -25.1687 2.52489 10.6
    endloop
  endfacet
  facet normal 0 0 1
    outer loop
      vertex -25.1687 2.52489 10.6
      vertex -26.32 16.01 10.6
      vertex -25.2922 2.34 10.6
    endloop
  endfacet
  facet normal 0 0 1
    outer loop
      vertex -21.2689 15.8982 10.6
      vertex -25.7001 17.8363 10.6
      vertex -21.3072 15.7058 10.6
    endloop
  endfacet
  facet normal 0 0 1
    outer loop
      vertex -25.2922 2.34 10.6
      vertex -26.32 16.01 10.6
      vertex -25.3906 2.14056 10.6
    endloop
  endfacet
  facet normal 0 0 1
    outer loop
      vertex -25.3906 2.14056 10.6
      vertex -26.32 16.01 10.6
      vertex -25.4621 1.92999 10.6
    endloop
  endfacet
  facet normal 0 0 1
    outer loop
      vertex -25.4621 1.92999 10.6
      vertex -26.32 16.01 10.6
      vertex -25.5055 1.71189 10.6
    endloop
  endfacet
  facet normal 0 0 1
    outer loop
      vertex -25.5055 1.71189 10.6
      vertex -26.32 16.01 10.6
      vertex -25.52 1.49 10.6
    endloop
  endfacet
  facet normal -0 0 1
    outer loop
      vertex -25.9181 17.51 10.6
      vertex -21.3072 15.7058 10.6
      vertex -25.7001 17.8363 10.6
    endloop
  endfacet
  facet normal -0 0 1
    outer loop
      vertex 25.1687 -13.5449 10.6
      vertex 26.32 -16.01 10.6
      vertex 25.2922 -13.36 10.6
    endloop
  endfacet
  facet normal -0 0 1
    outer loop
      vertex 25.0221 -13.7121 10.6
      vertex 26.32 -16.01 10.6
      vertex 25.1687 -13.5449 10.6
    endloop
  endfacet
  facet normal -0 0 1
    outer loop
      vertex 24.8549 -13.8587 10.6
      vertex 26.32 -16.01 10.6
      vertex 25.0221 -13.7121 10.6
    endloop
  endfacet
  facet normal -0 0 1
    outer loop
      vertex 24.67 -13.9822 10.6
      vertex 26.32 -16.01 10.6
      vertex 24.8549 -13.8587 10.6
    endloop
  endfacet
  facet normal -0 0 1
    outer loop
      vertex 24.4706 -14.0806 10.6
      vertex 26.32 -16.01 10.6
      vertex 24.67 -13.9822 10.6
    endloop
  endfacet
  facet normal -0 0 1
    outer loop
      vertex 24.26 -14.1521 10.6
      vertex 26.32 -16.01 10.6
      vertex 24.4706 -14.0806 10.6
    endloop
  endfacet
  facet normal -0 0 1
    outer loop
      vertex 24.0419 -14.1955 10.6
      vertex 26.32 -16.01 10.6
      vertex 24.26 -14.1521 10.6
    endloop
  endfacet
  facet normal 0 0 1
    outer loop
      vertex 26.32 -16.01 10.6
      vertex 24.0419 -14.1955 10.6
      vertex 26.2943 -16.4016 10.6
    endloop
  endfacet
  facet normal 0 0 1
    outer loop
      vertex 26.2943 -16.4016 10.6
      vertex 24.0419 -14.1955 10.6
      vertex 26.2178 -16.7865 10.6
    endloop
  endfacet
  facet normal 0 0 1
    outer loop
      vertex 26.2178 -16.7865 10.6
      vertex 24.0419 -14.1955 10.6
      vertex 26.0916 -17.1581 10.6
    endloop
  endfacet
  facet normal 0 0 1
    outer loop
      vertex 26.0916 -17.1581 10.6
      vertex 24.0419 -14.1955 10.6
      vertex 25.9181 -17.51 10.6
    endloop
  endfacet
  facet normal -0 0 1
    outer loop
      vertex 23.82 -14.21 10.6
      vertex 25.9181 -17.51 10.6
      vertex 24.0419 -14.1955 10.6
    endloop
  endfacet
  facet normal 0 0 1
    outer loop
      vertex 25.9181 -17.51 10.6
      vertex 23.82 -14.21 10.6
      vertex 25.7001 -17.8363 10.6
    endloop
  endfacet
  facet normal 0 0 1
    outer loop
      vertex 25.7001 -17.8363 10.6
      vertex 23.82 -14.21 10.6
      vertex 25.4413 -18.1313 10.6
    endloop
  endfacet
  facet normal 0 0 1
    outer loop
      vertex 25.4413 -18.1313 10.6
      vertex 23.82 -14.21 10.6
      vertex 25.1463 -18.3901 10.6
    endloop
  endfacet
  facet normal 0 0 1
    outer loop
      vertex 25.1463 -18.3901 10.6
      vertex 23.82 -14.21 10.6
      vertex 24.82 -18.6081 10.6
    endloop
  endfacet
  facet normal 0 0 1
    outer loop
      vertex 24.82 -18.6081 10.6
      vertex 23.82 -14.21 10.6
      vertex 24.468 -18.7816 10.6
    endloop
  endfacet
  facet normal 0 0 1
    outer loop
      vertex 23.5981 -14.1955 10.6
      vertex 24.468 -18.7816 10.6
      vertex 23.82 -14.21 10.6
    endloop
  endfacet
  facet normal -0 0 1
    outer loop
      vertex 21.2689 -15.8982 10.6
      vertex 24.468 -18.7816 10.6
      vertex 23.5981 -14.1955 10.6
    endloop
  endfacet
  facet normal 0 0 1
    outer loop
      vertex 24.468 -18.7816 10.6
      vertex 21.2689 -15.8982 10.6
      vertex 24.0965 -18.9078 10.6
    endloop
  endfacet
  facet normal 0 0 1
    outer loop
      vertex 21.3072 -15.7058 10.6
      vertex 23.5981 -14.1955 10.6
      vertex 23.38 -14.1521 10.6
    endloop
  endfacet
  facet normal 0 0 1
    outer loop
      vertex 24.0965 -18.9078 10.6
      vertex 21.2689 -15.8982 10.6
      vertex 23.7116 -18.9843 10.6
    endloop
  endfacet
  facet normal 0 0 1
    outer loop
      vertex 21.32 -15.51 10.6
      vertex 23.38 -14.1521 10.6
      vertex 23.1694 -14.0806 10.6
    endloop
  endfacet
  facet normal 0 0 1
    outer loop
      vertex 21.32 -15.51 10.6
      vertex 23.1694 -14.0806 10.6
      vertex 22.97 -13.9822 10.6
    endloop
  endfacet
  facet normal 0 0 1
    outer loop
      vertex 21.32 -15.51 10.6
      vertex 22.97 -13.9822 10.6
      vertex 22.7851 -13.8587 10.6
    endloop
  endfacet
  facet normal 0 0 1
    outer loop
      vertex 21.32 -15.51 10.6
      vertex 22.7851 -13.8587 10.6
      vertex 22.6179 -13.7121 10.6
    endloop
  endfacet
  facet normal 0 0 1
    outer loop
      vertex 21.32 -15.51 10.6
      vertex 22.6179 -13.7121 10.6
      vertex 22.4713 -13.5449 10.6
    endloop
  endfacet
  facet normal 0 0 1
    outer loop
      vertex 21.32 -15.51 10.6
      vertex 22.4713 -13.5449 10.6
      vertex 22.3478 -13.36 10.6
    endloop
  endfacet
  facet normal 0 0 1
    outer loop
      vertex 21.32 -15.51 10.6
      vertex 22.3478 -13.36 10.6
      vertex 22.2494 -13.1606 10.6
    endloop
  endfacet
  facet normal 0 0 1
    outer loop
      vertex 21.32 -15.51 10.6
      vertex 22.2494 -13.1606 10.6
      vertex 22.1779 -12.95 10.6
    endloop
  endfacet
  facet normal 0 0 1
    outer loop
      vertex 21.32 -15.51 10.6
      vertex 22.1779 -12.95 10.6
      vertex 22.1345 -12.7319 10.6
    endloop
  endfacet
  facet normal 0 0 1
    outer loop
      vertex 22.1345 -12.2881 10.6
      vertex 21.32 -15.51 10.6
      vertex 22.12 -12.51 10.6
    endloop
  endfacet
  facet normal 0 0 1
    outer loop
      vertex 21.32 -15.51 10.6
      vertex 22.1345 -12.7319 10.6
      vertex 22.12 -12.51 10.6
    endloop
  endfacet
  facet normal 0 0 1
    outer loop
      vertex 23.38 -14.1521 10.6
      vertex 21.32 -15.51 10.6
      vertex 21.3072 -15.7058 10.6
    endloop
  endfacet
  facet normal 0 0 1
    outer loop
      vertex 23.5981 -14.1955 10.6
      vertex 21.3072 -15.7058 10.6
      vertex 21.2689 -15.8982 10.6
    endloop
  endfacet
  facet normal -0 0 1
    outer loop
      vertex 21.2058 -16.084 10.6
      vertex 23.7116 -18.9843 10.6
      vertex 21.2689 -15.8982 10.6
    endloop
  endfacet
  facet normal 0 0 1
    outer loop
      vertex 23.7116 -18.9843 10.6
      vertex 21.2058 -16.084 10.6
      vertex 23.32 -19.01 10.6
    endloop
  endfacet
  facet normal -0 0 1
    outer loop
      vertex 21.119 -16.26 10.6
      vertex 23.32 -19.01 10.6
      vertex 21.2058 -16.084 10.6
    endloop
  endfacet
  facet normal -0 0 1
    outer loop
      vertex 21.01 -16.4231 10.6
      vertex 23.32 -19.01 10.6
      vertex 21.119 -16.26 10.6
    endloop
  endfacet
  facet normal -0 0 1
    outer loop
      vertex 20.8806 -16.5706 10.6
      vertex 23.32 -19.01 10.6
      vertex 21.01 -16.4231 10.6
    endloop
  endfacet
  facet normal -0 0 1
    outer loop
      vertex 20.7331 -16.7 10.6
      vertex 23.32 -19.01 10.6
      vertex 20.8806 -16.5706 10.6
    endloop
  endfacet
  facet normal -0 0 1
    outer loop
      vertex 20.57 -16.809 10.6
      vertex 23.32 -19.01 10.6
      vertex 20.7331 -16.7 10.6
    endloop
  endfacet
  facet normal -0 0 1
    outer loop
      vertex 20.394 -16.8958 10.6
      vertex 23.32 -19.01 10.6
      vertex 20.57 -16.809 10.6
    endloop
  endfacet
  facet normal -0 0 1
    outer loop
      vertex 20.2082 -16.9589 10.6
      vertex 23.32 -19.01 10.6
      vertex 20.394 -16.8958 10.6
    endloop
  endfacet
  facet normal -0 0 1
    outer loop
      vertex 20.0158 -16.9972 10.6
      vertex 23.32 -19.01 10.6
      vertex 20.2082 -16.9589 10.6
    endloop
  endfacet
  facet normal -0 0 1
    outer loop
      vertex 19.82 -17.01 10.6
      vertex 23.32 -19.01 10.6
      vertex 20.0158 -16.9972 10.6
    endloop
  endfacet
  facet normal -0 0 1
    outer loop
      vertex -19.82 -17.01 10.6
      vertex 23.32 -19.01 10.6
      vertex 19.82 -17.01 10.6
    endloop
  endfacet
  facet normal -0 0 1
    outer loop
      vertex -22.1345 1.2681 10.6
      vertex -21.32 -15.51 10.6
      vertex -22.12 1.49 10.6
    endloop
  endfacet
  facet normal -0 0 1
    outer loop
      vertex -22.1345 -12.7319 10.6
      vertex -21.32 -15.51 10.6
      vertex -22.12 -12.51 10.6
    endloop
  endfacet
  facet normal -0 0 1
    outer loop
      vertex -22.1779 -12.95 10.6
      vertex -21.32 -15.51 10.6
      vertex -22.1345 -12.7319 10.6
    endloop
  endfacet
  facet normal -0 0 1
    outer loop
      vertex -22.2494 -13.1606 10.6
      vertex -21.32 -15.51 10.6
      vertex -22.1779 -12.95 10.6
    endloop
  endfacet
  facet normal -0 0 1
    outer loop
      vertex -22.3478 -13.36 10.6
      vertex -21.32 -15.51 10.6
      vertex -22.2494 -13.1606 10.6
    endloop
  endfacet
  facet normal -0 0 1
    outer loop
      vertex -22.4713 -13.5449 10.6
      vertex -21.32 -15.51 10.6
      vertex -22.3478 -13.36 10.6
    endloop
  endfacet
  facet normal -0 0 1
    outer loop
      vertex -22.6179 -13.7121 10.6
      vertex -21.32 -15.51 10.6
      vertex -22.4713 -13.5449 10.6
    endloop
  endfacet
  facet normal -0 0 1
    outer loop
      vertex -22.7851 -13.8587 10.6
      vertex -21.32 -15.51 10.6
      vertex -22.6179 -13.7121 10.6
    endloop
  endfacet
  facet normal -0 0 1
    outer loop
      vertex -22.97 -13.9822 10.6
      vertex -21.32 -15.51 10.6
      vertex -22.7851 -13.8587 10.6
    endloop
  endfacet
  facet normal -0 0 1
    outer loop
      vertex -23.1694 -14.0806 10.6
      vertex -21.32 -15.51 10.6
      vertex -22.97 -13.9822 10.6
    endloop
  endfacet
  facet normal -0 0 1
    outer loop
      vertex -23.38 -14.1521 10.6
      vertex -21.32 -15.51 10.6
      vertex -23.1694 -14.0806 10.6
    endloop
  endfacet
  facet normal 0 0 1
    outer loop
      vertex -21.32 -15.51 10.6
      vertex -23.38 -14.1521 10.6
      vertex -21.3072 -15.7058 10.6
    endloop
  endfacet
  facet normal -0 0 1
    outer loop
      vertex -23.5981 -14.1955 10.6
      vertex -21.3072 -15.7058 10.6
      vertex -23.38 -14.1521 10.6
    endloop
  endfacet
  facet normal 0 0 1
    outer loop
      vertex -21.3072 -15.7058 10.6
      vertex -23.5981 -14.1955 10.6
      vertex -21.2689 -15.8982 10.6
    endloop
  endfacet
  facet normal 0 0 1
    outer loop
      vertex -24.468 -18.7816 10.6
      vertex -21.2689 -15.8982 10.6
      vertex -23.5981 -14.1955 10.6
    endloop
  endfacet
  facet normal 0 -0 1
    outer loop
      vertex -24.0965 -18.9078 10.6
      vertex -21.2689 -15.8982 10.6
      vertex -24.468 -18.7816 10.6
    endloop
  endfacet
  facet normal 0 0 1
    outer loop
      vertex -19.82 -17.01 10.6
      vertex -23.32 -19.01 10.6
      vertex 23.32 -19.01 10.6
    endloop
  endfacet
  facet normal 0 0 1
    outer loop
      vertex -20.0158 -16.9972 10.6
      vertex -23.32 -19.01 10.6
      vertex -19.82 -17.01 10.6
    endloop
  endfacet
  facet normal 0 0 1
    outer loop
      vertex -20.2082 -16.9589 10.6
      vertex -23.32 -19.01 10.6
      vertex -20.0158 -16.9972 10.6
    endloop
  endfacet
  facet normal 0 0 1
    outer loop
      vertex -20.394 -16.8958 10.6
      vertex -23.32 -19.01 10.6
      vertex -20.2082 -16.9589 10.6
    endloop
  endfacet
  facet normal 0 0 1
    outer loop
      vertex -20.57 -16.809 10.6
      vertex -23.32 -19.01 10.6
      vertex -20.394 -16.8958 10.6
    endloop
  endfacet
  facet normal 0 0 1
    outer loop
      vertex -20.7331 -16.7 10.6
      vertex -23.32 -19.01 10.6
      vertex -20.57 -16.809 10.6
    endloop
  endfacet
  facet normal 0 0 1
    outer loop
      vertex -20.8806 -16.5706 10.6
      vertex -23.32 -19.01 10.6
      vertex -20.7331 -16.7 10.6
    endloop
  endfacet
  facet normal 0 0 1
    outer loop
      vertex -21.2689 -15.8982 10.6
      vertex -23.7116 -18.9843 10.6
      vertex -21.2058 -16.084 10.6
    endloop
  endfacet
  facet normal 0 0 1
    outer loop
      vertex -21.2058 -16.084 10.6
      vertex -23.32 -19.01 10.6
      vertex -21.119 -16.26 10.6
    endloop
  endfacet
  facet normal 0 0 1
    outer loop
      vertex -21.01 -16.4231 10.6
      vertex -23.32 -19.01 10.6
      vertex -20.8806 -16.5706 10.6
    endloop
  endfacet
  facet normal 0 0 1
    outer loop
      vertex -21.119 -16.26 10.6
      vertex -23.32 -19.01 10.6
      vertex -21.01 -16.4231 10.6
    endloop
  endfacet
  facet normal 0 0 1
    outer loop
      vertex -24.468 -18.7816 10.6
      vertex -23.5981 -14.1955 10.6
      vertex -23.82 -14.21 10.6
    endloop
  endfacet
  facet normal 0 0 1
    outer loop
      vertex -25.9181 -17.51 10.6
      vertex -23.82 -14.21 10.6
      vertex -24.0419 -14.1955 10.6
    endloop
  endfacet
  facet normal 0 -0 1
    outer loop
      vertex -23.32 -19.01 10.6
      vertex -21.2058 -16.084 10.6
      vertex -23.7116 -18.9843 10.6
    endloop
  endfacet
  facet normal 0 0 1
    outer loop
      vertex -26.32 -16.01 10.6
      vertex -24.0419 -14.1955 10.6
      vertex -24.26 -14.1521 10.6
    endloop
  endfacet
  facet normal 0 -0 1
    outer loop
      vertex -23.7116 -18.9843 10.6
      vertex -21.2689 -15.8982 10.6
      vertex -24.0965 -18.9078 10.6
    endloop
  endfacet
  facet normal 0 0 1
    outer loop
      vertex -26.32 -16.01 10.6
      vertex -24.26 -14.1521 10.6
      vertex -24.4706 -14.0806 10.6
    endloop
  endfacet
  facet normal 0 0 1
    outer loop
      vertex -26.32 -16.01 10.6
      vertex -24.4706 -14.0806 10.6
      vertex -24.67 -13.9822 10.6
    endloop
  endfacet
  facet normal 0 0 1
    outer loop
      vertex -23.82 -14.21 10.6
      vertex -24.82 -18.6081 10.6
      vertex -24.468 -18.7816 10.6
    endloop
  endfacet
  facet normal 0 0 1
    outer loop
      vertex -26.32 -16.01 10.6
      vertex -24.67 -13.9822 10.6
      vertex -24.8549 -13.8587 10.6
    endloop
  endfacet
  facet normal 0 0 1
    outer loop
      vertex -26.32 -16.01 10.6
      vertex -24.8549 -13.8587 10.6
      vertex -25.0221 -13.7121 10.6
    endloop
  endfacet
  facet normal 0 0 1
    outer loop
      vertex -23.82 -14.21 10.6
      vertex -25.1463 -18.3901 10.6
      vertex -24.82 -18.6081 10.6
    endloop
  endfacet
  facet normal 0 0 1
    outer loop
      vertex -26.32 -16.01 10.6
      vertex -25.0221 -13.7121 10.6
      vertex -25.1687 -13.5449 10.6
    endloop
  endfacet
  facet normal 0 0 1
    outer loop
      vertex -26.32 -16.01 10.6
      vertex -25.1687 -13.5449 10.6
      vertex -25.2922 -13.36 10.6
    endloop
  endfacet
  facet normal 0 0 1
    outer loop
      vertex -26.32 -16.01 10.6
      vertex -25.2922 -13.36 10.6
      vertex -25.3906 -13.1606 10.6
    endloop
  endfacet
  facet normal 0 0 1
    outer loop
      vertex -24.0419 -14.1955 10.6
      vertex -26.32 -16.01 10.6
      vertex -26.2943 -16.4016 10.6
    endloop
  endfacet
  facet normal 0 0 1
    outer loop
      vertex -26.32 -16.01 10.6
      vertex -25.3906 -13.1606 10.6
      vertex -25.4621 -12.95 10.6
    endloop
  endfacet
  facet normal 0 0 1
    outer loop
      vertex -26.32 -16.01 10.6
      vertex -25.4621 -12.95 10.6
      vertex -25.5055 -12.7319 10.6
    endloop
  endfacet
  facet normal 0 0 1
    outer loop
      vertex -26.32 -16.01 10.6
      vertex -25.5055 -12.7319 10.6
      vertex -25.52 -12.51 10.6
    endloop
  endfacet
  facet normal 0 0 1
    outer loop
      vertex -23.82 -14.21 10.6
      vertex -25.4413 -18.1313 10.6
      vertex -25.1463 -18.3901 10.6
    endloop
  endfacet
  facet normal 0 0 1
    outer loop
      vertex -26.32 -16.01 10.6
      vertex -25.52 1.49 10.6
      vertex -26.32 16.01 10.6
    endloop
  endfacet
  facet normal -0 0 1
    outer loop
      vertex -26.0916 17.1581 10.6
      vertex -21.3072 15.7058 10.6
      vertex -25.9181 17.51 10.6
    endloop
  endfacet
  facet normal 0 0 1
    outer loop
      vertex -25.5055 -12.2881 10.6
      vertex -26.32 -16.01 10.6
      vertex -25.52 -12.51 10.6
    endloop
  endfacet
  facet normal -0 0 1
    outer loop
      vertex -26.2178 16.7865 10.6
      vertex -21.3072 15.7058 10.6
      vertex -26.0916 17.1581 10.6
    endloop
  endfacet
  facet normal 0 0 1
    outer loop
      vertex -23.82 -14.21 10.6
      vertex -25.7001 -17.8363 10.6
      vertex -25.4413 -18.1313 10.6
    endloop
  endfacet
  facet normal -0 0 1
    outer loop
      vertex -26.2943 16.4016 10.6
      vertex -21.3072 15.7058 10.6
      vertex -26.2178 16.7865 10.6
    endloop
  endfacet
  facet normal 0 0 1
    outer loop
      vertex -23.82 -14.21 10.6
      vertex -25.9181 -17.51 10.6
      vertex -25.7001 -17.8363 10.6
    endloop
  endfacet
  facet normal 0 0 1
    outer loop
      vertex -21.3072 15.7058 10.6
      vertex -26.2943 16.4016 10.6
      vertex -26.32 16.01 10.6
    endloop
  endfacet
  facet normal 0 0 1
    outer loop
      vertex -24.0419 -14.1955 10.6
      vertex -26.0916 -17.1581 10.6
      vertex -25.9181 -17.51 10.6
    endloop
  endfacet
  facet normal 0 0 1
    outer loop
      vertex -24.0419 -14.1955 10.6
      vertex -26.2178 -16.7865 10.6
      vertex -26.0916 -17.1581 10.6
    endloop
  endfacet
  facet normal 0 0 1
    outer loop
      vertex -24.0419 -14.1955 10.6
      vertex -26.2943 -16.4016 10.6
      vertex -26.2178 -16.7865 10.6
    endloop
  endfacet
  facet normal 0.44211 -0.896961 0
    outer loop
      vertex 24.468 -18.7816 0
      vertex 24.82 -18.6081 10.6
      vertex 24.468 -18.7816 10.6
    endloop
  endfacet
  facet normal 0.44211 -0.896961 0
    outer loop
      vertex 24.82 -18.6081 10.6
      vertex 24.468 -18.7816 0
      vertex 24.82 -18.6081 0
    endloop
  endfacet
  facet normal 0.555523 -0.831501 0
    outer loop
      vertex 24.82 -18.6081 0
      vertex 25.1463 -18.3901 10.6
      vertex 24.82 -18.6081 10.6
    endloop
  endfacet
  facet normal 0.555523 -0.831501 0
    outer loop
      vertex 25.1463 -18.3901 10.6
      vertex 24.82 -18.6081 0
      vertex 25.1463 -18.3901 0
    endloop
  endfacet
  facet normal -0.980768 -0.195175 3.61568e-18
    outer loop
      vertex -16.5407 -13.8068 1
      vertex -16.5726 -13.6465 1.5
      vertex -16.5726 -13.6465 1
    endloop
  endfacet
  facet normal -0.980768 -0.195175 3.61568e-18
    outer loop
      vertex -16.5726 -13.6465 1.5
      vertex -16.5407 -13.8068 1
      vertex -16.5407 -13.8068 1.5
    endloop
  endfacet
  facet normal -0.997858 -0.0654233 -3.63063e-19
    outer loop
      vertex -16.53 -13.97 1
      vertex -16.5407 -13.8068 1.5
      vertex -16.5407 -13.8068 1
    endloop
  endfacet
  facet normal -0.997858 -0.0654233 -3.63063e-19
    outer loop
      vertex -16.5407 -13.8068 1.5
      vertex -16.53 -13.97 1
      vertex -16.53 -13.97 1.5
    endloop
  endfacet
  facet normal -0.947082 -0.320993 4.74079e-18
    outer loop
      vertex -16.5726 -13.6465 1
      vertex -16.6251 -13.4916 1.5
      vertex -16.6251 -13.4916 1
    endloop
  endfacet
  facet normal -0.947082 -0.320993 4.74079e-18
    outer loop
      vertex -16.6251 -13.4916 1.5
      vertex -16.5726 -13.6465 1
      vertex -16.5726 -13.6465 1.5
    endloop
  endfacet
  facet normal -0.831674 -0.555265 -9.93327e-18
    outer loop
      vertex -16.6975 -13.345 1
      vertex -16.7883 -13.209 1.5
      vertex -16.7883 -13.209 1
    endloop
  endfacet
  facet normal -0.831674 -0.555265 -9.93327e-18
    outer loop
      vertex -16.7883 -13.209 1.5
      vertex -16.6975 -13.345 1
      vertex -16.6975 -13.345 1.5
    endloop
  endfacet
  facet normal 0.0654233 -0.997858 0
    outer loop
      vertex -17.9432 -12.7307 1
      vertex -17.78 -12.72 1.5
      vertex -17.9432 -12.7307 1.5
    endloop
  endfacet
  facet normal 0.0654233 -0.997858 0
    outer loop
      vertex -17.78 -12.72 1.5
      vertex -17.9432 -12.7307 1
      vertex -17.78 -12.72 1
    endloop
  endfacet
  facet normal -0.321541 -0.946896 0
    outer loop
      vertex -17.4565 -12.7626 1
      vertex -17.3016 -12.8152 1.5
      vertex -17.4565 -12.7626 1.5
    endloop
  endfacet
  facet normal -0.321541 -0.946896 -0
    outer loop
      vertex -17.3016 -12.8152 1.5
      vertex -17.4565 -12.7626 1
      vertex -17.3016 -12.8152 1
    endloop
  endfacet
  facet normal -0.947082 0.320993 -4.74079e-18
    outer loop
      vertex -16.6251 -14.4484 1
      vertex -16.5726 -14.2935 1.5
      vertex -16.5726 -14.2935 1
    endloop
  endfacet
  facet normal -0.947082 0.320993 -4.74079e-18
    outer loop
      vertex -16.5726 -14.2935 1.5
      vertex -16.6251 -14.4484 1
      vertex -16.6251 -14.4484 1.5
    endloop
  endfacet
  facet normal 0.997858 0.0654233 -3.63063e-19
    outer loop
      vertex -19.0193 -14.1332 1.5
      vertex -19.03 -13.97 1
      vertex -19.03 -13.97 1.5
    endloop
  endfacet
  facet normal 0.997858 0.0654233 -3.63063e-19
    outer loop
      vertex -19.03 -13.97 1
      vertex -19.0193 -14.1332 1.5
      vertex -19.0193 -14.1332 1
    endloop
  endfacet
  facet normal -0.997858 0.0654233 3.63063e-19
    outer loop
      vertex -16.5407 -14.1332 1
      vertex -16.53 -13.97 1.5
      vertex -16.53 -13.97 1
    endloop
  endfacet
  facet normal -0.997858 0.0654233 3.63063e-19
    outer loop
      vertex -16.53 -13.97 1.5
      vertex -16.5407 -14.1332 1
      vertex -16.5407 -14.1332 1.5
    endloop
  endfacet
  facet normal 0.659414 -0.75178 0
    outer loop
      vertex -18.6639 -13.0861 1
      vertex -18.541 -12.9783 1.5
      vertex -18.6639 -13.0861 1.5
    endloop
  endfacet
  facet normal 0.659414 -0.75178 0
    outer loop
      vertex -18.541 -12.9783 1.5
      vertex -18.6639 -13.0861 1
      vertex -18.541 -12.9783 1
    endloop
  endfacet
  facet normal -0.896618 -0.442805 -1.29992e-19
    outer loop
      vertex -16.6251 -13.4916 1
      vertex -16.6975 -13.345 1.5
      vertex -16.6975 -13.345 1
    endloop
  endfacet
  facet normal -0.896618 -0.442805 -1.29992e-19
    outer loop
      vertex -16.6975 -13.345 1.5
      vertex -16.6251 -13.4916 1
      vertex -16.6251 -13.4916 1.5
    endloop
  endfacet
  facet normal -0.75178 0.659414 -5.30537e-18
    outer loop
      vertex -16.8961 -14.8539 1
      vertex -16.7883 -14.731 1.5
      vertex -16.7883 -14.731 1
    endloop
  endfacet
  facet normal -0.75178 0.659414 -5.30537e-18
    outer loop
      vertex -16.7883 -14.731 1.5
      vertex -16.8961 -14.8539 1
      vertex -16.8961 -14.8539 1.5
    endloop
  endfacet
  facet normal -0.0654233 -0.997858 0
    outer loop
      vertex -17.78 -12.72 1
      vertex -17.6168 -12.7307 1.5
      vertex -17.78 -12.72 1.5
    endloop
  endfacet
  facet normal -0.0654233 -0.997858 -0
    outer loop
      vertex -17.6168 -12.7307 1.5
      vertex -17.78 -12.72 1
      vertex -17.6168 -12.7307 1
    endloop
  endfacet
  facet normal -0.0654233 0.997858 0
    outer loop
      vertex -17.6168 -15.2093 1
      vertex -17.78 -15.22 1.5
      vertex -17.6168 -15.2093 1.5
    endloop
  endfacet
  facet normal -0.0654233 0.997858 0
    outer loop
      vertex -17.78 -15.22 1.5
      vertex -17.6168 -15.2093 1
      vertex -17.78 -15.22 1
    endloop
  endfacet
  facet normal 0.896861 -0.442313 6.60655e-18
    outer loop
      vertex -18.9348 -13.4916 1.5
      vertex -18.8625 -13.345 1
      vertex -18.8625 -13.345 1.5
    endloop
  endfacet
  facet normal 0.896861 -0.442313 6.60655e-18
    outer loop
      vertex -18.8625 -13.345 1
      vertex -18.9348 -13.4916 1.5
      vertex -18.9348 -13.4916 1
    endloop
  endfacet
  facet normal -0.555265 0.831674 0
    outer loop
      vertex -17.019 -14.9617 1
      vertex -17.155 -15.0525 1.5
      vertex -17.019 -14.9617 1.5
    endloop
  endfacet
  facet normal -0.555265 0.831674 0
    outer loop
      vertex -17.155 -15.0525 1.5
      vertex -17.019 -14.9617 1
      vertex -17.155 -15.0525 1
    endloop
  endfacet
  facet normal 0.555265 -0.831674 0
    outer loop
      vertex -18.541 -12.9783 1
      vertex -18.405 -12.8875 1.5
      vertex -18.541 -12.9783 1.5
    endloop
  endfacet
  facet normal 0.555265 -0.831674 0
    outer loop
      vertex -18.405 -12.8875 1.5
      vertex -18.541 -12.9783 1
      vertex -18.405 -12.8875 1
    endloop
  endfacet
  facet normal -0.321541 0.946896 0
    outer loop
      vertex -17.3016 -15.1248 1
      vertex -17.4565 -15.1774 1.5
      vertex -17.3016 -15.1248 1.5
    endloop
  endfacet
  facet normal -0.321541 0.946896 0
    outer loop
      vertex -17.4565 -15.1774 1.5
      vertex -17.3016 -15.1248 1
      vertex -17.4565 -15.1774 1
    endloop
  endfacet
  facet normal -0.659414 0.75178 0
    outer loop
      vertex -16.8961 -14.8539 1
      vertex -17.019 -14.9617 1.5
      vertex -16.8961 -14.8539 1.5
    endloop
  endfacet
  facet normal -0.659414 0.75178 0
    outer loop
      vertex -17.019 -14.9617 1.5
      vertex -16.8961 -14.8539 1
      vertex -17.019 -14.9617 1
    endloop
  endfacet
  facet normal 0.321541 0.946896 -0
    outer loop
      vertex -18.1035 -15.1774 1
      vertex -18.2584 -15.1248 1.5
      vertex -18.1035 -15.1774 1.5
    endloop
  endfacet
  facet normal 0.321541 0.946896 0
    outer loop
      vertex -18.2584 -15.1248 1.5
      vertex -18.1035 -15.1774 1
      vertex -18.2584 -15.1248 1
    endloop
  endfacet
  facet normal -0.980768 0.195175 3.48271e-18
    outer loop
      vertex -16.5726 -14.2935 1
      vertex -16.5407 -14.1332 1.5
      vertex -16.5407 -14.1332 1
    endloop
  endfacet
  facet normal -0.980768 0.195175 3.48271e-18
    outer loop
      vertex -16.5407 -14.1332 1.5
      vertex -16.5726 -14.2935 1
      vertex -16.5726 -14.2935 1.5
    endloop
  endfacet
  facet normal -0.195175 -0.980768 0
    outer loop
      vertex -17.6168 -12.7307 1
      vertex -17.4565 -12.7626 1.5
      vertex -17.6168 -12.7307 1.5
    endloop
  endfacet
  facet normal -0.195175 -0.980768 -0
    outer loop
      vertex -17.4565 -12.7626 1.5
      vertex -17.6168 -12.7307 1
      vertex -17.4565 -12.7626 1
    endloop
  endfacet
  facet normal -0.555265 -0.831674 0
    outer loop
      vertex -17.155 -12.8875 1
      vertex -17.019 -12.9783 1.5
      vertex -17.155 -12.8875 1.5
    endloop
  endfacet
  facet normal -0.555265 -0.831674 -0
    outer loop
      vertex -17.019 -12.9783 1.5
      vertex -17.155 -12.8875 1
      vertex -17.019 -12.9783 1
    endloop
  endfacet
  facet normal -0.659414 -0.75178 0
    outer loop
      vertex -17.019 -12.9783 1
      vertex -16.8961 -13.0861 1.5
      vertex -17.019 -12.9783 1.5
    endloop
  endfacet
  facet normal -0.659414 -0.75178 -0
    outer loop
      vertex -16.8961 -13.0861 1.5
      vertex -17.019 -12.9783 1
      vertex -16.8961 -13.0861 1
    endloop
  endfacet
  facet normal -0.831674 0.555265 1.03746e-17
    outer loop
      vertex -16.7883 -14.731 1
      vertex -16.6975 -14.595 1.5
      vertex -16.6975 -14.595 1
    endloop
  endfacet
  facet normal -0.831674 0.555265 1.03746e-17
    outer loop
      vertex -16.6975 -14.595 1.5
      vertex -16.7883 -14.731 1
      vertex -16.7883 -14.731 1.5
    endloop
  endfacet
  facet normal 0.321541 -0.946896 0
    outer loop
      vertex -18.2584 -12.8152 1
      vertex -18.1035 -12.7626 1.5
      vertex -18.2584 -12.8152 1.5
    endloop
  endfacet
  facet normal 0.321541 -0.946896 0
    outer loop
      vertex -18.1035 -12.7626 1.5
      vertex -18.2584 -12.8152 1
      vertex -18.1035 -12.7626 1
    endloop
  endfacet
  facet normal 0.442313 -0.896861 0
    outer loop
      vertex -18.405 -12.8875 1
      vertex -18.2584 -12.8152 1.5
      vertex -18.405 -12.8875 1.5
    endloop
  endfacet
  facet normal 0.442313 -0.896861 0
    outer loop
      vertex -18.2584 -12.8152 1.5
      vertex -18.405 -12.8875 1
      vertex -18.2584 -12.8152 1
    endloop
  endfacet
  facet normal -0.442313 -0.896861 0
    outer loop
      vertex -17.3016 -12.8152 1
      vertex -17.155 -12.8875 1.5
      vertex -17.3016 -12.8152 1.5
    endloop
  endfacet
  facet normal -0.442313 -0.896861 -0
    outer loop
      vertex -17.155 -12.8875 1.5
      vertex -17.3016 -12.8152 1
      vertex -17.155 -12.8875 1
    endloop
  endfacet
  facet normal 0.896861 0.442313 -7.35368e-18
    outer loop
      vertex -18.8625 -14.595 1.5
      vertex -18.9348 -14.4484 1
      vertex -18.9348 -14.4484 1.5
    endloop
  endfacet
  facet normal 0.896861 0.442313 -7.35368e-18
    outer loop
      vertex -18.9348 -14.4484 1
      vertex -18.8625 -14.595 1.5
      vertex -18.8625 -14.595 1
    endloop
  endfacet
  facet normal -0.195175 0.980768 0
    outer loop
      vertex -17.4565 -15.1774 1
      vertex -17.6168 -15.2093 1.5
      vertex -17.4565 -15.1774 1.5
    endloop
  endfacet
  facet normal -0.195175 0.980768 0
    outer loop
      vertex -17.6168 -15.2093 1.5
      vertex -17.4565 -15.1774 1
      vertex -17.6168 -15.2093 1
    endloop
  endfacet
  facet normal 0.75178 0.659414 -1.0784e-18
    outer loop
      vertex -18.6639 -14.8539 1.5
      vertex -18.7717 -14.731 1
      vertex -18.7717 -14.731 1.5
    endloop
  endfacet
  facet normal 0.75178 0.659414 -1.0784e-18
    outer loop
      vertex -18.7717 -14.731 1
      vertex -18.6639 -14.8539 1.5
      vertex -18.6639 -14.8539 1
    endloop
  endfacet
  facet normal 0.555265 0.831674 -0
    outer loop
      vertex -18.405 -15.0525 1
      vertex -18.541 -14.9617 1.5
      vertex -18.405 -15.0525 1.5
    endloop
  endfacet
  facet normal 0.555265 0.831674 0
    outer loop
      vertex -18.541 -14.9617 1.5
      vertex -18.405 -15.0525 1
      vertex -18.541 -14.9617 1
    endloop
  endfacet
  facet normal 0.195175 0.980768 -0
    outer loop
      vertex -17.9432 -15.2093 1
      vertex -18.1035 -15.1774 1.5
      vertex -17.9432 -15.2093 1.5
    endloop
  endfacet
  facet normal 0.195175 0.980768 0
    outer loop
      vertex -18.1035 -15.1774 1.5
      vertex -17.9432 -15.2093 1
      vertex -18.1035 -15.1774 1
    endloop
  endfacet
  facet normal 0 0 1
    outer loop
      vertex -16.5407 -13.8068 1
      vertex -16.5407 -14.1332 1
      vertex -16.53 -13.97 1
    endloop
  endfacet
  facet normal 0 0 1
    outer loop
      vertex -16.5726 -13.6465 1
      vertex -16.5407 -14.1332 1
      vertex -16.5407 -13.8068 1
    endloop
  endfacet
  facet normal 0 0 1
    outer loop
      vertex -16.5726 -13.6465 1
      vertex -16.5726 -14.2935 1
      vertex -16.5407 -14.1332 1
    endloop
  endfacet
  facet normal 0 0 1
    outer loop
      vertex -16.6251 -13.4916 1
      vertex -16.5726 -14.2935 1
      vertex -16.5726 -13.6465 1
    endloop
  endfacet
  facet normal 0 0 1
    outer loop
      vertex -16.6251 -13.4916 1
      vertex -16.6251 -14.4484 1
      vertex -16.5726 -14.2935 1
    endloop
  endfacet
  facet normal 0 0 1
    outer loop
      vertex -16.6975 -13.345 1
      vertex -16.6251 -14.4484 1
      vertex -16.6251 -13.4916 1
    endloop
  endfacet
  facet normal 0 0 1
    outer loop
      vertex -16.6975 -13.345 1
      vertex -16.6975 -14.595 1
      vertex -16.6251 -14.4484 1
    endloop
  endfacet
  facet normal 0 0 1
    outer loop
      vertex -16.7883 -13.209 1
      vertex -16.6975 -14.595 1
      vertex -16.6975 -13.345 1
    endloop
  endfacet
  facet normal 0 0 1
    outer loop
      vertex -16.7883 -13.209 1
      vertex -16.7883 -14.731 1
      vertex -16.6975 -14.595 1
    endloop
  endfacet
  facet normal 0 0 1
    outer loop
      vertex -16.8961 -13.0861 1
      vertex -16.7883 -14.731 1
      vertex -16.7883 -13.209 1
    endloop
  endfacet
  facet normal 0 0 1
    outer loop
      vertex -16.8961 -13.0861 1
      vertex -16.8961 -14.8539 1
      vertex -16.7883 -14.731 1
    endloop
  endfacet
  facet normal 0 0 1
    outer loop
      vertex -17.019 -12.9783 1
      vertex -16.8961 -14.8539 1
      vertex -16.8961 -13.0861 1
    endloop
  endfacet
  facet normal 0 0 1
    outer loop
      vertex -17.019 -12.9783 1
      vertex -17.019 -14.9617 1
      vertex -16.8961 -14.8539 1
    endloop
  endfacet
  facet normal 0 0 1
    outer loop
      vertex -17.155 -12.8875 1
      vertex -17.019 -14.9617 1
      vertex -17.019 -12.9783 1
    endloop
  endfacet
  facet normal 0 0 1
    outer loop
      vertex -17.155 -12.8875 1
      vertex -17.155 -15.0525 1
      vertex -17.019 -14.9617 1
    endloop
  endfacet
  facet normal 0 0 1
    outer loop
      vertex -17.3016 -12.8152 1
      vertex -17.155 -15.0525 1
      vertex -17.155 -12.8875 1
    endloop
  endfacet
  facet normal 0 0 1
    outer loop
      vertex -17.3016 -12.8152 1
      vertex -17.3016 -15.1248 1
      vertex -17.155 -15.0525 1
    endloop
  endfacet
  facet normal 0 0 1
    outer loop
      vertex -17.4565 -12.7626 1
      vertex -17.3016 -15.1248 1
      vertex -17.3016 -12.8152 1
    endloop
  endfacet
  facet normal 0 0 1
    outer loop
      vertex -17.4565 -12.7626 1
      vertex -17.4565 -15.1774 1
      vertex -17.3016 -15.1248 1
    endloop
  endfacet
  facet normal 0 0 1
    outer loop
      vertex -17.6168 -12.7307 1
      vertex -17.4565 -15.1774 1
      vertex -17.4565 -12.7626 1
    endloop
  endfacet
  facet normal 0 0 1
    outer loop
      vertex -17.6168 -12.7307 1
      vertex -17.6168 -15.2093 1
      vertex -17.4565 -15.1774 1
    endloop
  endfacet
  facet normal 0 0 1
    outer loop
      vertex -17.78 -12.72 1
      vertex -17.6168 -15.2093 1
      vertex -17.6168 -12.7307 1
    endloop
  endfacet
  facet normal 0 0 1
    outer loop
      vertex -17.78 -12.72 1
      vertex -17.78 -15.22 1
      vertex -17.6168 -15.2093 1
    endloop
  endfacet
  facet normal -0 0 1
    outer loop
      vertex -17.9432 -12.7307 1
      vertex -17.78 -15.22 1
      vertex -17.78 -12.72 1
    endloop
  endfacet
  facet normal 0 0 1
    outer loop
      vertex -17.9432 -12.7307 1
      vertex -17.9432 -15.2093 1
      vertex -17.78 -15.22 1
    endloop
  endfacet
  facet normal -0 0 1
    outer loop
      vertex -18.1035 -12.7626 1
      vertex -17.9432 -15.2093 1
      vertex -17.9432 -12.7307 1
    endloop
  endfacet
  facet normal 0 0 1
    outer loop
      vertex -18.1035 -12.7626 1
      vertex -18.1035 -15.1774 1
      vertex -17.9432 -15.2093 1
    endloop
  endfacet
  facet normal -0 0 1
    outer loop
      vertex -18.2584 -12.8152 1
      vertex -18.1035 -15.1774 1
      vertex -18.1035 -12.7626 1
    endloop
  endfacet
  facet normal 0 0 1
    outer loop
      vertex -18.2584 -12.8152 1
      vertex -18.2584 -15.1248 1
      vertex -18.1035 -15.1774 1
    endloop
  endfacet
  facet normal -0 0 1
    outer loop
      vertex -18.405 -12.8875 1
      vertex -18.2584 -15.1248 1
      vertex -18.2584 -12.8152 1
    endloop
  endfacet
  facet normal 0 0 1
    outer loop
      vertex -18.405 -12.8875 1
      vertex -18.405 -15.0525 1
      vertex -18.2584 -15.1248 1
    endloop
  endfacet
  facet normal -0 0 1
    outer loop
      vertex -18.541 -12.9783 1
      vertex -18.405 -15.0525 1
      vertex -18.405 -12.8875 1
    endloop
  endfacet
  facet normal 0 0 1
    outer loop
      vertex -18.541 -12.9783 1
      vertex -18.541 -14.9617 1
      vertex -18.405 -15.0525 1
    endloop
  endfacet
  facet normal -0 0 1
    outer loop
      vertex -18.6639 -13.0861 1
      vertex -18.541 -14.9617 1
      vertex -18.541 -12.9783 1
    endloop
  endfacet
  facet normal 0 0 1
    outer loop
      vertex -18.6639 -13.0861 1
      vertex -18.6639 -14.8539 1
      vertex -18.541 -14.9617 1
    endloop
  endfacet
  facet normal -0 0 1
    outer loop
      vertex -18.7717 -13.209 1
      vertex -18.6639 -14.8539 1
      vertex -18.6639 -13.0861 1
    endloop
  endfacet
  facet normal 0 0 1
    outer loop
      vertex -18.7717 -13.209 1
      vertex -18.7717 -14.731 1
      vertex -18.6639 -14.8539 1
    endloop
  endfacet
  facet normal -0 0 1
    outer loop
      vertex -18.8625 -13.345 1
      vertex -18.7717 -14.731 1
      vertex -18.7717 -13.209 1
    endloop
  endfacet
  facet normal 0 0 1
    outer loop
      vertex -18.8625 -13.345 1
      vertex -18.8625 -14.595 1
      vertex -18.7717 -14.731 1
    endloop
  endfacet
  facet normal -0 0 1
    outer loop
      vertex -18.9348 -13.4916 1
      vertex -18.8625 -14.595 1
      vertex -18.8625 -13.345 1
    endloop
  endfacet
  facet normal 0 0 1
    outer loop
      vertex -18.9348 -13.4916 1
      vertex -18.9348 -14.4484 1
      vertex -18.8625 -14.595 1
    endloop
  endfacet
  facet normal -0 0 1
    outer loop
      vertex -18.9874 -13.6465 1
      vertex -18.9348 -14.4484 1
      vertex -18.9348 -13.4916 1
    endloop
  endfacet
  facet normal 0 0 1
    outer loop
      vertex -18.9874 -13.6465 1
      vertex -18.9874 -14.2935 1
      vertex -18.9348 -14.4484 1
    endloop
  endfacet
  facet normal -0 0 1
    outer loop
      vertex -19.0193 -13.8068 1
      vertex -18.9874 -14.2935 1
      vertex -18.9874 -13.6465 1
    endloop
  endfacet
  facet normal 0 0 1
    outer loop
      vertex -19.0193 -13.8068 1
      vertex -19.0193 -14.1332 1
      vertex -18.9874 -14.2935 1
    endloop
  endfacet
  facet normal 0 -0 1
    outer loop
      vertex -19.0193 -14.1332 1
      vertex -19.0193 -13.8068 1
      vertex -19.03 -13.97 1
    endloop
  endfacet
  facet normal 0.946896 0.321541 -4.40041e-18
    outer loop
      vertex -18.9348 -14.4484 1.5
      vertex -18.9874 -14.2935 1
      vertex -18.9874 -14.2935 1.5
    endloop
  endfacet
  facet normal 0.946896 0.321541 -4.40041e-18
    outer loop
      vertex -18.9874 -14.2935 1
      vertex -18.9348 -14.4484 1.5
      vertex -18.9348 -14.4484 1
    endloop
  endfacet
  facet normal 0.659414 0.75178 -0
    outer loop
      vertex -18.541 -14.9617 1
      vertex -18.6639 -14.8539 1.5
      vertex -18.541 -14.9617 1.5
    endloop
  endfacet
  facet normal 0.659414 0.75178 0
    outer loop
      vertex -18.6639 -14.8539 1.5
      vertex -18.541 -14.9617 1
      vertex -18.6639 -14.8539 1
    endloop
  endfacet
  facet normal 0.195175 -0.980768 0
    outer loop
      vertex -18.1035 -12.7626 1
      vertex -17.9432 -12.7307 1.5
      vertex -18.1035 -12.7626 1.5
    endloop
  endfacet
  facet normal 0.195175 -0.980768 0
    outer loop
      vertex -17.9432 -12.7307 1.5
      vertex -18.1035 -12.7626 1
      vertex -17.9432 -12.7307 1
    endloop
  endfacet
  facet normal 0.831674 0.555265 -3.60375e-19
    outer loop
      vertex -18.7717 -14.731 1.5
      vertex -18.8625 -14.595 1
      vertex -18.8625 -14.595 1.5
    endloop
  endfacet
  facet normal 0.831674 0.555265 -3.60375e-19
    outer loop
      vertex -18.8625 -14.595 1
      vertex -18.7717 -14.731 1.5
      vertex -18.7717 -14.731 1
    endloop
  endfacet
  facet normal 0.997858 -0.0654233 3.63063e-19
    outer loop
      vertex -19.03 -13.97 1.5
      vertex -19.0193 -13.8068 1
      vertex -19.0193 -13.8068 1.5
    endloop
  endfacet
  facet normal 0.997858 -0.0654233 3.63063e-19
    outer loop
      vertex -19.0193 -13.8068 1
      vertex -19.03 -13.97 1.5
      vertex -19.03 -13.97 1
    endloop
  endfacet
  facet normal -0.442313 0.896861 0
    outer loop
      vertex -17.155 -15.0525 1
      vertex -17.3016 -15.1248 1.5
      vertex -17.155 -15.0525 1.5
    endloop
  endfacet
  facet normal -0.442313 0.896861 0
    outer loop
      vertex -17.3016 -15.1248 1.5
      vertex -17.155 -15.0525 1
      vertex -17.3016 -15.1248 1
    endloop
  endfacet
  facet normal -0.896618 0.442805 3.04979e-18
    outer loop
      vertex -16.6975 -14.595 1
      vertex -16.6251 -14.4484 1.5
      vertex -16.6251 -14.4484 1
    endloop
  endfacet
  facet normal -0.896618 0.442805 3.04979e-18
    outer loop
      vertex -16.6251 -14.4484 1.5
      vertex -16.6975 -14.595 1
      vertex -16.6975 -14.595 1.5
    endloop
  endfacet
  facet normal 0.946896 -0.321541 4.40041e-18
    outer loop
      vertex -18.9874 -13.6465 1.5
      vertex -18.9348 -13.4916 1
      vertex -18.9348 -13.4916 1.5
    endloop
  endfacet
  facet normal 0.946896 -0.321541 4.40041e-18
    outer loop
      vertex -18.9348 -13.4916 1
      vertex -18.9874 -13.6465 1.5
      vertex -18.9874 -13.6465 1
    endloop
  endfacet
  facet normal 0.0654233 0.997858 -0
    outer loop
      vertex -17.78 -15.22 1
      vertex -17.9432 -15.2093 1.5
      vertex -17.78 -15.22 1.5
    endloop
  endfacet
  facet normal 0.0654233 0.997858 0
    outer loop
      vertex -17.9432 -15.2093 1.5
      vertex -17.78 -15.22 1
      vertex -17.9432 -15.2093 1
    endloop
  endfacet
  facet normal 0.442313 0.896861 -0
    outer loop
      vertex -18.2584 -15.1248 1
      vertex -18.405 -15.0525 1.5
      vertex -18.2584 -15.1248 1.5
    endloop
  endfacet
  facet normal 0.442313 0.896861 0
    outer loop
      vertex -18.405 -15.0525 1.5
      vertex -18.2584 -15.1248 1
      vertex -18.405 -15.0525 1
    endloop
  endfacet
  facet normal -0.75178 -0.659414 5.30537e-18
    outer loop
      vertex -16.7883 -13.209 1
      vertex -16.8961 -13.0861 1.5
      vertex -16.8961 -13.0861 1
    endloop
  endfacet
  facet normal -0.75178 -0.659414 5.30537e-18
    outer loop
      vertex -16.8961 -13.0861 1.5
      vertex -16.7883 -13.209 1
      vertex -16.7883 -13.209 1.5
    endloop
  endfacet
  facet normal 0.831674 -0.555265 -8.09283e-20
    outer loop
      vertex -18.8625 -13.345 1.5
      vertex -18.7717 -13.209 1
      vertex -18.7717 -13.209 1.5
    endloop
  endfacet
  facet normal 0.831674 -0.555265 -8.09283e-20
    outer loop
      vertex -18.7717 -13.209 1
      vertex -18.8625 -13.345 1.5
      vertex -18.8625 -13.345 1
    endloop
  endfacet
  facet normal 0.75178 -0.659414 1.0784e-18
    outer loop
      vertex -18.7717 -13.209 1.5
      vertex -18.6639 -13.0861 1
      vertex -18.6639 -13.0861 1.5
    endloop
  endfacet
  facet normal 0.75178 -0.659414 1.0784e-18
    outer loop
      vertex -18.6639 -13.0861 1
      vertex -18.7717 -13.209 1.5
      vertex -18.7717 -13.209 1
    endloop
  endfacet
  facet normal 0.980768 0.195175 -3.48271e-18
    outer loop
      vertex -18.9874 -14.2935 1.5
      vertex -19.0193 -14.1332 1
      vertex -19.0193 -14.1332 1.5
    endloop
  endfacet
  facet normal 0.980768 0.195175 -3.48271e-18
    outer loop
      vertex -19.0193 -14.1332 1
      vertex -18.9874 -14.2935 1.5
      vertex -18.9874 -14.2935 1
    endloop
  endfacet
  facet normal 0.980768 -0.195175 -3.61568e-18
    outer loop
      vertex -19.0193 -13.8068 1.5
      vertex -18.9874 -13.6465 1
      vertex -18.9874 -13.6465 1.5
    endloop
  endfacet
  facet normal 0.980768 -0.195175 -3.61568e-18
    outer loop
      vertex -18.9874 -13.6465 1
      vertex -19.0193 -13.8068 1.5
      vertex -19.0193 -13.8068 1
    endloop
  endfacet
  facet normal -0.980768 -0.195175 -3.48271e-18
    outer loop
      vertex -16.5407 14.1332 1
      vertex -16.5726 14.2935 1.5
      vertex -16.5726 14.2935 1
    endloop
  endfacet
  facet normal -0.980768 -0.195175 -3.48271e-18
    outer loop
      vertex -16.5726 14.2935 1.5
      vertex -16.5407 14.1332 1
      vertex -16.5407 14.1332 1.5
    endloop
  endfacet
  facet normal -0.997858 -0.0654233 -3.63063e-19
    outer loop
      vertex -16.53 13.97 1
      vertex -16.5407 14.1332 1.5
      vertex -16.5407 14.1332 1
    endloop
  endfacet
  facet normal -0.997858 -0.0654233 -3.63063e-19
    outer loop
      vertex -16.5407 14.1332 1.5
      vertex -16.53 13.97 1
      vertex -16.53 13.97 1.5
    endloop
  endfacet
  facet normal -0.0654233 0.997858 0
    outer loop
      vertex -17.6168 12.7307 1
      vertex -17.78 12.72 1.5
      vertex -17.6168 12.7307 1.5
    endloop
  endfacet
  facet normal -0.0654233 0.997858 0
    outer loop
      vertex -17.78 12.72 1.5
      vertex -17.6168 12.7307 1
      vertex -17.78 12.72 1
    endloop
  endfacet
  facet normal 0.896861 -0.442313 7.35368e-18
    outer loop
      vertex -18.9348 14.4484 1.5
      vertex -18.8625 14.595 1
      vertex -18.8625 14.595 1.5
    endloop
  endfacet
  facet normal 0.896861 -0.442313 7.35368e-18
    outer loop
      vertex -18.8625 14.595 1
      vertex -18.9348 14.4484 1.5
      vertex -18.9348 14.4484 1
    endloop
  endfacet
  facet normal -0.831674 -0.555265 -1.03746e-17
    outer loop
      vertex -16.6975 14.595 1
      vertex -16.7883 14.731 1.5
      vertex -16.7883 14.731 1
    endloop
  endfacet
  facet normal -0.831674 -0.555265 -1.03746e-17
    outer loop
      vertex -16.7883 14.731 1.5
      vertex -16.6975 14.595 1
      vertex -16.6975 14.595 1.5
    endloop
  endfacet
  facet normal 0.321541 -0.946896 0
    outer loop
      vertex -18.2584 15.1248 1
      vertex -18.1035 15.1774 1.5
      vertex -18.2584 15.1248 1.5
    endloop
  endfacet
  facet normal 0.321541 -0.946896 0
    outer loop
      vertex -18.1035 15.1774 1.5
      vertex -18.2584 15.1248 1
      vertex -18.1035 15.1774 1
    endloop
  endfacet
  facet normal -0.442313 -0.896861 0
    outer loop
      vertex -17.3016 15.1248 1
      vertex -17.155 15.0525 1.5
      vertex -17.3016 15.1248 1.5
    endloop
  endfacet
  facet normal -0.442313 -0.896861 -0
    outer loop
      vertex -17.155 15.0525 1.5
      vertex -17.3016 15.1248 1
      vertex -17.155 15.0525 1
    endloop
  endfacet
  facet normal 0.659414 -0.75178 0
    outer loop
      vertex -18.6639 14.8539 1
      vertex -18.541 14.9617 1.5
      vertex -18.6639 14.8539 1.5
    endloop
  endfacet
  facet normal 0.659414 -0.75178 0
    outer loop
      vertex -18.541 14.9617 1.5
      vertex -18.6639 14.8539 1
      vertex -18.541 14.9617 1
    endloop
  endfacet
  facet normal 0.555265 0.831674 -0
    outer loop
      vertex -18.405 12.8875 1
      vertex -18.541 12.9783 1.5
      vertex -18.405 12.8875 1.5
    endloop
  endfacet
  facet normal 0.555265 0.831674 0
    outer loop
      vertex -18.541 12.9783 1.5
      vertex -18.405 12.8875 1
      vertex -18.541 12.9783 1
    endloop
  endfacet
  facet normal -0.896618 -0.442805 -3.04979e-18
    outer loop
      vertex -16.6251 14.4484 1
      vertex -16.6975 14.595 1.5
      vertex -16.6975 14.595 1
    endloop
  endfacet
  facet normal -0.896618 -0.442805 -3.04979e-18
    outer loop
      vertex -16.6975 14.595 1.5
      vertex -16.6251 14.4484 1
      vertex -16.6251 14.4484 1.5
    endloop
  endfacet
  facet normal 0.980768 0.195175 3.61568e-18
    outer loop
      vertex -18.9874 13.6465 1.5
      vertex -19.0193 13.8068 1
      vertex -19.0193 13.8068 1.5
    endloop
  endfacet
  facet normal 0.980768 0.195175 3.61568e-18
    outer loop
      vertex -19.0193 13.8068 1
      vertex -18.9874 13.6465 1.5
      vertex -18.9874 13.6465 1
    endloop
  endfacet
  facet normal -0.555265 0.831674 0
    outer loop
      vertex -17.019 12.9783 1
      vertex -17.155 12.8875 1.5
      vertex -17.019 12.9783 1.5
    endloop
  endfacet
  facet normal -0.555265 0.831674 0
    outer loop
      vertex -17.155 12.8875 1.5
      vertex -17.019 12.9783 1
      vertex -17.155 12.8875 1
    endloop
  endfacet
  facet normal 0.442313 -0.896861 0
    outer loop
      vertex -18.405 15.0525 1
      vertex -18.2584 15.1248 1.5
      vertex -18.405 15.0525 1.5
    endloop
  endfacet
  facet normal 0.442313 -0.896861 0
    outer loop
      vertex -18.2584 15.1248 1.5
      vertex -18.405 15.0525 1
      vertex -18.2584 15.1248 1
    endloop
  endfacet
  facet normal -0.195175 0.980768 0
    outer loop
      vertex -17.4565 12.7626 1
      vertex -17.6168 12.7307 1.5
      vertex -17.4565 12.7626 1.5
    endloop
  endfacet
  facet normal -0.195175 0.980768 0
    outer loop
      vertex -17.6168 12.7307 1.5
      vertex -17.4565 12.7626 1
      vertex -17.6168 12.7307 1
    endloop
  endfacet
  facet normal -0.831674 0.555265 9.93327e-18
    outer loop
      vertex -16.7883 13.209 1
      vertex -16.6975 13.345 1.5
      vertex -16.6975 13.345 1
    endloop
  endfacet
  facet normal -0.831674 0.555265 9.93327e-18
    outer loop
      vertex -16.6975 13.345 1.5
      vertex -16.7883 13.209 1
      vertex -16.7883 13.209 1.5
    endloop
  endfacet
  facet normal -0.321541 0.946896 0
    outer loop
      vertex -17.3016 12.8152 1
      vertex -17.4565 12.7626 1.5
      vertex -17.3016 12.8152 1.5
    endloop
  endfacet
  facet normal -0.321541 0.946896 0
    outer loop
      vertex -17.4565 12.7626 1.5
      vertex -17.3016 12.8152 1
      vertex -17.4565 12.7626 1
    endloop
  endfacet
  facet normal -0.659414 0.75178 0
    outer loop
      vertex -16.8961 13.0861 1
      vertex -17.019 12.9783 1.5
      vertex -16.8961 13.0861 1.5
    endloop
  endfacet
  facet normal -0.659414 0.75178 0
    outer loop
      vertex -17.019 12.9783 1.5
      vertex -16.8961 13.0861 1
      vertex -17.019 12.9783 1
    endloop
  endfacet
  facet normal 0.195175 0.980768 -0
    outer loop
      vertex -17.9432 12.7307 1
      vertex -18.1035 12.7626 1.5
      vertex -17.9432 12.7307 1.5
    endloop
  endfacet
  facet normal 0.195175 0.980768 0
    outer loop
      vertex -18.1035 12.7626 1.5
      vertex -17.9432 12.7307 1
      vertex -18.1035 12.7626 1
    endloop
  endfacet
  facet normal 0.980768 -0.195175 3.48271e-18
    outer loop
      vertex -19.0193 14.1332 1.5
      vertex -18.9874 14.2935 1
      vertex -18.9874 14.2935 1.5
    endloop
  endfacet
  facet normal 0.980768 -0.195175 3.48271e-18
    outer loop
      vertex -18.9874 14.2935 1
      vertex -19.0193 14.1332 1.5
      vertex -19.0193 14.1332 1
    endloop
  endfacet
  facet normal -0.997858 0.0654233 3.63063e-19
    outer loop
      vertex -16.5407 13.8068 1
      vertex -16.53 13.97 1.5
      vertex -16.53 13.97 1
    endloop
  endfacet
  facet normal -0.997858 0.0654233 3.63063e-19
    outer loop
      vertex -16.53 13.97 1.5
      vertex -16.5407 13.8068 1
      vertex -16.5407 13.8068 1.5
    endloop
  endfacet
  facet normal 0.555265 -0.831674 0
    outer loop
      vertex -18.541 14.9617 1
      vertex -18.405 15.0525 1.5
      vertex -18.541 14.9617 1.5
    endloop
  endfacet
  facet normal 0.555265 -0.831674 0
    outer loop
      vertex -18.405 15.0525 1.5
      vertex -18.541 14.9617 1
      vertex -18.405 15.0525 1
    endloop
  endfacet
  facet normal 0.946896 0.321541 -4.40041e-18
    outer loop
      vertex -18.9348 13.4916 1.5
      vertex -18.9874 13.6465 1
      vertex -18.9874 13.6465 1.5
    endloop
  endfacet
  facet normal 0.946896 0.321541 -4.40041e-18
    outer loop
      vertex -18.9874 13.6465 1
      vertex -18.9348 13.4916 1.5
      vertex -18.9348 13.4916 1
    endloop
  endfacet
  facet normal -0.442313 0.896861 0
    outer loop
      vertex -17.155 12.8875 1
      vertex -17.3016 12.8152 1.5
      vertex -17.155 12.8875 1.5
    endloop
  endfacet
  facet normal -0.442313 0.896861 0
    outer loop
      vertex -17.3016 12.8152 1.5
      vertex -17.155 12.8875 1
      vertex -17.3016 12.8152 1
    endloop
  endfacet
  facet normal -0.321541 -0.946896 0
    outer loop
      vertex -17.4565 15.1774 1
      vertex -17.3016 15.1248 1.5
      vertex -17.4565 15.1774 1.5
    endloop
  endfacet
  facet normal -0.321541 -0.946896 -0
    outer loop
      vertex -17.3016 15.1248 1.5
      vertex -17.4565 15.1774 1
      vertex -17.3016 15.1248 1
    endloop
  endfacet
  facet normal 0.442313 0.896861 -0
    outer loop
      vertex -18.2584 12.8152 1
      vertex -18.405 12.8875 1.5
      vertex -18.2584 12.8152 1.5
    endloop
  endfacet
  facet normal 0.442313 0.896861 0
    outer loop
      vertex -18.405 12.8875 1.5
      vertex -18.2584 12.8152 1
      vertex -18.405 12.8875 1
    endloop
  endfacet
  facet normal 0.321541 0.946896 -0
    outer loop
      vertex -18.1035 12.7626 1
      vertex -18.2584 12.8152 1.5
      vertex -18.1035 12.7626 1.5
    endloop
  endfacet
  facet normal 0.321541 0.946896 0
    outer loop
      vertex -18.2584 12.8152 1.5
      vertex -18.1035 12.7626 1
      vertex -18.2584 12.8152 1
    endloop
  endfacet
  facet normal 0.896861 0.442313 -6.60655e-18
    outer loop
      vertex -18.8625 13.345 1.5
      vertex -18.9348 13.4916 1
      vertex -18.9348 13.4916 1.5
    endloop
  endfacet
  facet normal 0.896861 0.442313 -6.60655e-18
    outer loop
      vertex -18.9348 13.4916 1
      vertex -18.8625 13.345 1.5
      vertex -18.8625 13.345 1
    endloop
  endfacet
  facet normal -0.195175 -0.980768 0
    outer loop
      vertex -17.6168 15.2093 1
      vertex -17.4565 15.1774 1.5
      vertex -17.6168 15.2093 1.5
    endloop
  endfacet
  facet normal -0.195175 -0.980768 -0
    outer loop
      vertex -17.4565 15.1774 1.5
      vertex -17.6168 15.2093 1
      vertex -17.4565 15.1774 1
    endloop
  endfacet
  facet normal -0.555265 -0.831674 0
    outer loop
      vertex -17.155 15.0525 1
      vertex -17.019 14.9617 1.5
      vertex -17.155 15.0525 1.5
    endloop
  endfacet
  facet normal -0.555265 -0.831674 -0
    outer loop
      vertex -17.019 14.9617 1.5
      vertex -17.155 15.0525 1
      vertex -17.019 14.9617 1
    endloop
  endfacet
  facet normal 0.195175 -0.980768 0
    outer loop
      vertex -18.1035 15.1774 1
      vertex -17.9432 15.2093 1.5
      vertex -18.1035 15.1774 1.5
    endloop
  endfacet
  facet normal 0.195175 -0.980768 0
    outer loop
      vertex -17.9432 15.2093 1.5
      vertex -18.1035 15.1774 1
      vertex -17.9432 15.2093 1
    endloop
  endfacet
  facet normal 0.659414 0.75178 -0
    outer loop
      vertex -18.541 12.9783 1
      vertex -18.6639 13.0861 1.5
      vertex -18.541 12.9783 1.5
    endloop
  endfacet
  facet normal 0.659414 0.75178 0
    outer loop
      vertex -18.6639 13.0861 1.5
      vertex -18.541 12.9783 1
      vertex -18.6639 13.0861 1
    endloop
  endfacet
  facet normal 0.831674 -0.555265 3.60375e-19
    outer loop
      vertex -18.8625 14.595 1.5
      vertex -18.7717 14.731 1
      vertex -18.7717 14.731 1.5
    endloop
  endfacet
  facet normal 0.831674 -0.555265 3.60375e-19
    outer loop
      vertex -18.7717 14.731 1
      vertex -18.8625 14.595 1.5
      vertex -18.8625 14.595 1
    endloop
  endfacet
  facet normal 0.997858 0.0654233 -3.63063e-19
    outer loop
      vertex -19.0193 13.8068 1.5
      vertex -19.03 13.97 1
      vertex -19.03 13.97 1.5
    endloop
  endfacet
  facet normal 0.997858 0.0654233 -3.63063e-19
    outer loop
      vertex -19.03 13.97 1
      vertex -19.0193 13.8068 1.5
      vertex -19.0193 13.8068 1
    endloop
  endfacet
  facet normal -0.896618 0.442805 1.29992e-19
    outer loop
      vertex -16.6975 13.345 1
      vertex -16.6251 13.4916 1.5
      vertex -16.6251 13.4916 1
    endloop
  endfacet
  facet normal -0.896618 0.442805 1.29992e-19
    outer loop
      vertex -16.6251 13.4916 1.5
      vertex -16.6975 13.345 1
      vertex -16.6975 13.345 1.5
    endloop
  endfacet
  facet normal -0.75178 0.659414 -5.30537e-18
    outer loop
      vertex -16.8961 13.0861 1
      vertex -16.7883 13.209 1.5
      vertex -16.7883 13.209 1
    endloop
  endfacet
  facet normal -0.75178 0.659414 -5.30537e-18
    outer loop
      vertex -16.7883 13.209 1.5
      vertex -16.8961 13.0861 1
      vertex -16.8961 13.0861 1.5
    endloop
  endfacet
  facet normal -0.947082 -0.320993 4.74079e-18
    outer loop
      vertex -16.5726 14.2935 1
      vertex -16.6251 14.4484 1.5
      vertex -16.6251 14.4484 1
    endloop
  endfacet
  facet normal -0.947082 -0.320993 4.74079e-18
    outer loop
      vertex -16.6251 14.4484 1.5
      vertex -16.5726 14.2935 1
      vertex -16.5726 14.2935 1.5
    endloop
  endfacet
  facet normal 0.75178 -0.659414 1.0784e-18
    outer loop
      vertex -18.7717 14.731 1.5
      vertex -18.6639 14.8539 1
      vertex -18.6639 14.8539 1.5
    endloop
  endfacet
  facet normal 0.75178 -0.659414 1.0784e-18
    outer loop
      vertex -18.6639 14.8539 1
      vertex -18.7717 14.731 1.5
      vertex -18.7717 14.731 1
    endloop
  endfacet
  facet normal 0.831674 0.555265 8.09283e-20
    outer loop
      vertex -18.7717 13.209 1.5
      vertex -18.8625 13.345 1
      vertex -18.8625 13.345 1.5
    endloop
  endfacet
  facet normal 0.831674 0.555265 8.09283e-20
    outer loop
      vertex -18.8625 13.345 1
      vertex -18.7717 13.209 1.5
      vertex -18.7717 13.209 1
    endloop
  endfacet
  facet normal -0.947082 0.320993 -4.74079e-18
    outer loop
      vertex -16.6251 13.4916 1
      vertex -16.5726 13.6465 1.5
      vertex -16.5726 13.6465 1
    endloop
  endfacet
  facet normal -0.947082 0.320993 -4.74079e-18
    outer loop
      vertex -16.5726 13.6465 1.5
      vertex -16.6251 13.4916 1
      vertex -16.6251 13.4916 1.5
    endloop
  endfacet
  facet normal -0.980768 0.195175 -3.61568e-18
    outer loop
      vertex -16.5726 13.6465 1
      vertex -16.5407 13.8068 1.5
      vertex -16.5407 13.8068 1
    endloop
  endfacet
  facet normal -0.980768 0.195175 -3.61568e-18
    outer loop
      vertex -16.5407 13.8068 1.5
      vertex -16.5726 13.6465 1
      vertex -16.5726 13.6465 1.5
    endloop
  endfacet
  facet normal 0.997858 -0.0654233 3.63063e-19
    outer loop
      vertex -19.03 13.97 1.5
      vertex -19.0193 14.1332 1
      vertex -19.0193 14.1332 1.5
    endloop
  endfacet
  facet normal 0.997858 -0.0654233 3.63063e-19
    outer loop
      vertex -19.0193 14.1332 1
      vertex -19.03 13.97 1.5
      vertex -19.03 13.97 1
    endloop
  endfacet
  facet normal -0.75178 -0.659414 5.30537e-18
    outer loop
      vertex -16.7883 14.731 1
      vertex -16.8961 14.8539 1.5
      vertex -16.8961 14.8539 1
    endloop
  endfacet
  facet normal -0.75178 -0.659414 5.30537e-18
    outer loop
      vertex -16.8961 14.8539 1.5
      vertex -16.7883 14.731 1
      vertex -16.7883 14.731 1.5
    endloop
  endfacet
  facet normal 0.75178 0.659414 -1.0784e-18
    outer loop
      vertex -18.6639 13.0861 1.5
      vertex -18.7717 13.209 1
      vertex -18.7717 13.209 1.5
    endloop
  endfacet
  facet normal 0.75178 0.659414 -1.0784e-18
    outer loop
      vertex -18.7717 13.209 1
      vertex -18.6639 13.0861 1.5
      vertex -18.6639 13.0861 1
    endloop
  endfacet
  facet normal -0.0654233 -0.997858 0
    outer loop
      vertex -17.78 15.22 1
      vertex -17.6168 15.2093 1.5
      vertex -17.78 15.22 1.5
    endloop
  endfacet
  facet normal -0.0654233 -0.997858 -0
    outer loop
      vertex -17.6168 15.2093 1.5
      vertex -17.78 15.22 1
      vertex -17.6168 15.2093 1
    endloop
  endfacet
  facet normal -0.659414 -0.75178 0
    outer loop
      vertex -17.019 14.9617 1
      vertex -16.8961 14.8539 1.5
      vertex -17.019 14.9617 1.5
    endloop
  endfacet
  facet normal -0.659414 -0.75178 -0
    outer loop
      vertex -16.8961 14.8539 1.5
      vertex -17.019 14.9617 1
      vertex -16.8961 14.8539 1
    endloop
  endfacet
  facet normal 0.0654233 -0.997858 0
    outer loop
      vertex -17.9432 15.2093 1
      vertex -17.78 15.22 1.5
      vertex -17.9432 15.2093 1.5
    endloop
  endfacet
  facet normal 0.0654233 -0.997858 0
    outer loop
      vertex -17.78 15.22 1.5
      vertex -17.9432 15.2093 1
      vertex -17.78 15.22 1
    endloop
  endfacet
  facet normal 0.946896 -0.321541 4.40041e-18
    outer loop
      vertex -18.9874 14.2935 1.5
      vertex -18.9348 14.4484 1
      vertex -18.9348 14.4484 1.5
    endloop
  endfacet
  facet normal 0.946896 -0.321541 4.40041e-18
    outer loop
      vertex -18.9348 14.4484 1
      vertex -18.9874 14.2935 1.5
      vertex -18.9874 14.2935 1
    endloop
  endfacet
  facet normal 0.0654233 0.997858 -0
    outer loop
      vertex -17.78 12.72 1
      vertex -17.9432 12.7307 1.5
      vertex -17.78 12.72 1.5
    endloop
  endfacet
  facet normal 0.0654233 0.997858 0
    outer loop
      vertex -17.9432 12.7307 1.5
      vertex -17.78 12.72 1
      vertex -17.9432 12.7307 1
    endloop
  endfacet
  facet normal 0 0 1
    outer loop
      vertex -16.5407 14.1332 1
      vertex -16.5407 13.8068 1
      vertex -16.53 13.97 1
    endloop
  endfacet
  facet normal 0 0 1
    outer loop
      vertex -16.5726 14.2935 1
      vertex -16.5407 13.8068 1
      vertex -16.5407 14.1332 1
    endloop
  endfacet
  facet normal 0 0 1
    outer loop
      vertex -16.5726 14.2935 1
      vertex -16.5726 13.6465 1
      vertex -16.5407 13.8068 1
    endloop
  endfacet
  facet normal 0 0 1
    outer loop
      vertex -16.6251 14.4484 1
      vertex -16.5726 13.6465 1
      vertex -16.5726 14.2935 1
    endloop
  endfacet
  facet normal 0 0 1
    outer loop
      vertex -16.6251 14.4484 1
      vertex -16.6251 13.4916 1
      vertex -16.5726 13.6465 1
    endloop
  endfacet
  facet normal 0 0 1
    outer loop
      vertex -16.6975 14.595 1
      vertex -16.6251 13.4916 1
      vertex -16.6251 14.4484 1
    endloop
  endfacet
  facet normal 0 0 1
    outer loop
      vertex -16.6975 14.595 1
      vertex -16.6975 13.345 1
      vertex -16.6251 13.4916 1
    endloop
  endfacet
  facet normal 0 0 1
    outer loop
      vertex -16.7883 14.731 1
      vertex -16.6975 13.345 1
      vertex -16.6975 14.595 1
    endloop
  endfacet
  facet normal 0 0 1
    outer loop
      vertex -16.7883 14.731 1
      vertex -16.7883 13.209 1
      vertex -16.6975 13.345 1
    endloop
  endfacet
  facet normal 0 0 1
    outer loop
      vertex -16.8961 14.8539 1
      vertex -16.7883 13.209 1
      vertex -16.7883 14.731 1
    endloop
  endfacet
  facet normal 0 0 1
    outer loop
      vertex -16.8961 14.8539 1
      vertex -16.8961 13.0861 1
      vertex -16.7883 13.209 1
    endloop
  endfacet
  facet normal 0 0 1
    outer loop
      vertex -17.019 14.9617 1
      vertex -16.8961 13.0861 1
      vertex -16.8961 14.8539 1
    endloop
  endfacet
  facet normal 0 0 1
    outer loop
      vertex -17.019 14.9617 1
      vertex -17.019 12.9783 1
      vertex -16.8961 13.0861 1
    endloop
  endfacet
  facet normal 0 0 1
    outer loop
      vertex -17.155 15.0525 1
      vertex -17.019 12.9783 1
      vertex -17.019 14.9617 1
    endloop
  endfacet
  facet normal 0 0 1
    outer loop
      vertex -17.155 15.0525 1
      vertex -17.155 12.8875 1
      vertex -17.019 12.9783 1
    endloop
  endfacet
  facet normal 0 0 1
    outer loop
      vertex -17.3016 15.1248 1
      vertex -17.155 12.8875 1
      vertex -17.155 15.0525 1
    endloop
  endfacet
  facet normal 0 0 1
    outer loop
      vertex -17.3016 15.1248 1
      vertex -17.3016 12.8152 1
      vertex -17.155 12.8875 1
    endloop
  endfacet
  facet normal 0 0 1
    outer loop
      vertex -17.4565 15.1774 1
      vertex -17.3016 12.8152 1
      vertex -17.3016 15.1248 1
    endloop
  endfacet
  facet normal 0 0 1
    outer loop
      vertex -17.4565 15.1774 1
      vertex -17.4565 12.7626 1
      vertex -17.3016 12.8152 1
    endloop
  endfacet
  facet normal 0 0 1
    outer loop
      vertex -17.6168 15.2093 1
      vertex -17.4565 12.7626 1
      vertex -17.4565 15.1774 1
    endloop
  endfacet
  facet normal 0 0 1
    outer loop
      vertex -17.6168 15.2093 1
      vertex -17.6168 12.7307 1
      vertex -17.4565 12.7626 1
    endloop
  endfacet
  facet normal 0 0 1
    outer loop
      vertex -17.78 15.22 1
      vertex -17.6168 12.7307 1
      vertex -17.6168 15.2093 1
    endloop
  endfacet
  facet normal 0 0 1
    outer loop
      vertex -17.78 15.22 1
      vertex -17.78 12.72 1
      vertex -17.6168 12.7307 1
    endloop
  endfacet
  facet normal -0 0 1
    outer loop
      vertex -17.9432 15.2093 1
      vertex -17.78 12.72 1
      vertex -17.78 15.22 1
    endloop
  endfacet
  facet normal 0 0 1
    outer loop
      vertex -17.9432 15.2093 1
      vertex -17.9432 12.7307 1
      vertex -17.78 12.72 1
    endloop
  endfacet
  facet normal -0 0 1
    outer loop
      vertex -18.1035 15.1774 1
      vertex -17.9432 12.7307 1
      vertex -17.9432 15.2093 1
    endloop
  endfacet
  facet normal 0 0 1
    outer loop
      vertex -18.1035 15.1774 1
      vertex -18.1035 12.7626 1
      vertex -17.9432 12.7307 1
    endloop
  endfacet
  facet normal -0 0 1
    outer loop
      vertex -18.2584 15.1248 1
      vertex -18.1035 12.7626 1
      vertex -18.1035 15.1774 1
    endloop
  endfacet
  facet normal 0 0 1
    outer loop
      vertex -18.2584 15.1248 1
      vertex -18.2584 12.8152 1
      vertex -18.1035 12.7626 1
    endloop
  endfacet
  facet normal -0 0 1
    outer loop
      vertex -18.405 15.0525 1
      vertex -18.2584 12.8152 1
      vertex -18.2584 15.1248 1
    endloop
  endfacet
  facet normal 0 0 1
    outer loop
      vertex -18.405 15.0525 1
      vertex -18.405 12.8875 1
      vertex -18.2584 12.8152 1
    endloop
  endfacet
  facet normal -0 0 1
    outer loop
      vertex -18.541 14.9617 1
      vertex -18.405 12.8875 1
      vertex -18.405 15.0525 1
    endloop
  endfacet
  facet normal 0 0 1
    outer loop
      vertex -18.541 14.9617 1
      vertex -18.541 12.9783 1
      vertex -18.405 12.8875 1
    endloop
  endfacet
  facet normal -0 0 1
    outer loop
      vertex -18.6639 14.8539 1
      vertex -18.541 12.9783 1
      vertex -18.541 14.9617 1
    endloop
  endfacet
  facet normal 0 0 1
    outer loop
      vertex -18.6639 14.8539 1
      vertex -18.6639 13.0861 1
      vertex -18.541 12.9783 1
    endloop
  endfacet
  facet normal -0 0 1
    outer loop
      vertex -18.7717 14.731 1
      vertex -18.6639 13.0861 1
      vertex -18.6639 14.8539 1
    endloop
  endfacet
  facet normal 0 0 1
    outer loop
      vertex -18.7717 14.731 1
      vertex -18.7717 13.209 1
      vertex -18.6639 13.0861 1
    endloop
  endfacet
  facet normal -0 0 1
    outer loop
      vertex -18.8625 14.595 1
      vertex -18.7717 13.209 1
      vertex -18.7717 14.731 1
    endloop
  endfacet
  facet normal 0 0 1
    outer loop
      vertex -18.8625 14.595 1
      vertex -18.8625 13.345 1
      vertex -18.7717 13.209 1
    endloop
  endfacet
  facet normal -0 0 1
    outer loop
      vertex -18.9348 14.4484 1
      vertex -18.8625 13.345 1
      vertex -18.8625 14.595 1
    endloop
  endfacet
  facet normal 0 0 1
    outer loop
      vertex -18.9348 14.4484 1
      vertex -18.9348 13.4916 1
      vertex -18.8625 13.345 1
    endloop
  endfacet
  facet normal -0 0 1
    outer loop
      vertex -18.9874 14.2935 1
      vertex -18.9348 13.4916 1
      vertex -18.9348 14.4484 1
    endloop
  endfacet
  facet normal 0 0 1
    outer loop
      vertex -18.9874 14.2935 1
      vertex -18.9874 13.6465 1
      vertex -18.9348 13.4916 1
    endloop
  endfacet
  facet normal -0 0 1
    outer loop
      vertex -19.0193 14.1332 1
      vertex -18.9874 13.6465 1
      vertex -18.9874 14.2935 1
    endloop
  endfacet
  facet normal 0 0 1
    outer loop
      vertex -19.0193 14.1332 1
      vertex -19.0193 13.8068 1
      vertex -18.9874 13.6465 1
    endloop
  endfacet
  facet normal 0 -0 1
    outer loop
      vertex -19.0193 13.8068 1
      vertex -19.0193 14.1332 1
      vertex -19.03 13.97 1
    endloop
  endfacet
  facet normal 0.0654233 -0.997858 0
    outer loop
      vertex 17.6168 -12.7307 1
      vertex 17.78 -12.72 1.5
      vertex 17.6168 -12.7307 1.5
    endloop
  endfacet
  facet normal 0.0654233 -0.997858 0
    outer loop
      vertex 17.78 -12.72 1.5
      vertex 17.6168 -12.7307 1
      vertex 17.78 -12.72 1
    endloop
  endfacet
  facet normal -0.980768 -0.195175 3.61568e-18
    outer loop
      vertex 19.0193 -13.8068 1
      vertex 18.9874 -13.6465 1.5
      vertex 18.9874 -13.6465 1
    endloop
  endfacet
  facet normal -0.980768 -0.195175 3.61568e-18
    outer loop
      vertex 18.9874 -13.6465 1.5
      vertex 19.0193 -13.8068 1
      vertex 19.0193 -13.8068 1.5
    endloop
  endfacet
  facet normal -0.997858 -0.0654233 -3.63063e-19
    outer loop
      vertex 19.03 -13.97 1
      vertex 19.0193 -13.8068 1.5
      vertex 19.0193 -13.8068 1
    endloop
  endfacet
  facet normal -0.997858 -0.0654233 -3.63063e-19
    outer loop
      vertex 19.0193 -13.8068 1.5
      vertex 19.03 -13.97 1
      vertex 19.03 -13.97 1.5
    endloop
  endfacet
  facet normal -0.321541 -0.946896 0
    outer loop
      vertex 18.1035 -12.7626 1
      vertex 18.2584 -12.8152 1.5
      vertex 18.1035 -12.7626 1.5
    endloop
  endfacet
  facet normal -0.321541 -0.946896 -0
    outer loop
      vertex 18.2584 -12.8152 1.5
      vertex 18.1035 -12.7626 1
      vertex 18.2584 -12.8152 1
    endloop
  endfacet
  facet normal -0.555265 0.831674 0
    outer loop
      vertex 18.541 -14.9617 1
      vertex 18.405 -15.0525 1.5
      vertex 18.541 -14.9617 1.5
    endloop
  endfacet
  facet normal -0.555265 0.831674 0
    outer loop
      vertex 18.405 -15.0525 1.5
      vertex 18.541 -14.9617 1
      vertex 18.405 -15.0525 1
    endloop
  endfacet
  facet normal 0.997858 -0.0654233 3.63063e-19
    outer loop
      vertex 16.53 -13.97 1.5
      vertex 16.5407 -13.8068 1
      vertex 16.5407 -13.8068 1.5
    endloop
  endfacet
  facet normal 0.997858 -0.0654233 3.63063e-19
    outer loop
      vertex 16.5407 -13.8068 1
      vertex 16.53 -13.97 1.5
      vertex 16.53 -13.97 1
    endloop
  endfacet
  facet normal -0.75178 -0.659414 -1.0784e-18
    outer loop
      vertex 18.7717 -13.209 1
      vertex 18.6639 -13.0861 1.5
      vertex 18.6639 -13.0861 1
    endloop
  endfacet
  facet normal -0.75178 -0.659414 -1.0784e-18
    outer loop
      vertex 18.6639 -13.0861 1.5
      vertex 18.7717 -13.209 1
      vertex 18.7717 -13.209 1.5
    endloop
  endfacet
  facet normal -0.442313 0.896861 0
    outer loop
      vertex 18.405 -15.0525 1
      vertex 18.2584 -15.1248 1.5
      vertex 18.405 -15.0525 1.5
    endloop
  endfacet
  facet normal -0.442313 0.896861 0
    outer loop
      vertex 18.2584 -15.1248 1.5
      vertex 18.405 -15.0525 1
      vertex 18.2584 -15.1248 1
    endloop
  endfacet
  facet normal 0.555265 -0.831674 0
    outer loop
      vertex 17.019 -12.9783 1
      vertex 17.155 -12.8875 1.5
      vertex 17.019 -12.9783 1.5
    endloop
  endfacet
  facet normal 0.555265 -0.831674 0
    outer loop
      vertex 17.155 -12.8875 1.5
      vertex 17.019 -12.9783 1
      vertex 17.155 -12.8875 1
    endloop
  endfacet
  facet normal 0.947082 0.320993 4.74079e-18
    outer loop
      vertex 16.6251 -14.4484 1.5
      vertex 16.5726 -14.2935 1
      vertex 16.5726 -14.2935 1.5
    endloop
  endfacet
  facet normal 0.947082 0.320993 4.74079e-18
    outer loop
      vertex 16.5726 -14.2935 1
      vertex 16.6251 -14.4484 1.5
      vertex 16.6251 -14.4484 1
    endloop
  endfacet
  facet normal 0.831674 -0.555265 9.93327e-18
    outer loop
      vertex 16.6975 -13.345 1.5
      vertex 16.7883 -13.209 1
      vertex 16.7883 -13.209 1.5
    endloop
  endfacet
  facet normal 0.831674 -0.555265 9.93327e-18
    outer loop
      vertex 16.7883 -13.209 1
      vertex 16.6975 -13.345 1.5
      vertex 16.6975 -13.345 1
    endloop
  endfacet
  facet normal -0.659414 0.75178 0
    outer loop
      vertex 18.6639 -14.8539 1
      vertex 18.541 -14.9617 1.5
      vertex 18.6639 -14.8539 1.5
    endloop
  endfacet
  facet normal -0.659414 0.75178 0
    outer loop
      vertex 18.541 -14.9617 1.5
      vertex 18.6639 -14.8539 1
      vertex 18.541 -14.9617 1
    endloop
  endfacet
  facet normal 0.896618 0.442805 -3.04979e-18
    outer loop
      vertex 16.6975 -14.595 1.5
      vertex 16.6251 -14.4484 1
      vertex 16.6251 -14.4484 1.5
    endloop
  endfacet
  facet normal 0.896618 0.442805 -3.04979e-18
    outer loop
      vertex 16.6251 -14.4484 1
      vertex 16.6975 -14.595 1.5
      vertex 16.6975 -14.595 1
    endloop
  endfacet
  facet normal 0.321541 0.946896 -0
    outer loop
      vertex 17.4565 -15.1774 1
      vertex 17.3016 -15.1248 1.5
      vertex 17.4565 -15.1774 1.5
    endloop
  endfacet
  facet normal 0.321541 0.946896 0
    outer loop
      vertex 17.3016 -15.1248 1.5
      vertex 17.4565 -15.1774 1
      vertex 17.3016 -15.1248 1
    endloop
  endfacet
  facet normal 0.75178 -0.659414 -5.30537e-18
    outer loop
      vertex 16.7883 -13.209 1.5
      vertex 16.8961 -13.0861 1
      vertex 16.8961 -13.0861 1.5
    endloop
  endfacet
  facet normal 0.75178 -0.659414 -5.30537e-18
    outer loop
      vertex 16.8961 -13.0861 1
      vertex 16.7883 -13.209 1.5
      vertex 16.7883 -13.209 1
    endloop
  endfacet
  facet normal 0.659414 -0.75178 0
    outer loop
      vertex 16.8961 -13.0861 1
      vertex 17.019 -12.9783 1.5
      vertex 16.8961 -13.0861 1.5
    endloop
  endfacet
  facet normal 0.659414 -0.75178 0
    outer loop
      vertex 17.019 -12.9783 1.5
      vertex 16.8961 -13.0861 1
      vertex 17.019 -12.9783 1
    endloop
  endfacet
  facet normal 0.75178 0.659414 5.30537e-18
    outer loop
      vertex 16.8961 -14.8539 1.5
      vertex 16.7883 -14.731 1
      vertex 16.7883 -14.731 1.5
    endloop
  endfacet
  facet normal 0.75178 0.659414 5.30537e-18
    outer loop
      vertex 16.7883 -14.731 1
      vertex 16.8961 -14.8539 1.5
      vertex 16.8961 -14.8539 1
    endloop
  endfacet
  facet normal -0.195175 0.980768 0
    outer loop
      vertex 18.1035 -15.1774 1
      vertex 17.9432 -15.2093 1.5
      vertex 18.1035 -15.1774 1.5
    endloop
  endfacet
  facet normal -0.195175 0.980768 0
    outer loop
      vertex 17.9432 -15.2093 1.5
      vertex 18.1035 -15.1774 1
      vertex 17.9432 -15.2093 1
    endloop
  endfacet
  facet normal -0.831674 0.555265 3.60375e-19
    outer loop
      vertex 18.7717 -14.731 1
      vertex 18.8625 -14.595 1.5
      vertex 18.8625 -14.595 1
    endloop
  endfacet
  facet normal -0.831674 0.555265 3.60375e-19
    outer loop
      vertex 18.8625 -14.595 1.5
      vertex 18.7717 -14.731 1
      vertex 18.7717 -14.731 1.5
    endloop
  endfacet
  facet normal -0.831674 -0.555265 8.09283e-20
    outer loop
      vertex 18.8625 -13.345 1
      vertex 18.7717 -13.209 1.5
      vertex 18.7717 -13.209 1
    endloop
  endfacet
  facet normal -0.831674 -0.555265 8.09283e-20
    outer loop
      vertex 18.7717 -13.209 1.5
      vertex 18.8625 -13.345 1
      vertex 18.8625 -13.345 1.5
    endloop
  endfacet
  facet normal -0.75178 0.659414 1.0784e-18
    outer loop
      vertex 18.6639 -14.8539 1
      vertex 18.7717 -14.731 1.5
      vertex 18.7717 -14.731 1
    endloop
  endfacet
  facet normal -0.75178 0.659414 1.0784e-18
    outer loop
      vertex 18.7717 -14.731 1.5
      vertex 18.6639 -14.8539 1
      vertex 18.6639 -14.8539 1.5
    endloop
  endfacet
  facet normal -0.0654233 -0.997858 0
    outer loop
      vertex 17.78 -12.72 1
      vertex 17.9432 -12.7307 1.5
      vertex 17.78 -12.72 1.5
    endloop
  endfacet
  facet normal -0.0654233 -0.997858 -0
    outer loop
      vertex 17.9432 -12.7307 1.5
      vertex 17.78 -12.72 1
      vertex 17.9432 -12.7307 1
    endloop
  endfacet
  facet normal 0.442313 -0.896861 0
    outer loop
      vertex 17.155 -12.8875 1
      vertex 17.3016 -12.8152 1.5
      vertex 17.155 -12.8875 1.5
    endloop
  endfacet
  facet normal 0.442313 -0.896861 0
    outer loop
      vertex 17.3016 -12.8152 1.5
      vertex 17.155 -12.8875 1
      vertex 17.3016 -12.8152 1
    endloop
  endfacet
  facet normal -0.980768 0.195175 3.48271e-18
    outer loop
      vertex 18.9874 -14.2935 1
      vertex 19.0193 -14.1332 1.5
      vertex 19.0193 -14.1332 1
    endloop
  endfacet
  facet normal -0.980768 0.195175 3.48271e-18
    outer loop
      vertex 19.0193 -14.1332 1.5
      vertex 18.9874 -14.2935 1
      vertex 18.9874 -14.2935 1.5
    endloop
  endfacet
  facet normal 0.321541 -0.946896 0
    outer loop
      vertex 17.3016 -12.8152 1
      vertex 17.4565 -12.7626 1.5
      vertex 17.3016 -12.8152 1.5
    endloop
  endfacet
  facet normal 0.321541 -0.946896 0
    outer loop
      vertex 17.4565 -12.7626 1.5
      vertex 17.3016 -12.8152 1
      vertex 17.4565 -12.7626 1
    endloop
  endfacet
  facet normal -0.946896 0.321541 4.40041e-18
    outer loop
      vertex 18.9348 -14.4484 1
      vertex 18.9874 -14.2935 1.5
      vertex 18.9874 -14.2935 1
    endloop
  endfacet
  facet normal -0.946896 0.321541 4.40041e-18
    outer loop
      vertex 18.9874 -14.2935 1.5
      vertex 18.9348 -14.4484 1
      vertex 18.9348 -14.4484 1.5
    endloop
  endfacet
  facet normal -0.442313 -0.896861 0
    outer loop
      vertex 18.2584 -12.8152 1
      vertex 18.405 -12.8875 1.5
      vertex 18.2584 -12.8152 1.5
    endloop
  endfacet
  facet normal -0.442313 -0.896861 -0
    outer loop
      vertex 18.405 -12.8875 1.5
      vertex 18.2584 -12.8152 1
      vertex 18.405 -12.8875 1
    endloop
  endfacet
  facet normal -0.555265 -0.831674 0
    outer loop
      vertex 18.405 -12.8875 1
      vertex 18.541 -12.9783 1.5
      vertex 18.405 -12.8875 1.5
    endloop
  endfacet
  facet normal -0.555265 -0.831674 -0
    outer loop
      vertex 18.541 -12.9783 1.5
      vertex 18.405 -12.8875 1
      vertex 18.541 -12.9783 1
    endloop
  endfacet
  facet normal -0.997858 0.0654233 3.63063e-19
    outer loop
      vertex 19.0193 -14.1332 1
      vertex 19.03 -13.97 1.5
      vertex 19.03 -13.97 1
    endloop
  endfacet
  facet normal -0.997858 0.0654233 3.63063e-19
    outer loop
      vertex 19.03 -13.97 1.5
      vertex 19.0193 -14.1332 1
      vertex 19.0193 -14.1332 1.5
    endloop
  endfacet
  facet normal -0.659414 -0.75178 0
    outer loop
      vertex 18.541 -12.9783 1
      vertex 18.6639 -13.0861 1.5
      vertex 18.541 -12.9783 1.5
    endloop
  endfacet
  facet normal -0.659414 -0.75178 -0
    outer loop
      vertex 18.6639 -13.0861 1.5
      vertex 18.541 -12.9783 1
      vertex 18.6639 -13.0861 1
    endloop
  endfacet
  facet normal 0.195175 -0.980768 0
    outer loop
      vertex 17.4565 -12.7626 1
      vertex 17.6168 -12.7307 1.5
      vertex 17.4565 -12.7626 1.5
    endloop
  endfacet
  facet normal 0.195175 -0.980768 0
    outer loop
      vertex 17.6168 -12.7307 1.5
      vertex 17.4565 -12.7626 1
      vertex 17.6168 -12.7307 1
    endloop
  endfacet
  facet normal -0.896861 -0.442313 -6.60655e-18
    outer loop
      vertex 18.9348 -13.4916 1
      vertex 18.8625 -13.345 1.5
      vertex 18.8625 -13.345 1
    endloop
  endfacet
  facet normal -0.896861 -0.442313 -6.60655e-18
    outer loop
      vertex 18.8625 -13.345 1.5
      vertex 18.9348 -13.4916 1
      vertex 18.9348 -13.4916 1.5
    endloop
  endfacet
  facet normal 0.831674 0.555265 -1.03746e-17
    outer loop
      vertex 16.7883 -14.731 1.5
      vertex 16.6975 -14.595 1
      vertex 16.6975 -14.595 1.5
    endloop
  endfacet
  facet normal 0.831674 0.555265 -1.03746e-17
    outer loop
      vertex 16.6975 -14.595 1
      vertex 16.7883 -14.731 1.5
      vertex 16.7883 -14.731 1
    endloop
  endfacet
  facet normal -0.321541 0.946896 0
    outer loop
      vertex 18.2584 -15.1248 1
      vertex 18.1035 -15.1774 1.5
      vertex 18.2584 -15.1248 1.5
    endloop
  endfacet
  facet normal -0.321541 0.946896 0
    outer loop
      vertex 18.1035 -15.1774 1.5
      vertex 18.2584 -15.1248 1
      vertex 18.1035 -15.1774 1
    endloop
  endfacet
  facet normal 0.0654233 0.997858 -0
    outer loop
      vertex 17.78 -15.22 1
      vertex 17.6168 -15.2093 1.5
      vertex 17.78 -15.22 1.5
    endloop
  endfacet
  facet normal 0.0654233 0.997858 0
    outer loop
      vertex 17.6168 -15.2093 1.5
      vertex 17.78 -15.22 1
      vertex 17.6168 -15.2093 1
    endloop
  endfacet
  facet normal 0.947082 -0.320993 -4.74079e-18
    outer loop
      vertex 16.5726 -13.6465 1.5
      vertex 16.6251 -13.4916 1
      vertex 16.6251 -13.4916 1.5
    endloop
  endfacet
  facet normal 0.947082 -0.320993 -4.74079e-18
    outer loop
      vertex 16.6251 -13.4916 1
      vertex 16.5726 -13.6465 1.5
      vertex 16.5726 -13.6465 1
    endloop
  endfacet
  facet normal -0.896861 0.442313 7.35368e-18
    outer loop
      vertex 18.8625 -14.595 1
      vertex 18.9348 -14.4484 1.5
      vertex 18.9348 -14.4484 1
    endloop
  endfacet
  facet normal -0.896861 0.442313 7.35368e-18
    outer loop
      vertex 18.9348 -14.4484 1.5
      vertex 18.8625 -14.595 1
      vertex 18.8625 -14.595 1.5
    endloop
  endfacet
  facet normal 0.980768 0.195175 -3.48271e-18
    outer loop
      vertex 16.5726 -14.2935 1.5
      vertex 16.5407 -14.1332 1
      vertex 16.5407 -14.1332 1.5
    endloop
  endfacet
  facet normal 0.980768 0.195175 -3.48271e-18
    outer loop
      vertex 16.5407 -14.1332 1
      vertex 16.5726 -14.2935 1.5
      vertex 16.5726 -14.2935 1
    endloop
  endfacet
  facet normal 0.442313 0.896861 -0
    outer loop
      vertex 17.3016 -15.1248 1
      vertex 17.155 -15.0525 1.5
      vertex 17.3016 -15.1248 1.5
    endloop
  endfacet
  facet normal 0.442313 0.896861 0
    outer loop
      vertex 17.155 -15.0525 1.5
      vertex 17.3016 -15.1248 1
      vertex 17.155 -15.0525 1
    endloop
  endfacet
  facet normal 0.980768 -0.195175 -3.61568e-18
    outer loop
      vertex 16.5407 -13.8068 1.5
      vertex 16.5726 -13.6465 1
      vertex 16.5726 -13.6465 1.5
    endloop
  endfacet
  facet normal 0.980768 -0.195175 -3.61568e-18
    outer loop
      vertex 16.5726 -13.6465 1
      vertex 16.5407 -13.8068 1.5
      vertex 16.5407 -13.8068 1
    endloop
  endfacet
  facet normal -0.0654233 0.997858 0
    outer loop
      vertex 17.9432 -15.2093 1
      vertex 17.78 -15.22 1.5
      vertex 17.9432 -15.2093 1.5
    endloop
  endfacet
  facet normal -0.0654233 0.997858 0
    outer loop
      vertex 17.78 -15.22 1.5
      vertex 17.9432 -15.2093 1
      vertex 17.78 -15.22 1
    endloop
  endfacet
  facet normal -0.946896 -0.321541 -4.40041e-18
    outer loop
      vertex 18.9874 -13.6465 1
      vertex 18.9348 -13.4916 1.5
      vertex 18.9348 -13.4916 1
    endloop
  endfacet
  facet normal -0.946896 -0.321541 -4.40041e-18
    outer loop
      vertex 18.9348 -13.4916 1.5
      vertex 18.9874 -13.6465 1
      vertex 18.9874 -13.6465 1.5
    endloop
  endfacet
  facet normal 0.997858 0.0654233 -3.63063e-19
    outer loop
      vertex 16.5407 -14.1332 1.5
      vertex 16.53 -13.97 1
      vertex 16.53 -13.97 1.5
    endloop
  endfacet
  facet normal 0.997858 0.0654233 -3.63063e-19
    outer loop
      vertex 16.53 -13.97 1
      vertex 16.5407 -14.1332 1.5
      vertex 16.5407 -14.1332 1
    endloop
  endfacet
  facet normal -0.195175 -0.980768 0
    outer loop
      vertex 17.9432 -12.7307 1
      vertex 18.1035 -12.7626 1.5
      vertex 17.9432 -12.7307 1.5
    endloop
  endfacet
  facet normal -0.195175 -0.980768 -0
    outer loop
      vertex 18.1035 -12.7626 1.5
      vertex 17.9432 -12.7307 1
      vertex 18.1035 -12.7626 1
    endloop
  endfacet
  facet normal 0.896618 -0.442805 1.29992e-19
    outer loop
      vertex 16.6251 -13.4916 1.5
      vertex 16.6975 -13.345 1
      vertex 16.6975 -13.345 1.5
    endloop
  endfacet
  facet normal 0.896618 -0.442805 1.29992e-19
    outer loop
      vertex 16.6975 -13.345 1
      vertex 16.6251 -13.4916 1.5
      vertex 16.6251 -13.4916 1
    endloop
  endfacet
  facet normal 0.195175 0.980768 -0
    outer loop
      vertex 17.6168 -15.2093 1
      vertex 17.4565 -15.1774 1.5
      vertex 17.6168 -15.2093 1.5
    endloop
  endfacet
  facet normal 0.195175 0.980768 0
    outer loop
      vertex 17.4565 -15.1774 1.5
      vertex 17.6168 -15.2093 1
      vertex 17.4565 -15.1774 1
    endloop
  endfacet
  facet normal 0.659414 0.75178 -0
    outer loop
      vertex 17.019 -14.9617 1
      vertex 16.8961 -14.8539 1.5
      vertex 17.019 -14.9617 1.5
    endloop
  endfacet
  facet normal 0.659414 0.75178 0
    outer loop
      vertex 16.8961 -14.8539 1.5
      vertex 17.019 -14.9617 1
      vertex 16.8961 -14.8539 1
    endloop
  endfacet
  facet normal 0 0 1
    outer loop
      vertex 19.0193 -13.8068 1
      vertex 19.0193 -14.1332 1
      vertex 19.03 -13.97 1
    endloop
  endfacet
  facet normal 0 0 1
    outer loop
      vertex 18.9874 -13.6465 1
      vertex 19.0193 -14.1332 1
      vertex 19.0193 -13.8068 1
    endloop
  endfacet
  facet normal 0 0 1
    outer loop
      vertex 18.9874 -13.6465 1
      vertex 18.9874 -14.2935 1
      vertex 19.0193 -14.1332 1
    endloop
  endfacet
  facet normal 0 0 1
    outer loop
      vertex 18.9348 -13.4916 1
      vertex 18.9874 -14.2935 1
      vertex 18.9874 -13.6465 1
    endloop
  endfacet
  facet normal 0 0 1
    outer loop
      vertex 18.9348 -13.4916 1
      vertex 18.9348 -14.4484 1
      vertex 18.9874 -14.2935 1
    endloop
  endfacet
  facet normal 0 0 1
    outer loop
      vertex 18.8625 -13.345 1
      vertex 18.9348 -14.4484 1
      vertex 18.9348 -13.4916 1
    endloop
  endfacet
  facet normal 0 0 1
    outer loop
      vertex 18.8625 -13.345 1
      vertex 18.8625 -14.595 1
      vertex 18.9348 -14.4484 1
    endloop
  endfacet
  facet normal 0 0 1
    outer loop
      vertex 18.7717 -13.209 1
      vertex 18.8625 -14.595 1
      vertex 18.8625 -13.345 1
    endloop
  endfacet
  facet normal 0 0 1
    outer loop
      vertex 18.7717 -13.209 1
      vertex 18.7717 -14.731 1
      vertex 18.8625 -14.595 1
    endloop
  endfacet
  facet normal 0 0 1
    outer loop
      vertex 18.6639 -13.0861 1
      vertex 18.7717 -14.731 1
      vertex 18.7717 -13.209 1
    endloop
  endfacet
  facet normal 0 0 1
    outer loop
      vertex 18.6639 -13.0861 1
      vertex 18.6639 -14.8539 1
      vertex 18.7717 -14.731 1
    endloop
  endfacet
  facet normal 0 0 1
    outer loop
      vertex 18.541 -12.9783 1
      vertex 18.6639 -14.8539 1
      vertex 18.6639 -13.0861 1
    endloop
  endfacet
  facet normal 0 0 1
    outer loop
      vertex 18.541 -12.9783 1
      vertex 18.541 -14.9617 1
      vertex 18.6639 -14.8539 1
    endloop
  endfacet
  facet normal 0 0 1
    outer loop
      vertex 18.405 -12.8875 1
      vertex 18.541 -14.9617 1
      vertex 18.541 -12.9783 1
    endloop
  endfacet
  facet normal 0 0 1
    outer loop
      vertex 18.405 -12.8875 1
      vertex 18.405 -15.0525 1
      vertex 18.541 -14.9617 1
    endloop
  endfacet
  facet normal 0 0 1
    outer loop
      vertex 18.2584 -12.8152 1
      vertex 18.405 -15.0525 1
      vertex 18.405 -12.8875 1
    endloop
  endfacet
  facet normal 0 0 1
    outer loop
      vertex 18.2584 -12.8152 1
      vertex 18.2584 -15.1248 1
      vertex 18.405 -15.0525 1
    endloop
  endfacet
  facet normal 0 0 1
    outer loop
      vertex 18.1035 -12.7626 1
      vertex 18.2584 -15.1248 1
      vertex 18.2584 -12.8152 1
    endloop
  endfacet
  facet normal 0 0 1
    outer loop
      vertex 18.1035 -12.7626 1
      vertex 18.1035 -15.1774 1
      vertex 18.2584 -15.1248 1
    endloop
  endfacet
  facet normal 0 0 1
    outer loop
      vertex 17.9432 -12.7307 1
      vertex 18.1035 -15.1774 1
      vertex 18.1035 -12.7626 1
    endloop
  endfacet
  facet normal 0 0 1
    outer loop
      vertex 17.9432 -12.7307 1
      vertex 17.9432 -15.2093 1
      vertex 18.1035 -15.1774 1
    endloop
  endfacet
  facet normal 0 0 1
    outer loop
      vertex 17.78 -12.72 1
      vertex 17.9432 -15.2093 1
      vertex 17.9432 -12.7307 1
    endloop
  endfacet
  facet normal 0 0 1
    outer loop
      vertex 17.78 -12.72 1
      vertex 17.78 -15.22 1
      vertex 17.9432 -15.2093 1
    endloop
  endfacet
  facet normal -0 0 1
    outer loop
      vertex 17.6168 -12.7307 1
      vertex 17.78 -15.22 1
      vertex 17.78 -12.72 1
    endloop
  endfacet
  facet normal 0 0 1
    outer loop
      vertex 17.6168 -12.7307 1
      vertex 17.6168 -15.2093 1
      vertex 17.78 -15.22 1
    endloop
  endfacet
  facet normal -0 0 1
    outer loop
      vertex 17.4565 -12.7626 1
      vertex 17.6168 -15.2093 1
      vertex 17.6168 -12.7307 1
    endloop
  endfacet
  facet normal 0 0 1
    outer loop
      vertex 17.4565 -12.7626 1
      vertex 17.4565 -15.1774 1
      vertex 17.6168 -15.2093 1
    endloop
  endfacet
  facet normal -0 0 1
    outer loop
      vertex 17.3016 -12.8152 1
      vertex 17.4565 -15.1774 1
      vertex 17.4565 -12.7626 1
    endloop
  endfacet
  facet normal 0 0 1
    outer loop
      vertex 17.3016 -12.8152 1
      vertex 17.3016 -15.1248 1
      vertex 17.4565 -15.1774 1
    endloop
  endfacet
  facet normal -0 0 1
    outer loop
      vertex 17.155 -12.8875 1
      vertex 17.3016 -15.1248 1
      vertex 17.3016 -12.8152 1
    endloop
  endfacet
  facet normal 0 0 1
    outer loop
      vertex 17.155 -12.8875 1
      vertex 17.155 -15.0525 1
      vertex 17.3016 -15.1248 1
    endloop
  endfacet
  facet normal -0 0 1
    outer loop
      vertex 17.019 -12.9783 1
      vertex 17.155 -15.0525 1
      vertex 17.155 -12.8875 1
    endloop
  endfacet
  facet normal 0 0 1
    outer loop
      vertex 17.019 -12.9783 1
      vertex 17.019 -14.9617 1
      vertex 17.155 -15.0525 1
    endloop
  endfacet
  facet normal -0 0 1
    outer loop
      vertex 16.8961 -13.0861 1
      vertex 17.019 -14.9617 1
      vertex 17.019 -12.9783 1
    endloop
  endfacet
  facet normal 0 0 1
    outer loop
      vertex 16.8961 -13.0861 1
      vertex 16.8961 -14.8539 1
      vertex 17.019 -14.9617 1
    endloop
  endfacet
  facet normal -0 0 1
    outer loop
      vertex 16.7883 -13.209 1
      vertex 16.8961 -14.8539 1
      vertex 16.8961 -13.0861 1
    endloop
  endfacet
  facet normal 0 0 1
    outer loop
      vertex 16.7883 -13.209 1
      vertex 16.7883 -14.731 1
      vertex 16.8961 -14.8539 1
    endloop
  endfacet
  facet normal -0 0 1
    outer loop
      vertex 16.6975 -13.345 1
      vertex 16.7883 -14.731 1
      vertex 16.7883 -13.209 1
    endloop
  endfacet
  facet normal 0 0 1
    outer loop
      vertex 16.6975 -13.345 1
      vertex 16.6975 -14.595 1
      vertex 16.7883 -14.731 1
    endloop
  endfacet
  facet normal -0 0 1
    outer loop
      vertex 16.6251 -13.4916 1
      vertex 16.6975 -14.595 1
      vertex 16.6975 -13.345 1
    endloop
  endfacet
  facet normal 0 0 1
    outer loop
      vertex 16.6251 -13.4916 1
      vertex 16.6251 -14.4484 1
      vertex 16.6975 -14.595 1
    endloop
  endfacet
  facet normal -0 0 1
    outer loop
      vertex 16.5726 -13.6465 1
      vertex 16.6251 -14.4484 1
      vertex 16.6251 -13.4916 1
    endloop
  endfacet
  facet normal 0 0 1
    outer loop
      vertex 16.5726 -13.6465 1
      vertex 16.5726 -14.2935 1
      vertex 16.6251 -14.4484 1
    endloop
  endfacet
  facet normal -0 0 1
    outer loop
      vertex 16.5407 -13.8068 1
      vertex 16.5726 -14.2935 1
      vertex 16.5726 -13.6465 1
    endloop
  endfacet
  facet normal 0 0 1
    outer loop
      vertex 16.5407 -13.8068 1
      vertex 16.5407 -14.1332 1
      vertex 16.5726 -14.2935 1
    endloop
  endfacet
  facet normal 0 -0 1
    outer loop
      vertex 16.5407 -14.1332 1
      vertex 16.5407 -13.8068 1
      vertex 16.53 -13.97 1
    endloop
  endfacet
  facet normal 0.555265 0.831674 -0
    outer loop
      vertex 17.155 -15.0525 1
      vertex 17.019 -14.9617 1.5
      vertex 17.155 -15.0525 1.5
    endloop
  endfacet
  facet normal 0.555265 0.831674 0
    outer loop
      vertex 17.019 -14.9617 1.5
      vertex 17.155 -15.0525 1
      vertex 17.019 -14.9617 1
    endloop
  endfacet
  facet normal -0.0654233 0.997858 0
    outer loop
      vertex 17.9432 12.7307 1
      vertex 17.78 12.72 1.5
      vertex 17.9432 12.7307 1.5
    endloop
  endfacet
  facet normal -0.0654233 0.997858 0
    outer loop
      vertex 17.78 12.72 1.5
      vertex 17.9432 12.7307 1
      vertex 17.78 12.72 1
    endloop
  endfacet
  facet normal -0.980768 -0.195175 -3.48271e-18
    outer loop
      vertex 19.0193 14.1332 1
      vertex 18.9874 14.2935 1.5
      vertex 18.9874 14.2935 1
    endloop
  endfacet
  facet normal -0.980768 -0.195175 -3.48271e-18
    outer loop
      vertex 18.9874 14.2935 1.5
      vertex 19.0193 14.1332 1
      vertex 19.0193 14.1332 1.5
    endloop
  endfacet
  facet normal -0.997858 -0.0654233 -3.63063e-19
    outer loop
      vertex 19.03 13.97 1
      vertex 19.0193 14.1332 1.5
      vertex 19.0193 14.1332 1
    endloop
  endfacet
  facet normal -0.997858 -0.0654233 -3.63063e-19
    outer loop
      vertex 19.0193 14.1332 1.5
      vertex 19.03 13.97 1
      vertex 19.03 13.97 1.5
    endloop
  endfacet
  facet normal 0.321541 -0.946896 0
    outer loop
      vertex 17.3016 15.1248 1
      vertex 17.4565 15.1774 1.5
      vertex 17.3016 15.1248 1.5
    endloop
  endfacet
  facet normal 0.321541 -0.946896 0
    outer loop
      vertex 17.4565 15.1774 1.5
      vertex 17.3016 15.1248 1
      vertex 17.4565 15.1774 1
    endloop
  endfacet
  facet normal -0.980768 0.195175 -3.61568e-18
    outer loop
      vertex 18.9874 13.6465 1
      vertex 19.0193 13.8068 1.5
      vertex 19.0193 13.8068 1
    endloop
  endfacet
  facet normal -0.980768 0.195175 -3.61568e-18
    outer loop
      vertex 19.0193 13.8068 1.5
      vertex 18.9874 13.6465 1
      vertex 18.9874 13.6465 1.5
    endloop
  endfacet
  facet normal -0.555265 -0.831674 0
    outer loop
      vertex 18.405 15.0525 1
      vertex 18.541 14.9617 1.5
      vertex 18.405 15.0525 1.5
    endloop
  endfacet
  facet normal -0.555265 -0.831674 -0
    outer loop
      vertex 18.541 14.9617 1.5
      vertex 18.405 15.0525 1
      vertex 18.541 14.9617 1
    endloop
  endfacet
  facet normal 0.831674 -0.555265 1.03746e-17
    outer loop
      vertex 16.6975 14.595 1.5
      vertex 16.7883 14.731 1
      vertex 16.7883 14.731 1.5
    endloop
  endfacet
  facet normal 0.831674 -0.555265 1.03746e-17
    outer loop
      vertex 16.7883 14.731 1
      vertex 16.6975 14.595 1.5
      vertex 16.6975 14.595 1
    endloop
  endfacet
  facet normal -0.946896 0.321541 4.40041e-18
    outer loop
      vertex 18.9348 13.4916 1
      vertex 18.9874 13.6465 1.5
      vertex 18.9874 13.6465 1
    endloop
  endfacet
  facet normal -0.946896 0.321541 4.40041e-18
    outer loop
      vertex 18.9874 13.6465 1.5
      vertex 18.9348 13.4916 1
      vertex 18.9348 13.4916 1.5
    endloop
  endfacet
  facet normal -0.442313 -0.896861 0
    outer loop
      vertex 18.2584 15.1248 1
      vertex 18.405 15.0525 1.5
      vertex 18.2584 15.1248 1.5
    endloop
  endfacet
  facet normal -0.442313 -0.896861 -0
    outer loop
      vertex 18.405 15.0525 1.5
      vertex 18.2584 15.1248 1
      vertex 18.405 15.0525 1
    endloop
  endfacet
  facet normal -0.195175 -0.980768 0
    outer loop
      vertex 17.9432 15.2093 1
      vertex 18.1035 15.1774 1.5
      vertex 17.9432 15.2093 1.5
    endloop
  endfacet
  facet normal -0.195175 -0.980768 -0
    outer loop
      vertex 18.1035 15.1774 1.5
      vertex 17.9432 15.2093 1
      vertex 18.1035 15.1774 1
    endloop
  endfacet
  facet normal -0.442313 0.896861 0
    outer loop
      vertex 18.405 12.8875 1
      vertex 18.2584 12.8152 1.5
      vertex 18.405 12.8875 1.5
    endloop
  endfacet
  facet normal -0.442313 0.896861 0
    outer loop
      vertex 18.2584 12.8152 1.5
      vertex 18.405 12.8875 1
      vertex 18.2584 12.8152 1
    endloop
  endfacet
  facet normal -0.659414 -0.75178 0
    outer loop
      vertex 18.541 14.9617 1
      vertex 18.6639 14.8539 1.5
      vertex 18.541 14.9617 1.5
    endloop
  endfacet
  facet normal -0.659414 -0.75178 -0
    outer loop
      vertex 18.6639 14.8539 1.5
      vertex 18.541 14.9617 1
      vertex 18.6639 14.8539 1
    endloop
  endfacet
  facet normal -0.321541 -0.946896 0
    outer loop
      vertex 18.1035 15.1774 1
      vertex 18.2584 15.1248 1.5
      vertex 18.1035 15.1774 1.5
    endloop
  endfacet
  facet normal -0.321541 -0.946896 -0
    outer loop
      vertex 18.2584 15.1248 1.5
      vertex 18.1035 15.1774 1
      vertex 18.2584 15.1248 1
    endloop
  endfacet
  facet normal 0.321541 0.946896 -0
    outer loop
      vertex 17.4565 12.7626 1
      vertex 17.3016 12.8152 1.5
      vertex 17.4565 12.7626 1.5
    endloop
  endfacet
  facet normal 0.321541 0.946896 0
    outer loop
      vertex 17.3016 12.8152 1.5
      vertex 17.4565 12.7626 1
      vertex 17.3016 12.8152 1
    endloop
  endfacet
  facet normal 0.659414 0.75178 -0
    outer loop
      vertex 17.019 12.9783 1
      vertex 16.8961 13.0861 1.5
      vertex 17.019 12.9783 1.5
    endloop
  endfacet
  facet normal 0.659414 0.75178 0
    outer loop
      vertex 16.8961 13.0861 1.5
      vertex 17.019 12.9783 1
      vertex 16.8961 13.0861 1
    endloop
  endfacet
  facet normal 0.555265 -0.831674 0
    outer loop
      vertex 17.019 14.9617 1
      vertex 17.155 15.0525 1.5
      vertex 17.019 14.9617 1.5
    endloop
  endfacet
  facet normal 0.555265 -0.831674 0
    outer loop
      vertex 17.155 15.0525 1.5
      vertex 17.019 14.9617 1
      vertex 17.155 15.0525 1
    endloop
  endfacet
  facet normal -0.195175 0.980768 0
    outer loop
      vertex 18.1035 12.7626 1
      vertex 17.9432 12.7307 1.5
      vertex 18.1035 12.7626 1.5
    endloop
  endfacet
  facet normal -0.195175 0.980768 0
    outer loop
      vertex 17.9432 12.7307 1.5
      vertex 18.1035 12.7626 1
      vertex 17.9432 12.7307 1
    endloop
  endfacet
  facet normal -0.321541 0.946896 0
    outer loop
      vertex 18.2584 12.8152 1
      vertex 18.1035 12.7626 1.5
      vertex 18.2584 12.8152 1.5
    endloop
  endfacet
  facet normal -0.321541 0.946896 0
    outer loop
      vertex 18.1035 12.7626 1.5
      vertex 18.2584 12.8152 1
      vertex 18.1035 12.7626 1
    endloop
  endfacet
  facet normal 0.195175 0.980768 -0
    outer loop
      vertex 17.6168 12.7307 1
      vertex 17.4565 12.7626 1.5
      vertex 17.6168 12.7307 1.5
    endloop
  endfacet
  facet normal 0.195175 0.980768 0
    outer loop
      vertex 17.4565 12.7626 1.5
      vertex 17.6168 12.7307 1
      vertex 17.4565 12.7626 1
    endloop
  endfacet
  facet normal -0.555265 0.831674 0
    outer loop
      vertex 18.541 12.9783 1
      vertex 18.405 12.8875 1.5
      vertex 18.541 12.9783 1.5
    endloop
  endfacet
  facet normal -0.555265 0.831674 0
    outer loop
      vertex 18.405 12.8875 1.5
      vertex 18.541 12.9783 1
      vertex 18.405 12.8875 1
    endloop
  endfacet
  facet normal -0.831674 -0.555265 -3.60375e-19
    outer loop
      vertex 18.8625 14.595 1
      vertex 18.7717 14.731 1.5
      vertex 18.7717 14.731 1
    endloop
  endfacet
  facet normal -0.831674 -0.555265 -3.60375e-19
    outer loop
      vertex 18.7717 14.731 1.5
      vertex 18.8625 14.595 1
      vertex 18.8625 14.595 1.5
    endloop
  endfacet
  facet normal -0.75178 0.659414 1.0784e-18
    outer loop
      vertex 18.6639 13.0861 1
      vertex 18.7717 13.209 1.5
      vertex 18.7717 13.209 1
    endloop
  endfacet
  facet normal -0.75178 0.659414 1.0784e-18
    outer loop
      vertex 18.7717 13.209 1.5
      vertex 18.6639 13.0861 1
      vertex 18.6639 13.0861 1.5
    endloop
  endfacet
  facet normal -0.896861 0.442313 6.60655e-18
    outer loop
      vertex 18.8625 13.345 1
      vertex 18.9348 13.4916 1.5
      vertex 18.9348 13.4916 1
    endloop
  endfacet
  facet normal -0.896861 0.442313 6.60655e-18
    outer loop
      vertex 18.9348 13.4916 1.5
      vertex 18.8625 13.345 1
      vertex 18.8625 13.345 1.5
    endloop
  endfacet
  facet normal -0.896861 -0.442313 -7.35368e-18
    outer loop
      vertex 18.9348 14.4484 1
      vertex 18.8625 14.595 1.5
      vertex 18.8625 14.595 1
    endloop
  endfacet
  facet normal -0.896861 -0.442313 -7.35368e-18
    outer loop
      vertex 18.8625 14.595 1.5
      vertex 18.9348 14.4484 1
      vertex 18.9348 14.4484 1.5
    endloop
  endfacet
  facet normal 0.980768 0.195175 3.61568e-18
    outer loop
      vertex 16.5726 13.6465 1.5
      vertex 16.5407 13.8068 1
      vertex 16.5407 13.8068 1.5
    endloop
  endfacet
  facet normal 0.980768 0.195175 3.61568e-18
    outer loop
      vertex 16.5407 13.8068 1
      vertex 16.5726 13.6465 1.5
      vertex 16.5726 13.6465 1
    endloop
  endfacet
  facet normal -0.997858 0.0654233 3.63063e-19
    outer loop
      vertex 19.0193 13.8068 1
      vertex 19.03 13.97 1.5
      vertex 19.03 13.97 1
    endloop
  endfacet
  facet normal -0.997858 0.0654233 3.63063e-19
    outer loop
      vertex 19.03 13.97 1.5
      vertex 19.0193 13.8068 1
      vertex 19.0193 13.8068 1.5
    endloop
  endfacet
  facet normal 0.442313 -0.896861 0
    outer loop
      vertex 17.155 15.0525 1
      vertex 17.3016 15.1248 1.5
      vertex 17.155 15.0525 1.5
    endloop
  endfacet
  facet normal 0.442313 -0.896861 0
    outer loop
      vertex 17.3016 15.1248 1.5
      vertex 17.155 15.0525 1
      vertex 17.3016 15.1248 1
    endloop
  endfacet
  facet normal -0.831674 0.555265 -8.09283e-20
    outer loop
      vertex 18.7717 13.209 1
      vertex 18.8625 13.345 1.5
      vertex 18.8625 13.345 1
    endloop
  endfacet
  facet normal -0.831674 0.555265 -8.09283e-20
    outer loop
      vertex 18.8625 13.345 1.5
      vertex 18.7717 13.209 1
      vertex 18.7717 13.209 1.5
    endloop
  endfacet
  facet normal 0.75178 -0.659414 -5.30537e-18
    outer loop
      vertex 16.7883 14.731 1.5
      vertex 16.8961 14.8539 1
      vertex 16.8961 14.8539 1.5
    endloop
  endfacet
  facet normal 0.75178 -0.659414 -5.30537e-18
    outer loop
      vertex 16.8961 14.8539 1
      vertex 16.7883 14.731 1.5
      vertex 16.7883 14.731 1
    endloop
  endfacet
  facet normal 0.896618 0.442805 -1.29992e-19
    outer loop
      vertex 16.6975 13.345 1.5
      vertex 16.6251 13.4916 1
      vertex 16.6251 13.4916 1.5
    endloop
  endfacet
  facet normal 0.896618 0.442805 -1.29992e-19
    outer loop
      vertex 16.6251 13.4916 1
      vertex 16.6975 13.345 1.5
      vertex 16.6975 13.345 1
    endloop
  endfacet
  facet normal 0.195175 -0.980768 0
    outer loop
      vertex 17.4565 15.1774 1
      vertex 17.6168 15.2093 1.5
      vertex 17.4565 15.1774 1.5
    endloop
  endfacet
  facet normal 0.195175 -0.980768 0
    outer loop
      vertex 17.6168 15.2093 1.5
      vertex 17.4565 15.1774 1
      vertex 17.6168 15.2093 1
    endloop
  endfacet
  facet normal 0.0654233 -0.997858 0
    outer loop
      vertex 17.6168 15.2093 1
      vertex 17.78 15.22 1.5
      vertex 17.6168 15.2093 1.5
    endloop
  endfacet
  facet normal 0.0654233 -0.997858 0
    outer loop
      vertex 17.78 15.22 1.5
      vertex 17.6168 15.2093 1
      vertex 17.78 15.22 1
    endloop
  endfacet
  facet normal 0 0 1
    outer loop
      vertex 19.0193 14.1332 1
      vertex 19.0193 13.8068 1
      vertex 19.03 13.97 1
    endloop
  endfacet
  facet normal 0 0 1
    outer loop
      vertex 18.9874 14.2935 1
      vertex 19.0193 13.8068 1
      vertex 19.0193 14.1332 1
    endloop
  endfacet
  facet normal 0 0 1
    outer loop
      vertex 18.9874 14.2935 1
      vertex 18.9874 13.6465 1
      vertex 19.0193 13.8068 1
    endloop
  endfacet
  facet normal 0 0 1
    outer loop
      vertex 18.9348 14.4484 1
      vertex 18.9874 13.6465 1
      vertex 18.9874 14.2935 1
    endloop
  endfacet
  facet normal 0 0 1
    outer loop
      vertex 18.9348 14.4484 1
      vertex 18.9348 13.4916 1
      vertex 18.9874 13.6465 1
    endloop
  endfacet
  facet normal 0 0 1
    outer loop
      vertex 18.8625 14.595 1
      vertex 18.9348 13.4916 1
      vertex 18.9348 14.4484 1
    endloop
  endfacet
  facet normal 0 0 1
    outer loop
      vertex 18.8625 14.595 1
      vertex 18.8625 13.345 1
      vertex 18.9348 13.4916 1
    endloop
  endfacet
  facet normal 0 0 1
    outer loop
      vertex 18.7717 14.731 1
      vertex 18.8625 13.345 1
      vertex 18.8625 14.595 1
    endloop
  endfacet
  facet normal 0 0 1
    outer loop
      vertex 18.7717 14.731 1
      vertex 18.7717 13.209 1
      vertex 18.8625 13.345 1
    endloop
  endfacet
  facet normal 0 0 1
    outer loop
      vertex 18.6639 14.8539 1
      vertex 18.7717 13.209 1
      vertex 18.7717 14.731 1
    endloop
  endfacet
  facet normal 0 0 1
    outer loop
      vertex 18.6639 14.8539 1
      vertex 18.6639 13.0861 1
      vertex 18.7717 13.209 1
    endloop
  endfacet
  facet normal 0 0 1
    outer loop
      vertex 18.541 14.9617 1
      vertex 18.6639 13.0861 1
      vertex 18.6639 14.8539 1
    endloop
  endfacet
  facet normal 0 0 1
    outer loop
      vertex 18.541 14.9617 1
      vertex 18.541 12.9783 1
      vertex 18.6639 13.0861 1
    endloop
  endfacet
  facet normal 0 0 1
    outer loop
      vertex 18.405 15.0525 1
      vertex 18.541 12.9783 1
      vertex 18.541 14.9617 1
    endloop
  endfacet
  facet normal 0 0 1
    outer loop
      vertex 18.405 15.0525 1
      vertex 18.405 12.8875 1
      vertex 18.541 12.9783 1
    endloop
  endfacet
  facet normal 0 0 1
    outer loop
      vertex 18.2584 15.1248 1
      vertex 18.405 12.8875 1
      vertex 18.405 15.0525 1
    endloop
  endfacet
  facet normal 0 0 1
    outer loop
      vertex 18.2584 15.1248 1
      vertex 18.2584 12.8152 1
      vertex 18.405 12.8875 1
    endloop
  endfacet
  facet normal 0 0 1
    outer loop
      vertex 18.1035 15.1774 1
      vertex 18.2584 12.8152 1
      vertex 18.2584 15.1248 1
    endloop
  endfacet
  facet normal 0 0 1
    outer loop
      vertex 18.1035 15.1774 1
      vertex 18.1035 12.7626 1
      vertex 18.2584 12.8152 1
    endloop
  endfacet
  facet normal 0 0 1
    outer loop
      vertex 17.9432 15.2093 1
      vertex 18.1035 12.7626 1
      vertex 18.1035 15.1774 1
    endloop
  endfacet
  facet normal 0 0 1
    outer loop
      vertex 17.9432 15.2093 1
      vertex 17.9432 12.7307 1
      vertex 18.1035 12.7626 1
    endloop
  endfacet
  facet normal 0 0 1
    outer loop
      vertex 17.78 15.22 1
      vertex 17.9432 12.7307 1
      vertex 17.9432 15.2093 1
    endloop
  endfacet
  facet normal 0 0 1
    outer loop
      vertex 17.78 15.22 1
      vertex 17.78 12.72 1
      vertex 17.9432 12.7307 1
    endloop
  endfacet
  facet normal -0 0 1
    outer loop
      vertex 17.6168 15.2093 1
      vertex 17.78 12.72 1
      vertex 17.78 15.22 1
    endloop
  endfacet
  facet normal 0 0 1
    outer loop
      vertex 17.6168 15.2093 1
      vertex 17.6168 12.7307 1
      vertex 17.78 12.72 1
    endloop
  endfacet
  facet normal -0 0 1
    outer loop
      vertex 17.4565 15.1774 1
      vertex 17.6168 12.7307 1
      vertex 17.6168 15.2093 1
    endloop
  endfacet
  facet normal 0 0 1
    outer loop
      vertex 17.4565 15.1774 1
      vertex 17.4565 12.7626 1
      vertex 17.6168 12.7307 1
    endloop
  endfacet
  facet normal -0 0 1
    outer loop
      vertex 17.3016 15.1248 1
      vertex 17.4565 12.7626 1
      vertex 17.4565 15.1774 1
    endloop
  endfacet
  facet normal 0 0 1
    outer loop
      vertex 17.3016 15.1248 1
      vertex 17.3016 12.8152 1
      vertex 17.4565 12.7626 1
    endloop
  endfacet
  facet normal -0 0 1
    outer loop
      vertex 17.155 15.0525 1
      vertex 17.3016 12.8152 1
      vertex 17.3016 15.1248 1
    endloop
  endfacet
  facet normal 0 0 1
    outer loop
      vertex 17.155 15.0525 1
      vertex 17.155 12.8875 1
      vertex 17.3016 12.8152 1
    endloop
  endfacet
  facet normal -0 0 1
    outer loop
      vertex 17.019 14.9617 1
      vertex 17.155 12.8875 1
      vertex 17.155 15.0525 1
    endloop
  endfacet
  facet normal 0 0 1
    outer loop
      vertex 17.019 14.9617 1
      vertex 17.019 12.9783 1
      vertex 17.155 12.8875 1
    endloop
  endfacet
  facet normal -0 0 1
    outer loop
      vertex 16.8961 14.8539 1
      vertex 17.019 12.9783 1
      vertex 17.019 14.9617 1
    endloop
  endfacet
  facet normal 0 0 1
    outer loop
      vertex 16.8961 14.8539 1
      vertex 16.8961 13.0861 1
      vertex 17.019 12.9783 1
    endloop
  endfacet
  facet normal -0 0 1
    outer loop
      vertex 16.7883 14.731 1
      vertex 16.8961 13.0861 1
      vertex 16.8961 14.8539 1
    endloop
  endfacet
  facet normal 0 0 1
    outer loop
      vertex 16.7883 14.731 1
      vertex 16.7883 13.209 1
      vertex 16.8961 13.0861 1
    endloop
  endfacet
  facet normal -0 0 1
    outer loop
      vertex 16.6975 14.595 1
      vertex 16.7883 13.209 1
      vertex 16.7883 14.731 1
    endloop
  endfacet
  facet normal 0 0 1
    outer loop
      vertex 16.6975 14.595 1
      vertex 16.6975 13.345 1
      vertex 16.7883 13.209 1
    endloop
  endfacet
  facet normal -0 0 1
    outer loop
      vertex 16.6251 14.4484 1
      vertex 16.6975 13.345 1
      vertex 16.6975 14.595 1
    endloop
  endfacet
  facet normal 0 0 1
    outer loop
      vertex 16.6251 14.4484 1
      vertex 16.6251 13.4916 1
      vertex 16.6975 13.345 1
    endloop
  endfacet
  facet normal -0 0 1
    outer loop
      vertex 16.5726 14.2935 1
      vertex 16.6251 13.4916 1
      vertex 16.6251 14.4484 1
    endloop
  endfacet
  facet normal 0 0 1
    outer loop
      vertex 16.5726 14.2935 1
      vertex 16.5726 13.6465 1
      vertex 16.6251 13.4916 1
    endloop
  endfacet
  facet normal -0 0 1
    outer loop
      vertex 16.5407 14.1332 1
      vertex 16.5726 13.6465 1
      vertex 16.5726 14.2935 1
    endloop
  endfacet
  facet normal 0 0 1
    outer loop
      vertex 16.5407 14.1332 1
      vertex 16.5407 13.8068 1
      vertex 16.5726 13.6465 1
    endloop
  endfacet
  facet normal 0 -0 1
    outer loop
      vertex 16.5407 13.8068 1
      vertex 16.5407 14.1332 1
      vertex 16.53 13.97 1
    endloop
  endfacet
  facet normal -0.946896 -0.321541 -4.40041e-18
    outer loop
      vertex 18.9874 14.2935 1
      vertex 18.9348 14.4484 1.5
      vertex 18.9348 14.4484 1
    endloop
  endfacet
  facet normal -0.946896 -0.321541 -4.40041e-18
    outer loop
      vertex 18.9348 14.4484 1.5
      vertex 18.9874 14.2935 1
      vertex 18.9874 14.2935 1.5
    endloop
  endfacet
  facet normal 0.442313 0.896861 -0
    outer loop
      vertex 17.3016 12.8152 1
      vertex 17.155 12.8875 1.5
      vertex 17.3016 12.8152 1.5
    endloop
  endfacet
  facet normal 0.442313 0.896861 0
    outer loop
      vertex 17.155 12.8875 1.5
      vertex 17.3016 12.8152 1
      vertex 17.155 12.8875 1
    endloop
  endfacet
  facet normal 0.980768 -0.195175 3.48271e-18
    outer loop
      vertex 16.5407 14.1332 1.5
      vertex 16.5726 14.2935 1
      vertex 16.5726 14.2935 1.5
    endloop
  endfacet
  facet normal 0.980768 -0.195175 3.48271e-18
    outer loop
      vertex 16.5726 14.2935 1
      vertex 16.5407 14.1332 1.5
      vertex 16.5407 14.1332 1
    endloop
  endfacet
  facet normal 0.831674 0.555265 -9.93327e-18
    outer loop
      vertex 16.7883 13.209 1.5
      vertex 16.6975 13.345 1
      vertex 16.6975 13.345 1.5
    endloop
  endfacet
  facet normal 0.831674 0.555265 -9.93327e-18
    outer loop
      vertex 16.6975 13.345 1
      vertex 16.7883 13.209 1.5
      vertex 16.7883 13.209 1
    endloop
  endfacet
  facet normal -0.75178 -0.659414 -1.0784e-18
    outer loop
      vertex 18.7717 14.731 1
      vertex 18.6639 14.8539 1.5
      vertex 18.6639 14.8539 1
    endloop
  endfacet
  facet normal -0.75178 -0.659414 -1.0784e-18
    outer loop
      vertex 18.6639 14.8539 1.5
      vertex 18.7717 14.731 1
      vertex 18.7717 14.731 1.5
    endloop
  endfacet
  facet normal 0.0654233 0.997858 -0
    outer loop
      vertex 17.78 12.72 1
      vertex 17.6168 12.7307 1.5
      vertex 17.78 12.72 1.5
    endloop
  endfacet
  facet normal 0.0654233 0.997858 0
    outer loop
      vertex 17.6168 12.7307 1.5
      vertex 17.78 12.72 1
      vertex 17.6168 12.7307 1
    endloop
  endfacet
  facet normal 0.659414 -0.75178 0
    outer loop
      vertex 16.8961 14.8539 1
      vertex 17.019 14.9617 1.5
      vertex 16.8961 14.8539 1.5
    endloop
  endfacet
  facet normal 0.659414 -0.75178 0
    outer loop
      vertex 17.019 14.9617 1.5
      vertex 16.8961 14.8539 1
      vertex 17.019 14.9617 1
    endloop
  endfacet
  facet normal -0.0654233 -0.997858 0
    outer loop
      vertex 17.78 15.22 1
      vertex 17.9432 15.2093 1.5
      vertex 17.78 15.22 1.5
    endloop
  endfacet
  facet normal -0.0654233 -0.997858 -0
    outer loop
      vertex 17.9432 15.2093 1.5
      vertex 17.78 15.22 1
      vertex 17.9432 15.2093 1
    endloop
  endfacet
  facet normal 0.997858 -0.0654233 3.63063e-19
    outer loop
      vertex 16.53 13.97 1.5
      vertex 16.5407 14.1332 1
      vertex 16.5407 14.1332 1.5
    endloop
  endfacet
  facet normal 0.997858 -0.0654233 3.63063e-19
    outer loop
      vertex 16.5407 14.1332 1
      vertex 16.53 13.97 1.5
      vertex 16.53 13.97 1
    endloop
  endfacet
  facet normal 0.75178 0.659414 5.30537e-18
    outer loop
      vertex 16.8961 13.0861 1.5
      vertex 16.7883 13.209 1
      vertex 16.7883 13.209 1.5
    endloop
  endfacet
  facet normal 0.75178 0.659414 5.30537e-18
    outer loop
      vertex 16.7883 13.209 1
      vertex 16.8961 13.0861 1.5
      vertex 16.8961 13.0861 1
    endloop
  endfacet
  facet normal 0.555265 0.831674 -0
    outer loop
      vertex 17.155 12.8875 1
      vertex 17.019 12.9783 1.5
      vertex 17.155 12.8875 1.5
    endloop
  endfacet
  facet normal 0.555265 0.831674 0
    outer loop
      vertex 17.019 12.9783 1.5
      vertex 17.155 12.8875 1
      vertex 17.019 12.9783 1
    endloop
  endfacet
  facet normal 0.947082 0.320993 4.74079e-18
    outer loop
      vertex 16.6251 13.4916 1.5
      vertex 16.5726 13.6465 1
      vertex 16.5726 13.6465 1.5
    endloop
  endfacet
  facet normal 0.947082 0.320993 4.74079e-18
    outer loop
      vertex 16.5726 13.6465 1
      vertex 16.6251 13.4916 1.5
      vertex 16.6251 13.4916 1
    endloop
  endfacet
  facet normal 0.997858 0.0654233 -3.63063e-19
    outer loop
      vertex 16.5407 13.8068 1.5
      vertex 16.53 13.97 1
      vertex 16.53 13.97 1.5
    endloop
  endfacet
  facet normal 0.997858 0.0654233 -3.63063e-19
    outer loop
      vertex 16.53 13.97 1
      vertex 16.5407 13.8068 1.5
      vertex 16.5407 13.8068 1
    endloop
  endfacet
  facet normal 0.947082 -0.320993 -4.74079e-18
    outer loop
      vertex 16.5726 14.2935 1.5
      vertex 16.6251 14.4484 1
      vertex 16.6251 14.4484 1.5
    endloop
  endfacet
  facet normal 0.947082 -0.320993 -4.74079e-18
    outer loop
      vertex 16.6251 14.4484 1
      vertex 16.5726 14.2935 1.5
      vertex 16.5726 14.2935 1
    endloop
  endfacet
  facet normal -0.659414 0.75178 0
    outer loop
      vertex 18.6639 13.0861 1
      vertex 18.541 12.9783 1.5
      vertex 18.6639 13.0861 1.5
    endloop
  endfacet
  facet normal -0.659414 0.75178 0
    outer loop
      vertex 18.541 12.9783 1.5
      vertex 18.6639 13.0861 1
      vertex 18.541 12.9783 1
    endloop
  endfacet
  facet normal 0.896618 -0.442805 3.04979e-18
    outer loop
      vertex 16.6251 14.4484 1.5
      vertex 16.6975 14.595 1
      vertex 16.6975 14.595 1.5
    endloop
  endfacet
  facet normal 0.896618 -0.442805 3.04979e-18
    outer loop
      vertex 16.6975 14.595 1
      vertex 16.6251 14.4484 1.5
      vertex 16.6251 14.4484 1
    endloop
  endfacet
  facet normal -0.195165 0.98077 0
    outer loop
      vertex 24.26 -14.1521 0
      vertex 24.0419 -14.1955 10.6
      vertex 24.26 -14.1521 10.6
    endloop
  endfacet
  facet normal -0.195165 0.98077 0
    outer loop
      vertex 24.0419 -14.1955 10.6
      vertex 24.26 -14.1521 0
      vertex 24.0419 -14.1955 0
    endloop
  endfacet
  facet normal -0.98077 -0.195165 -1.29963e-19
    outer loop
      vertex 25.5055 -12.2881 0
      vertex 25.4621 -12.07 10.6
      vertex 25.4621 -12.07 0
    endloop
  endfacet
  facet normal -0.98077 -0.195165 -1.29963e-19
    outer loop
      vertex 25.4621 -12.07 10.6
      vertex 25.5055 -12.2881 0
      vertex 25.5055 -12.2881 10.6
    endloop
  endfacet
  facet normal -0.997872 -0.0652057 -6.84317e-20
    outer loop
      vertex 25.52 -12.51 0
      vertex 25.5055 -12.2881 10.6
      vertex 25.5055 -12.2881 0
    endloop
  endfacet
  facet normal -0.997872 -0.0652057 -6.84317e-20
    outer loop
      vertex 25.5055 -12.2881 10.6
      vertex 25.52 -12.51 0
      vertex 25.52 -12.51 10.6
    endloop
  endfacet
  facet normal -0.98077 0.195165 1.29963e-19
    outer loop
      vertex 25.4621 -12.95 0
      vertex 25.5055 -12.7319 10.6
      vertex 25.5055 -12.7319 0
    endloop
  endfacet
  facet normal -0.98077 0.195165 1.29963e-19
    outer loop
      vertex 25.5055 -12.7319 10.6
      vertex 25.4621 -12.95 0
      vertex 25.4621 -12.95 10.6
    endloop
  endfacet
  facet normal 0.997872 0.0652057 -6.84317e-20
    outer loop
      vertex 22.1345 -12.7319 10.6
      vertex 22.12 -12.51 0
      vertex 22.12 -12.51 10.6
    endloop
  endfacet
  facet normal 0.997872 0.0652057 -6.84317e-20
    outer loop
      vertex 22.12 -12.51 0
      vertex 22.1345 -12.7319 10.6
      vertex 22.1345 -12.7319 0
    endloop
  endfacet
  facet normal 0.751908 -0.659268 -1.3555e-19
    outer loop
      vertex 22.4713 -11.4751 10.6
      vertex 22.6179 -11.3079 0
      vertex 22.6179 -11.3079 10.6
    endloop
  endfacet
  facet normal 0.751908 -0.659268 -1.3555e-19
    outer loop
      vertex 22.6179 -11.3079 0
      vertex 22.4713 -11.4751 10.6
      vertex 22.4713 -11.4751 0
    endloop
  endfacet
  facet normal -0.896754 0.44253 -2.89324e-19
    outer loop
      vertex 25.2922 -13.36 0
      vertex 25.3906 -13.1606 10.6
      vertex 25.3906 -13.1606 0
    endloop
  endfacet
  facet normal -0.896754 0.44253 -2.89324e-19
    outer loop
      vertex 25.3906 -13.1606 10.6
      vertex 25.2922 -13.36 0
      vertex 25.2922 -13.36 10.6
    endloop
  endfacet
  facet normal -0.321484 -0.946915 0
    outer loop
      vertex 24.26 -10.8679 0
      vertex 24.4706 -10.9394 10.6
      vertex 24.26 -10.8679 10.6
    endloop
  endfacet
  facet normal -0.321484 -0.946915 -0
    outer loop
      vertex 24.4706 -10.9394 10.6
      vertex 24.26 -10.8679 0
      vertex 24.4706 -10.9394 0
    endloop
  endfacet
  facet normal 0.321484 -0.946915 0
    outer loop
      vertex 23.1694 -10.9394 0
      vertex 23.38 -10.8679 10.6
      vertex 23.1694 -10.9394 10.6
    endloop
  endfacet
  facet normal 0.321484 -0.946915 0
    outer loop
      vertex 23.38 -10.8679 10.6
      vertex 23.1694 -10.9394 0
      vertex 23.38 -10.8679 0
    endloop
  endfacet
  facet normal -0.659268 -0.751908 0
    outer loop
      vertex 24.8549 -11.1613 0
      vertex 25.0221 -11.3079 10.6
      vertex 24.8549 -11.1613 10.6
    endloop
  endfacet
  facet normal -0.659268 -0.751908 -0
    outer loop
      vertex 25.0221 -11.3079 10.6
      vertex 24.8549 -11.1613 0
      vertex 25.0221 -11.3079 0
    endloop
  endfacet
  facet normal 0.0652057 0.997872 -0
    outer loop
      vertex 23.82 -14.21 0
      vertex 23.5981 -14.1955 10.6
      vertex 23.82 -14.21 10.6
    endloop
  endfacet
  facet normal 0.0652057 0.997872 0
    outer loop
      vertex 23.5981 -14.1955 10.6
      vertex 23.82 -14.21 0
      vertex 23.5981 -14.1955 0
    endloop
  endfacet
  facet normal -0.831566 0.555426 5.92633e-19
    outer loop
      vertex 25.1687 -13.5449 0
      vertex 25.2922 -13.36 10.6
      vertex 25.2922 -13.36 0
    endloop
  endfacet
  facet normal -0.831566 0.555426 5.92633e-19
    outer loop
      vertex 25.2922 -13.36 10.6
      vertex 25.1687 -13.5449 0
      vertex 25.1687 -13.5449 10.6
    endloop
  endfacet
  facet normal -0.946915 0.321484 -2.43085e-19
    outer loop
      vertex 25.3906 -13.1606 0
      vertex 25.4621 -12.95 10.6
      vertex 25.4621 -12.95 0
    endloop
  endfacet
  facet normal -0.946915 0.321484 -2.43085e-19
    outer loop
      vertex 25.4621 -12.95 10.6
      vertex 25.3906 -13.1606 0
      vertex 25.3906 -13.1606 10.6
    endloop
  endfacet
  facet normal 0.896754 0.44253 2.89324e-19
    outer loop
      vertex 22.3478 -13.36 10.6
      vertex 22.2494 -13.1606 0
      vertex 22.2494 -13.1606 10.6
    endloop
  endfacet
  facet normal 0.896754 0.44253 2.89324e-19
    outer loop
      vertex 22.2494 -13.1606 0
      vertex 22.3478 -13.36 10.6
      vertex 22.3478 -13.36 0
    endloop
  endfacet
  facet normal 0.751908 0.659268 1.3555e-19
    outer loop
      vertex 22.6179 -13.7121 10.6
      vertex 22.4713 -13.5449 0
      vertex 22.4713 -13.5449 10.6
    endloop
  endfacet
  facet normal 0.751908 0.659268 1.3555e-19
    outer loop
      vertex 22.4713 -13.5449 0
      vertex 22.6179 -13.7121 10.6
      vertex 22.6179 -13.7121 0
    endloop
  endfacet
  facet normal 0.98077 0.195165 -1.29963e-19
    outer loop
      vertex 22.1779 -12.95 10.6
      vertex 22.1345 -12.7319 0
      vertex 22.1345 -12.7319 10.6
    endloop
  endfacet
  facet normal 0.98077 0.195165 -1.29963e-19
    outer loop
      vertex 22.1345 -12.7319 0
      vertex 22.1779 -12.95 10.6
      vertex 22.1779 -12.95 0
    endloop
  endfacet
  facet normal 0.44253 0.896754 -0
    outer loop
      vertex 23.1694 -14.0806 0
      vertex 22.97 -13.9822 10.6
      vertex 23.1694 -14.0806 10.6
    endloop
  endfacet
  facet normal 0.44253 0.896754 0
    outer loop
      vertex 22.97 -13.9822 10.6
      vertex 23.1694 -14.0806 0
      vertex 22.97 -13.9822 0
    endloop
  endfacet
  facet normal -0.751908 0.659268 1.77674e-19
    outer loop
      vertex 25.0221 -13.7121 0
      vertex 25.1687 -13.5449 10.6
      vertex 25.1687 -13.5449 0
    endloop
  endfacet
  facet normal -0.751908 0.659268 1.77674e-19
    outer loop
      vertex 25.1687 -13.5449 10.6
      vertex 25.0221 -13.7121 0
      vertex 25.0221 -13.7121 10.6
    endloop
  endfacet
  facet normal 0.555426 -0.831566 0
    outer loop
      vertex 22.7851 -11.1613 0
      vertex 22.97 -11.0378 10.6
      vertex 22.7851 -11.1613 10.6
    endloop
  endfacet
  facet normal 0.555426 -0.831566 0
    outer loop
      vertex 22.97 -11.0378 10.6
      vertex 22.7851 -11.1613 0
      vertex 22.97 -11.0378 0
    endloop
  endfacet
  facet normal -0.44253 -0.896754 0
    outer loop
      vertex 24.4706 -10.9394 0
      vertex 24.67 -11.0378 10.6
      vertex 24.4706 -10.9394 10.6
    endloop
  endfacet
  facet normal -0.44253 -0.896754 -0
    outer loop
      vertex 24.67 -11.0378 10.6
      vertex 24.4706 -10.9394 0
      vertex 24.67 -11.0378 0
    endloop
  endfacet
  facet normal -0.997872 0.0652057 6.84317e-20
    outer loop
      vertex 25.5055 -12.7319 0
      vertex 25.52 -12.51 10.6
      vertex 25.52 -12.51 0
    endloop
  endfacet
  facet normal -0.997872 0.0652057 6.84317e-20
    outer loop
      vertex 25.52 -12.51 10.6
      vertex 25.5055 -12.7319 0
      vertex 25.5055 -12.7319 10.6
    endloop
  endfacet
  facet normal 0.946915 0.321484 2.43085e-19
    outer loop
      vertex 22.2494 -13.1606 10.6
      vertex 22.1779 -12.95 0
      vertex 22.1779 -12.95 10.6
    endloop
  endfacet
  facet normal 0.946915 0.321484 2.43085e-19
    outer loop
      vertex 22.1779 -12.95 0
      vertex 22.2494 -13.1606 10.6
      vertex 22.2494 -13.1606 0
    endloop
  endfacet
  facet normal -0.555426 -0.831566 0
    outer loop
      vertex 24.67 -11.0378 0
      vertex 24.8549 -11.1613 10.6
      vertex 24.67 -11.0378 10.6
    endloop
  endfacet
  facet normal -0.555426 -0.831566 -0
    outer loop
      vertex 24.8549 -11.1613 10.6
      vertex 24.67 -11.0378 0
      vertex 24.8549 -11.1613 0
    endloop
  endfacet
  facet normal 0.555426 0.831566 -0
    outer loop
      vertex 22.97 -13.9822 0
      vertex 22.7851 -13.8587 10.6
      vertex 22.97 -13.9822 10.6
    endloop
  endfacet
  facet normal 0.555426 0.831566 0
    outer loop
      vertex 22.7851 -13.8587 10.6
      vertex 22.97 -13.9822 0
      vertex 22.7851 -13.8587 0
    endloop
  endfacet
  facet normal -0.831566 -0.555426 -5.92633e-19
    outer loop
      vertex 25.2922 -11.66 0
      vertex 25.1687 -11.4751 10.6
      vertex 25.1687 -11.4751 0
    endloop
  endfacet
  facet normal -0.831566 -0.555426 -5.92633e-19
    outer loop
      vertex 25.1687 -11.4751 10.6
      vertex 25.2922 -11.66 0
      vertex 25.2922 -11.66 10.6
    endloop
  endfacet
  facet normal 0.997872 -0.0652057 6.84317e-20
    outer loop
      vertex 22.12 -12.51 10.6
      vertex 22.1345 -12.2881 0
      vertex 22.1345 -12.2881 10.6
    endloop
  endfacet
  facet normal 0.997872 -0.0652057 6.84317e-20
    outer loop
      vertex 22.1345 -12.2881 0
      vertex 22.12 -12.51 10.6
      vertex 22.12 -12.51 0
    endloop
  endfacet
  facet normal 0.195165 -0.98077 0
    outer loop
      vertex 23.38 -10.8679 0
      vertex 23.5981 -10.8245 10.6
      vertex 23.38 -10.8679 10.6
    endloop
  endfacet
  facet normal 0.195165 -0.98077 0
    outer loop
      vertex 23.5981 -10.8245 10.6
      vertex 23.38 -10.8679 0
      vertex 23.5981 -10.8245 0
    endloop
  endfacet
  facet normal -0.896754 -0.44253 -2.71206e-19
    outer loop
      vertex 25.3906 -11.8594 0
      vertex 25.2922 -11.66 10.6
      vertex 25.2922 -11.66 0
    endloop
  endfacet
  facet normal -0.896754 -0.44253 -2.71206e-19
    outer loop
      vertex 25.2922 -11.66 10.6
      vertex 25.3906 -11.8594 0
      vertex 25.3906 -11.8594 10.6
    endloop
  endfacet
  facet normal -0.195165 -0.98077 0
    outer loop
      vertex 24.0419 -10.8245 0
      vertex 24.26 -10.8679 10.6
      vertex 24.0419 -10.8245 10.6
    endloop
  endfacet
  facet normal -0.195165 -0.98077 -0
    outer loop
      vertex 24.26 -10.8679 10.6
      vertex 24.0419 -10.8245 0
      vertex 24.26 -10.8679 0
    endloop
  endfacet
  facet normal 0.896754 -0.44253 2.71206e-19
    outer loop
      vertex 22.2494 -11.8594 10.6
      vertex 22.3478 -11.66 0
      vertex 22.3478 -11.66 10.6
    endloop
  endfacet
  facet normal 0.896754 -0.44253 2.71206e-19
    outer loop
      vertex 22.3478 -11.66 0
      vertex 22.2494 -11.8594 10.6
      vertex 22.2494 -11.8594 0
    endloop
  endfacet
  facet normal 0.659268 0.751908 -0
    outer loop
      vertex 22.7851 -13.8587 0
      vertex 22.6179 -13.7121 10.6
      vertex 22.7851 -13.8587 10.6
    endloop
  endfacet
  facet normal 0.659268 0.751908 0
    outer loop
      vertex 22.6179 -13.7121 10.6
      vertex 22.7851 -13.8587 0
      vertex 22.6179 -13.7121 0
    endloop
  endfacet
  facet normal -0.659268 0.751908 0
    outer loop
      vertex 25.0221 -13.7121 0
      vertex 24.8549 -13.8587 10.6
      vertex 25.0221 -13.7121 10.6
    endloop
  endfacet
  facet normal -0.659268 0.751908 0
    outer loop
      vertex 24.8549 -13.8587 10.6
      vertex 25.0221 -13.7121 0
      vertex 24.8549 -13.8587 0
    endloop
  endfacet
  facet normal -0.555426 0.831566 0
    outer loop
      vertex 24.8549 -13.8587 0
      vertex 24.67 -13.9822 10.6
      vertex 24.8549 -13.8587 10.6
    endloop
  endfacet
  facet normal -0.555426 0.831566 0
    outer loop
      vertex 24.67 -13.9822 10.6
      vertex 24.8549 -13.8587 0
      vertex 24.67 -13.9822 0
    endloop
  endfacet
  facet normal -0.0652057 0.997872 0
    outer loop
      vertex 24.0419 -14.1955 0
      vertex 23.82 -14.21 10.6
      vertex 24.0419 -14.1955 10.6
    endloop
  endfacet
  facet normal -0.0652057 0.997872 0
    outer loop
      vertex 23.82 -14.21 10.6
      vertex 24.0419 -14.1955 0
      vertex 23.82 -14.21 0
    endloop
  endfacet
  facet normal 0.831566 0.555426 -5.92633e-19
    outer loop
      vertex 22.4713 -13.5449 10.6
      vertex 22.3478 -13.36 0
      vertex 22.3478 -13.36 10.6
    endloop
  endfacet
  facet normal 0.831566 0.555426 -5.92633e-19
    outer loop
      vertex 22.3478 -13.36 0
      vertex 22.4713 -13.5449 10.6
      vertex 22.4713 -13.5449 0
    endloop
  endfacet
  facet normal 0.98077 -0.195165 1.29963e-19
    outer loop
      vertex 22.1345 -12.2881 10.6
      vertex 22.1779 -12.07 0
      vertex 22.1779 -12.07 10.6
    endloop
  endfacet
  facet normal 0.98077 -0.195165 1.29963e-19
    outer loop
      vertex 22.1779 -12.07 0
      vertex 22.1345 -12.2881 10.6
      vertex 22.1345 -12.2881 0
    endloop
  endfacet
  facet normal -0.751908 -0.659268 -1.77674e-19
    outer loop
      vertex 25.1687 -11.4751 0
      vertex 25.0221 -11.3079 10.6
      vertex 25.0221 -11.3079 0
    endloop
  endfacet
  facet normal -0.751908 -0.659268 -1.77674e-19
    outer loop
      vertex 25.0221 -11.3079 10.6
      vertex 25.1687 -11.4751 0
      vertex 25.1687 -11.4751 10.6
    endloop
  endfacet
  facet normal -0.946915 -0.321484 -3.33805e-19
    outer loop
      vertex 25.4621 -12.07 0
      vertex 25.3906 -11.8594 10.6
      vertex 25.3906 -11.8594 0
    endloop
  endfacet
  facet normal -0.946915 -0.321484 -3.33805e-19
    outer loop
      vertex 25.3906 -11.8594 10.6
      vertex 25.4621 -12.07 0
      vertex 25.4621 -12.07 10.6
    endloop
  endfacet
  facet normal 0.44253 -0.896754 0
    outer loop
      vertex 22.97 -11.0378 0
      vertex 23.1694 -10.9394 10.6
      vertex 22.97 -11.0378 10.6
    endloop
  endfacet
  facet normal 0.44253 -0.896754 0
    outer loop
      vertex 23.1694 -10.9394 10.6
      vertex 22.97 -11.0378 0
      vertex 23.1694 -10.9394 0
    endloop
  endfacet
  facet normal -0.0652057 -0.997872 0
    outer loop
      vertex 23.82 -10.81 0
      vertex 24.0419 -10.8245 10.6
      vertex 23.82 -10.81 10.6
    endloop
  endfacet
  facet normal -0.0652057 -0.997872 -0
    outer loop
      vertex 24.0419 -10.8245 10.6
      vertex 23.82 -10.81 0
      vertex 24.0419 -10.8245 0
    endloop
  endfacet
  facet normal -0.44253 0.896754 0
    outer loop
      vertex 24.67 -13.9822 0
      vertex 24.4706 -14.0806 10.6
      vertex 24.67 -13.9822 10.6
    endloop
  endfacet
  facet normal -0.44253 0.896754 0
    outer loop
      vertex 24.4706 -14.0806 10.6
      vertex 24.67 -13.9822 0
      vertex 24.4706 -14.0806 0
    endloop
  endfacet
  facet normal -0.321484 0.946915 0
    outer loop
      vertex 24.4706 -14.0806 0
      vertex 24.26 -14.1521 10.6
      vertex 24.4706 -14.0806 10.6
    endloop
  endfacet
  facet normal -0.321484 0.946915 0
    outer loop
      vertex 24.26 -14.1521 10.6
      vertex 24.4706 -14.0806 0
      vertex 24.26 -14.1521 0
    endloop
  endfacet
  facet normal 0.659268 -0.751908 0
    outer loop
      vertex 22.6179 -11.3079 0
      vertex 22.7851 -11.1613 10.6
      vertex 22.6179 -11.3079 10.6
    endloop
  endfacet
  facet normal 0.659268 -0.751908 0
    outer loop
      vertex 22.7851 -11.1613 10.6
      vertex 22.6179 -11.3079 0
      vertex 22.7851 -11.1613 0
    endloop
  endfacet
  facet normal 0.0652057 -0.997872 0
    outer loop
      vertex 23.5981 -10.8245 0
      vertex 23.82 -10.81 10.6
      vertex 23.5981 -10.8245 10.6
    endloop
  endfacet
  facet normal 0.0652057 -0.997872 0
    outer loop
      vertex 23.82 -10.81 10.6
      vertex 23.5981 -10.8245 0
      vertex 23.82 -10.81 0
    endloop
  endfacet
  facet normal 0.831566 -0.555426 5.92633e-19
    outer loop
      vertex 22.3478 -11.66 10.6
      vertex 22.4713 -11.4751 0
      vertex 22.4713 -11.4751 10.6
    endloop
  endfacet
  facet normal 0.831566 -0.555426 5.92633e-19
    outer loop
      vertex 22.4713 -11.4751 0
      vertex 22.3478 -11.66 10.6
      vertex 22.3478 -11.66 0
    endloop
  endfacet
  facet normal 0.946915 -0.321484 3.33805e-19
    outer loop
      vertex 22.1779 -12.07 10.6
      vertex 22.2494 -11.8594 0
      vertex 22.2494 -11.8594 10.6
    endloop
  endfacet
  facet normal 0.946915 -0.321484 3.33805e-19
    outer loop
      vertex 22.2494 -11.8594 0
      vertex 22.1779 -12.07 10.6
      vertex 22.1779 -12.07 0
    endloop
  endfacet
  facet normal 0.321484 0.946915 -0
    outer loop
      vertex 23.38 -14.1521 0
      vertex 23.1694 -14.0806 10.6
      vertex 23.38 -14.1521 10.6
    endloop
  endfacet
  facet normal 0.321484 0.946915 0
    outer loop
      vertex 23.1694 -14.0806 10.6
      vertex 23.38 -14.1521 0
      vertex 23.1694 -14.0806 0
    endloop
  endfacet
  facet normal 0.195165 0.98077 -0
    outer loop
      vertex 23.5981 -14.1955 0
      vertex 23.38 -14.1521 10.6
      vertex 23.5981 -14.1955 10.6
    endloop
  endfacet
  facet normal 0.195165 0.98077 0
    outer loop
      vertex 23.38 -14.1521 10.6
      vertex 23.5981 -14.1955 0
      vertex 23.38 -14.1521 0
    endloop
  endfacet
  facet normal -0.321484 -0.946915 0
    outer loop
      vertex -23.38 -10.8679 0
      vertex -23.1694 -10.9394 10.6
      vertex -23.38 -10.8679 10.6
    endloop
  endfacet
  facet normal -0.321484 -0.946915 -0
    outer loop
      vertex -23.1694 -10.9394 10.6
      vertex -23.38 -10.8679 0
      vertex -23.1694 -10.9394 0
    endloop
  endfacet
  facet normal -0.195165 0.98077 0
    outer loop
      vertex -23.38 -14.1521 0
      vertex -23.5981 -14.1955 10.6
      vertex -23.38 -14.1521 10.6
    endloop
  endfacet
  facet normal -0.195165 0.98077 0
    outer loop
      vertex -23.5981 -14.1955 10.6
      vertex -23.38 -14.1521 0
      vertex -23.5981 -14.1955 0
    endloop
  endfacet
  facet normal -0.98077 -0.195165 -1.29963e-19
    outer loop
      vertex -22.1345 -12.2881 0
      vertex -22.1779 -12.07 10.6
      vertex -22.1779 -12.07 0
    endloop
  endfacet
  facet normal -0.98077 -0.195165 -1.29963e-19
    outer loop
      vertex -22.1779 -12.07 10.6
      vertex -22.1345 -12.2881 0
      vertex -22.1345 -12.2881 10.6
    endloop
  endfacet
  facet normal -0.997872 -0.0652057 -6.84317e-20
    outer loop
      vertex -22.12 -12.51 0
      vertex -22.1345 -12.2881 10.6
      vertex -22.1345 -12.2881 0
    endloop
  endfacet
  facet normal -0.997872 -0.0652057 -6.84317e-20
    outer loop
      vertex -22.1345 -12.2881 10.6
      vertex -22.12 -12.51 0
      vertex -22.12 -12.51 10.6
    endloop
  endfacet
  facet normal -0.946915 -0.321484 -3.33805e-19
    outer loop
      vertex -22.1779 -12.07 0
      vertex -22.2494 -11.8594 10.6
      vertex -22.2494 -11.8594 0
    endloop
  endfacet
  facet normal -0.946915 -0.321484 -3.33805e-19
    outer loop
      vertex -22.2494 -11.8594 10.6
      vertex -22.1779 -12.07 0
      vertex -22.1779 -12.07 10.6
    endloop
  endfacet
  facet normal -0.98077 0.195165 1.29963e-19
    outer loop
      vertex -22.1779 -12.95 0
      vertex -22.1345 -12.7319 10.6
      vertex -22.1345 -12.7319 0
    endloop
  endfacet
  facet normal -0.98077 0.195165 1.29963e-19
    outer loop
      vertex -22.1345 -12.7319 10.6
      vertex -22.1779 -12.95 0
      vertex -22.1779 -12.95 10.6
    endloop
  endfacet
  facet normal 0.98077 0.195165 -1.29963e-19
    outer loop
      vertex -25.4621 -12.95 10.6
      vertex -25.5055 -12.7319 0
      vertex -25.5055 -12.7319 10.6
    endloop
  endfacet
  facet normal 0.98077 0.195165 -1.29963e-19
    outer loop
      vertex -25.5055 -12.7319 0
      vertex -25.4621 -12.95 10.6
      vertex -25.4621 -12.95 0
    endloop
  endfacet
  facet normal -0.896754 -0.44253 -2.71206e-19
    outer loop
      vertex -22.2494 -11.8594 0
      vertex -22.3478 -11.66 10.6
      vertex -22.3478 -11.66 0
    endloop
  endfacet
  facet normal -0.896754 -0.44253 -2.71206e-19
    outer loop
      vertex -22.3478 -11.66 10.6
      vertex -22.2494 -11.8594 0
      vertex -22.2494 -11.8594 10.6
    endloop
  endfacet
  facet normal -0.659268 -0.751908 0
    outer loop
      vertex -22.7851 -11.1613 0
      vertex -22.6179 -11.3079 10.6
      vertex -22.7851 -11.1613 10.6
    endloop
  endfacet
  facet normal -0.659268 -0.751908 -0
    outer loop
      vertex -22.6179 -11.3079 10.6
      vertex -22.7851 -11.1613 0
      vertex -22.6179 -11.3079 0
    endloop
  endfacet
  facet normal 0.321484 -0.946915 0
    outer loop
      vertex -24.4706 -10.9394 0
      vertex -24.26 -10.8679 10.6
      vertex -24.4706 -10.9394 10.6
    endloop
  endfacet
  facet normal 0.321484 -0.946915 0
    outer loop
      vertex -24.26 -10.8679 10.6
      vertex -24.4706 -10.9394 0
      vertex -24.26 -10.8679 0
    endloop
  endfacet
  facet normal -0.44253 -0.896754 0
    outer loop
      vertex -23.1694 -10.9394 0
      vertex -22.97 -11.0378 10.6
      vertex -23.1694 -10.9394 10.6
    endloop
  endfacet
  facet normal -0.44253 -0.896754 -0
    outer loop
      vertex -22.97 -11.0378 10.6
      vertex -23.1694 -10.9394 0
      vertex -22.97 -11.0378 0
    endloop
  endfacet
  facet normal 0.321484 0.946915 -0
    outer loop
      vertex -24.26 -14.1521 0
      vertex -24.4706 -14.0806 10.6
      vertex -24.26 -14.1521 10.6
    endloop
  endfacet
  facet normal 0.321484 0.946915 0
    outer loop
      vertex -24.4706 -14.0806 10.6
      vertex -24.26 -14.1521 0
      vertex -24.4706 -14.0806 0
    endloop
  endfacet
  facet normal -0.831566 -0.555426 -5.92633e-19
    outer loop
      vertex -22.3478 -11.66 0
      vertex -22.4713 -11.4751 10.6
      vertex -22.4713 -11.4751 0
    endloop
  endfacet
  facet normal -0.831566 -0.555426 -5.92633e-19
    outer loop
      vertex -22.4713 -11.4751 10.6
      vertex -22.3478 -11.66 0
      vertex -22.3478 -11.66 10.6
    endloop
  endfacet
  facet normal -0.555426 0.831566 0
    outer loop
      vertex -22.7851 -13.8587 0
      vertex -22.97 -13.9822 10.6
      vertex -22.7851 -13.8587 10.6
    endloop
  endfacet
  facet normal -0.555426 0.831566 0
    outer loop
      vertex -22.97 -13.9822 10.6
      vertex -22.7851 -13.8587 0
      vertex -22.97 -13.9822 0
    endloop
  endfacet
  facet normal 0.831566 0.555426 -5.92633e-19
    outer loop
      vertex -25.1687 -13.5449 10.6
      vertex -25.2922 -13.36 0
      vertex -25.2922 -13.36 10.6
    endloop
  endfacet
  facet normal 0.831566 0.555426 -5.92633e-19
    outer loop
      vertex -25.2922 -13.36 0
      vertex -25.1687 -13.5449 10.6
      vertex -25.1687 -13.5449 0
    endloop
  endfacet
  facet normal 0.659268 0.751908 -0
    outer loop
      vertex -24.8549 -13.8587 0
      vertex -25.0221 -13.7121 10.6
      vertex -24.8549 -13.8587 10.6
    endloop
  endfacet
  facet normal 0.659268 0.751908 0
    outer loop
      vertex -25.0221 -13.7121 10.6
      vertex -24.8549 -13.8587 0
      vertex -25.0221 -13.7121 0
    endloop
  endfacet
  facet normal -0.831566 0.555426 5.92633e-19
    outer loop
      vertex -22.4713 -13.5449 0
      vertex -22.3478 -13.36 10.6
      vertex -22.3478 -13.36 0
    endloop
  endfacet
  facet normal -0.831566 0.555426 5.92633e-19
    outer loop
      vertex -22.3478 -13.36 10.6
      vertex -22.4713 -13.5449 0
      vertex -22.4713 -13.5449 10.6
    endloop
  endfacet
  facet normal -0.896754 0.44253 -2.89324e-19
    outer loop
      vertex -22.3478 -13.36 0
      vertex -22.2494 -13.1606 10.6
      vertex -22.2494 -13.1606 0
    endloop
  endfacet
  facet normal -0.896754 0.44253 -2.89324e-19
    outer loop
      vertex -22.2494 -13.1606 10.6
      vertex -22.3478 -13.36 0
      vertex -22.3478 -13.36 10.6
    endloop
  endfacet
  facet normal 0.946915 -0.321484 3.33805e-19
    outer loop
      vertex -25.4621 -12.07 10.6
      vertex -25.3906 -11.8594 0
      vertex -25.3906 -11.8594 10.6
    endloop
  endfacet
  facet normal 0.946915 -0.321484 3.33805e-19
    outer loop
      vertex -25.3906 -11.8594 0
      vertex -25.4621 -12.07 10.6
      vertex -25.4621 -12.07 0
    endloop
  endfacet
  facet normal -0.751908 -0.659268 1.3555e-19
    outer loop
      vertex -22.4713 -11.4751 0
      vertex -22.6179 -11.3079 10.6
      vertex -22.6179 -11.3079 0
    endloop
  endfacet
  facet normal -0.751908 -0.659268 1.3555e-19
    outer loop
      vertex -22.6179 -11.3079 10.6
      vertex -22.4713 -11.4751 0
      vertex -22.4713 -11.4751 10.6
    endloop
  endfacet
  facet normal -0.751908 0.659268 -1.3555e-19
    outer loop
      vertex -22.6179 -13.7121 0
      vertex -22.4713 -13.5449 10.6
      vertex -22.4713 -13.5449 0
    endloop
  endfacet
  facet normal -0.751908 0.659268 -1.3555e-19
    outer loop
      vertex -22.4713 -13.5449 10.6
      vertex -22.6179 -13.7121 0
      vertex -22.6179 -13.7121 10.6
    endloop
  endfacet
  facet normal -0.997872 0.0652057 6.84317e-20
    outer loop
      vertex -22.1345 -12.7319 0
      vertex -22.12 -12.51 10.6
      vertex -22.12 -12.51 0
    endloop
  endfacet
  facet normal -0.997872 0.0652057 6.84317e-20
    outer loop
      vertex -22.12 -12.51 10.6
      vertex -22.1345 -12.7319 0
      vertex -22.1345 -12.7319 10.6
    endloop
  endfacet
  facet normal 0.44253 -0.896754 0
    outer loop
      vertex -24.67 -11.0378 0
      vertex -24.4706 -10.9394 10.6
      vertex -24.67 -11.0378 10.6
    endloop
  endfacet
  facet normal 0.44253 -0.896754 0
    outer loop
      vertex -24.4706 -10.9394 10.6
      vertex -24.67 -11.0378 0
      vertex -24.4706 -10.9394 0
    endloop
  endfacet
  facet normal 0.751908 -0.659268 1.77674e-19
    outer loop
      vertex -25.1687 -11.4751 10.6
      vertex -25.0221 -11.3079 0
      vertex -25.0221 -11.3079 10.6
    endloop
  endfacet
  facet normal 0.751908 -0.659268 1.77674e-19
    outer loop
      vertex -25.0221 -11.3079 0
      vertex -25.1687 -11.4751 10.6
      vertex -25.1687 -11.4751 0
    endloop
  endfacet
  facet normal -0.44253 0.896754 0
    outer loop
      vertex -22.97 -13.9822 0
      vertex -23.1694 -14.0806 10.6
      vertex -22.97 -13.9822 10.6
    endloop
  endfacet
  facet normal -0.44253 0.896754 0
    outer loop
      vertex -23.1694 -14.0806 10.6
      vertex -22.97 -13.9822 0
      vertex -23.1694 -14.0806 0
    endloop
  endfacet
  facet normal 0.555426 0.831566 -0
    outer loop
      vertex -24.67 -13.9822 0
      vertex -24.8549 -13.8587 10.6
      vertex -24.67 -13.9822 10.6
    endloop
  endfacet
  facet normal 0.555426 0.831566 0
    outer loop
      vertex -24.8549 -13.8587 10.6
      vertex -24.67 -13.9822 0
      vertex -24.8549 -13.8587 0
    endloop
  endfacet
  facet normal -0.0652057 0.997872 0
    outer loop
      vertex -23.5981 -14.1955 0
      vertex -23.82 -14.21 10.6
      vertex -23.5981 -14.1955 10.6
    endloop
  endfacet
  facet normal -0.0652057 0.997872 0
    outer loop
      vertex -23.82 -14.21 10.6
      vertex -23.5981 -14.1955 0
      vertex -23.82 -14.21 0
    endloop
  endfacet
  facet normal -0.555426 -0.831566 0
    outer loop
      vertex -22.97 -11.0378 0
      vertex -22.7851 -11.1613 10.6
      vertex -22.97 -11.0378 10.6
    endloop
  endfacet
  facet normal -0.555426 -0.831566 -0
    outer loop
      vertex -22.7851 -11.1613 10.6
      vertex -22.97 -11.0378 0
      vertex -22.7851 -11.1613 0
    endloop
  endfacet
  facet normal -0.946915 0.321484 -2.43085e-19
    outer loop
      vertex -22.2494 -13.1606 0
      vertex -22.1779 -12.95 10.6
      vertex -22.1779 -12.95 0
    endloop
  endfacet
  facet normal -0.946915 0.321484 -2.43085e-19
    outer loop
      vertex -22.1779 -12.95 10.6
      vertex -22.2494 -13.1606 0
      vertex -22.2494 -13.1606 10.6
    endloop
  endfacet
  facet normal 0.946915 0.321484 2.43085e-19
    outer loop
      vertex -25.3906 -13.1606 10.6
      vertex -25.4621 -12.95 0
      vertex -25.4621 -12.95 10.6
    endloop
  endfacet
  facet normal 0.946915 0.321484 2.43085e-19
    outer loop
      vertex -25.4621 -12.95 0
      vertex -25.3906 -13.1606 10.6
      vertex -25.3906 -13.1606 0
    endloop
  endfacet
  facet normal 0.195165 -0.98077 0
    outer loop
      vertex -24.26 -10.8679 0
      vertex -24.0419 -10.8245 10.6
      vertex -24.26 -10.8679 10.6
    endloop
  endfacet
  facet normal 0.195165 -0.98077 0
    outer loop
      vertex -24.0419 -10.8245 10.6
      vertex -24.26 -10.8679 0
      vertex -24.0419 -10.8245 0
    endloop
  endfacet
  facet normal 0.997872 -0.0652057 6.84317e-20
    outer loop
      vertex -25.52 -12.51 10.6
      vertex -25.5055 -12.2881 0
      vertex -25.5055 -12.2881 10.6
    endloop
  endfacet
  facet normal 0.997872 -0.0652057 6.84317e-20
    outer loop
      vertex -25.5055 -12.2881 0
      vertex -25.52 -12.51 10.6
      vertex -25.52 -12.51 0
    endloop
  endfacet
  facet normal -0.659268 0.751908 0
    outer loop
      vertex -22.6179 -13.7121 0
      vertex -22.7851 -13.8587 10.6
      vertex -22.6179 -13.7121 10.6
    endloop
  endfacet
  facet normal -0.659268 0.751908 0
    outer loop
      vertex -22.7851 -13.8587 10.6
      vertex -22.6179 -13.7121 0
      vertex -22.7851 -13.8587 0
    endloop
  endfacet
  facet normal 0.751908 0.659268 -1.77674e-19
    outer loop
      vertex -25.0221 -13.7121 10.6
      vertex -25.1687 -13.5449 0
      vertex -25.1687 -13.5449 10.6
    endloop
  endfacet
  facet normal 0.751908 0.659268 -1.77674e-19
    outer loop
      vertex -25.1687 -13.5449 0
      vertex -25.0221 -13.7121 10.6
      vertex -25.0221 -13.7121 0
    endloop
  endfacet
  facet normal 0.659268 -0.751908 0
    outer loop
      vertex -25.0221 -11.3079 0
      vertex -24.8549 -11.1613 10.6
      vertex -25.0221 -11.3079 10.6
    endloop
  endfacet
  facet normal 0.659268 -0.751908 0
    outer loop
      vertex -24.8549 -11.1613 10.6
      vertex -25.0221 -11.3079 0
      vertex -24.8549 -11.1613 0
    endloop
  endfacet
  facet normal -0.195165 -0.98077 0
    outer loop
      vertex -23.5981 -10.8245 0
      vertex -23.38 -10.8679 10.6
      vertex -23.5981 -10.8245 10.6
    endloop
  endfacet
  facet normal -0.195165 -0.98077 -0
    outer loop
      vertex -23.38 -10.8679 10.6
      vertex -23.5981 -10.8245 0
      vertex -23.38 -10.8679 0
    endloop
  endfacet
  facet normal 0.555426 -0.831566 0
    outer loop
      vertex -24.8549 -11.1613 0
      vertex -24.67 -11.0378 10.6
      vertex -24.8549 -11.1613 10.6
    endloop
  endfacet
  facet normal 0.555426 -0.831566 0
    outer loop
      vertex -24.67 -11.0378 10.6
      vertex -24.8549 -11.1613 0
      vertex -24.67 -11.0378 0
    endloop
  endfacet
  facet normal 0.896754 0.44253 2.89324e-19
    outer loop
      vertex -25.2922 -13.36 10.6
      vertex -25.3906 -13.1606 0
      vertex -25.3906 -13.1606 10.6
    endloop
  endfacet
  facet normal 0.896754 0.44253 2.89324e-19
    outer loop
      vertex -25.3906 -13.1606 0
      vertex -25.2922 -13.36 10.6
      vertex -25.2922 -13.36 0
    endloop
  endfacet
  facet normal 0.44253 0.896754 -0
    outer loop
      vertex -24.4706 -14.0806 0
      vertex -24.67 -13.9822 10.6
      vertex -24.4706 -14.0806 10.6
    endloop
  endfacet
  facet normal 0.44253 0.896754 0
    outer loop
      vertex -24.67 -13.9822 10.6
      vertex -24.4706 -14.0806 0
      vertex -24.67 -13.9822 0
    endloop
  endfacet
  facet normal -0.321484 0.946915 0
    outer loop
      vertex -23.1694 -14.0806 0
      vertex -23.38 -14.1521 10.6
      vertex -23.1694 -14.0806 10.6
    endloop
  endfacet
  facet normal -0.321484 0.946915 0
    outer loop
      vertex -23.38 -14.1521 10.6
      vertex -23.1694 -14.0806 0
      vertex -23.38 -14.1521 0
    endloop
  endfacet
  facet normal 0.831566 -0.555426 5.92633e-19
    outer loop
      vertex -25.2922 -11.66 10.6
      vertex -25.1687 -11.4751 0
      vertex -25.1687 -11.4751 10.6
    endloop
  endfacet
  facet normal 0.831566 -0.555426 5.92633e-19
    outer loop
      vertex -25.1687 -11.4751 0
      vertex -25.2922 -11.66 10.6
      vertex -25.2922 -11.66 0
    endloop
  endfacet
  facet normal 0.98077 -0.195165 1.29963e-19
    outer loop
      vertex -25.5055 -12.2881 10.6
      vertex -25.4621 -12.07 0
      vertex -25.4621 -12.07 10.6
    endloop
  endfacet
  facet normal 0.98077 -0.195165 1.29963e-19
    outer loop
      vertex -25.4621 -12.07 0
      vertex -25.5055 -12.2881 10.6
      vertex -25.5055 -12.2881 0
    endloop
  endfacet
  facet normal 0.997872 0.0652057 -6.84317e-20
    outer loop
      vertex -25.5055 -12.7319 10.6
      vertex -25.52 -12.51 0
      vertex -25.52 -12.51 10.6
    endloop
  endfacet
  facet normal 0.997872 0.0652057 -6.84317e-20
    outer loop
      vertex -25.52 -12.51 0
      vertex -25.5055 -12.7319 10.6
      vertex -25.5055 -12.7319 0
    endloop
  endfacet
  facet normal 0.896754 -0.44253 2.71206e-19
    outer loop
      vertex -25.3906 -11.8594 10.6
      vertex -25.2922 -11.66 0
      vertex -25.2922 -11.66 10.6
    endloop
  endfacet
  facet normal 0.896754 -0.44253 2.71206e-19
    outer loop
      vertex -25.2922 -11.66 0
      vertex -25.3906 -11.8594 10.6
      vertex -25.3906 -11.8594 0
    endloop
  endfacet
  facet normal -0.0652057 -0.997872 0
    outer loop
      vertex -23.82 -10.81 0
      vertex -23.5981 -10.8245 10.6
      vertex -23.82 -10.81 10.6
    endloop
  endfacet
  facet normal -0.0652057 -0.997872 -0
    outer loop
      vertex -23.5981 -10.8245 10.6
      vertex -23.82 -10.81 0
      vertex -23.5981 -10.8245 0
    endloop
  endfacet
  facet normal 0.0652057 -0.997872 0
    outer loop
      vertex -24.0419 -10.8245 0
      vertex -23.82 -10.81 10.6
      vertex -24.0419 -10.8245 10.6
    endloop
  endfacet
  facet normal 0.0652057 -0.997872 0
    outer loop
      vertex -23.82 -10.81 10.6
      vertex -24.0419 -10.8245 0
      vertex -23.82 -10.81 0
    endloop
  endfacet
  facet normal 0.195165 0.98077 -0
    outer loop
      vertex -24.0419 -14.1955 0
      vertex -24.26 -14.1521 10.6
      vertex -24.0419 -14.1955 10.6
    endloop
  endfacet
  facet normal 0.195165 0.98077 0
    outer loop
      vertex -24.26 -14.1521 10.6
      vertex -24.0419 -14.1955 0
      vertex -24.26 -14.1521 0
    endloop
  endfacet
  facet normal 0.0652057 0.997872 -0
    outer loop
      vertex -23.82 -14.21 0
      vertex -24.0419 -14.1955 10.6
      vertex -23.82 -14.21 10.6
    endloop
  endfacet
  facet normal 0.0652057 0.997872 0
    outer loop
      vertex -24.0419 -14.1955 10.6
      vertex -23.82 -14.21 0
      vertex -24.0419 -14.1955 0
    endloop
  endfacet
  facet normal -0.195087 0.980786 0
    outer loop
      vertex 24.26 -0.152074 0
      vertex 24.0419 -0.195456 10.6
      vertex 24.26 -0.152074 10.6
    endloop
  endfacet
  facet normal -0.195087 0.980786 0
    outer loop
      vertex 24.0419 -0.195456 10.6
      vertex 24.26 -0.152074 0
      vertex 24.0419 -0.195456 0
    endloop
  endfacet
  facet normal -0.98077 -0.195165 -2.11209e-19
    outer loop
      vertex 25.5055 1.71189 0
      vertex 25.4621 1.92999 10.6
      vertex 25.4621 1.92999 0
    endloop
  endfacet
  facet normal -0.98077 -0.195165 -2.11209e-19
    outer loop
      vertex 25.4621 1.92999 10.6
      vertex 25.5055 1.71189 0
      vertex 25.5055 1.71189 10.6
    endloop
  endfacet
  facet normal -0.997872 -0.0652086 6.22107e-20
    outer loop
      vertex 25.52 1.49 0
      vertex 25.5055 1.71189 10.6
      vertex 25.5055 1.71189 0
    endloop
  endfacet
  facet normal -0.997872 -0.0652086 6.22107e-20
    outer loop
      vertex 25.5055 1.71189 10.6
      vertex 25.52 1.49 0
      vertex 25.52 1.49 10.6
    endloop
  endfacet
  facet normal 0.751882 0.659297 -5.93159e-19
    outer loop
      vertex 22.6179 0.287918 10.6
      vertex 22.4713 0.455105 0
      vertex 22.4713 0.455105 10.6
    endloop
  endfacet
  facet normal 0.751882 0.659297 -5.93159e-19
    outer loop
      vertex 22.4713 0.455105 0
      vertex 22.6179 0.287918 10.6
      vertex 22.6179 0.287918 0
    endloop
  endfacet
  facet normal -0.980769 0.195173 2.91551e-19
    outer loop
      vertex 25.4621 1.05001 0
      vertex 25.5055 1.2681 10.6
      vertex 25.5055 1.2681 0
    endloop
  endfacet
  facet normal -0.980769 0.195173 2.91551e-19
    outer loop
      vertex 25.5055 1.2681 10.6
      vertex 25.4621 1.05001 0
      vertex 25.4621 1.05001 10.6
    endloop
  endfacet
  facet normal 0.997872 0.0652057 3.75435e-20
    outer loop
      vertex 22.1345 1.2681 10.6
      vertex 22.12 1.49 0
      vertex 22.12 1.49 10.6
    endloop
  endfacet
  facet normal 0.997872 0.0652057 3.75435e-20
    outer loop
      vertex 22.12 1.49 0
      vertex 22.1345 1.2681 10.6
      vertex 22.1345 1.2681 0
    endloop
  endfacet
  facet normal 0.751888 -0.659291 7.31339e-19
    outer loop
      vertex 22.4713 2.52489 10.6
      vertex 22.6179 2.69208 0
      vertex 22.6179 2.69208 10.6
    endloop
  endfacet
  facet normal 0.751888 -0.659291 7.31339e-19
    outer loop
      vertex 22.6179 2.69208 0
      vertex 22.4713 2.52489 10.6
      vertex 22.4713 2.52489 0
    endloop
  endfacet
  facet normal -0.896787 0.442463 3.73868e-19
    outer loop
      vertex 25.2922 0.639999 0
      vertex 25.3906 0.839437 10.6
      vertex 25.3906 0.839437 0
    endloop
  endfacet
  facet normal -0.896787 0.442463 3.73868e-19
    outer loop
      vertex 25.3906 0.839437 10.6
      vertex 25.2922 0.639999 0
      vertex 25.2922 0.639999 10.6
    endloop
  endfacet
  facet normal 0.831557 0.555439 -1.21734e-19
    outer loop
      vertex 22.4713 0.455105 10.6
      vertex 22.3478 0.639999 0
      vertex 22.3478 0.639999 10.6
    endloop
  endfacet
  facet normal 0.831557 0.555439 -1.21734e-19
    outer loop
      vertex 22.3478 0.639999 0
      vertex 22.4713 0.455105 10.6
      vertex 22.4713 0.455105 0
    endloop
  endfacet
  facet normal -0.321403 -0.946943 0
    outer loop
      vertex 24.26 3.13207 0
      vertex 24.4706 3.06059 10.6
      vertex 24.26 3.13207 10.6
    endloop
  endfacet
  facet normal -0.321403 -0.946943 -0
    outer loop
      vertex 24.4706 3.06059 10.6
      vertex 24.26 3.13207 0
      vertex 24.4706 3.06059 0
    endloop
  endfacet
  facet normal 0.321403 -0.946943 0
    outer loop
      vertex 23.1694 3.06059 0
      vertex 23.38 3.13207 10.6
      vertex 23.1694 3.06059 10.6
    endloop
  endfacet
  facet normal 0.321403 -0.946943 0
    outer loop
      vertex 23.38 3.13207 10.6
      vertex 23.1694 3.06059 0
      vertex 23.38 3.13207 0
    endloop
  endfacet
  facet normal -0.946903 0.321521 1.29768e-19
    outer loop
      vertex 25.3906 0.839437 0
      vertex 25.4621 1.05001 10.6
      vertex 25.4621 1.05001 0
    endloop
  endfacet
  facet normal -0.946903 0.321521 1.29768e-19
    outer loop
      vertex 25.4621 1.05001 10.6
      vertex 25.3906 0.839437 0
      vertex 25.3906 0.839437 10.6
    endloop
  endfacet
  facet normal -0.659319 -0.751863 0
    outer loop
      vertex 24.8549 2.8387 0
      vertex 25.0221 2.69208 10.6
      vertex 24.8549 2.8387 10.6
    endloop
  endfacet
  facet normal -0.659319 -0.751863 -0
    outer loop
      vertex 25.0221 2.69208 10.6
      vertex 24.8549 2.8387 0
      vertex 25.0221 2.69208 0
    endloop
  endfacet
  facet normal 0.555559 0.831477 -0
    outer loop
      vertex 22.97 0.0177565 0
      vertex 22.7851 0.141299 10.6
      vertex 22.97 0.0177565 10.6
    endloop
  endfacet
  facet normal 0.555559 0.831477 0
    outer loop
      vertex 22.7851 0.141299 10.6
      vertex 22.97 0.0177565 0
      vertex 22.7851 0.141299 0
    endloop
  endfacet
  facet normal -0.831557 0.555439 1.21734e-19
    outer loop
      vertex 25.1687 0.455105 0
      vertex 25.2922 0.639999 10.6
      vertex 25.2922 0.639999 0
    endloop
  endfacet
  facet normal -0.831557 0.555439 1.21734e-19
    outer loop
      vertex 25.2922 0.639999 10.6
      vertex 25.1687 0.455105 0
      vertex 25.1687 0.455105 10.6
    endloop
  endfacet
  facet normal 0.896787 0.442463 -3.73868e-19
    outer loop
      vertex 22.3478 0.639999 10.6
      vertex 22.2494 0.839437 0
      vertex 22.2494 0.839437 10.6
    endloop
  endfacet
  facet normal 0.896787 0.442463 -3.73868e-19
    outer loop
      vertex 22.2494 0.839437 0
      vertex 22.3478 0.639999 10.6
      vertex 22.3478 0.639999 0
    endloop
  endfacet
  facet normal 0.0653982 0.997859 -0
    outer loop
      vertex 23.82 -0.209999 0
      vertex 23.5981 -0.195456 10.6
      vertex 23.82 -0.209999 10.6
    endloop
  endfacet
  facet normal 0.0653982 0.997859 0
    outer loop
      vertex 23.5981 -0.195456 10.6
      vertex 23.82 -0.209999 0
      vertex 23.5981 -0.195456 0
    endloop
  endfacet
  facet normal 0.980769 0.195173 -2.91551e-19
    outer loop
      vertex 22.1779 1.05001 10.6
      vertex 22.1345 1.2681 0
      vertex 22.1345 1.2681 10.6
    endloop
  endfacet
  facet normal 0.980769 0.195173 -2.91551e-19
    outer loop
      vertex 22.1345 1.2681 0
      vertex 22.1779 1.05001 10.6
      vertex 22.1779 1.05001 0
    endloop
  endfacet
  facet normal -0.751882 0.659297 -5.85178e-19
    outer loop
      vertex 25.0221 0.287918 0
      vertex 25.1687 0.455105 10.6
      vertex 25.1687 0.455105 0
    endloop
  endfacet
  facet normal -0.751882 0.659297 -5.85178e-19
    outer loop
      vertex 25.1687 0.455105 10.6
      vertex 25.0221 0.287918 0
      vertex 25.0221 0.287918 10.6
    endloop
  endfacet
  facet normal 0.555551 -0.831483 0
    outer loop
      vertex 22.7851 2.8387 0
      vertex 22.97 2.96224 10.6
      vertex 22.7851 2.8387 10.6
    endloop
  endfacet
  facet normal 0.555551 -0.831483 0
    outer loop
      vertex 22.97 2.96224 10.6
      vertex 22.7851 2.8387 0
      vertex 22.97 2.96224 0
    endloop
  endfacet
  facet normal -0.442349 -0.896843 0
    outer loop
      vertex 24.4706 3.06059 0
      vertex 24.67 2.96224 10.6
      vertex 24.4706 3.06059 10.6
    endloop
  endfacet
  facet normal -0.442349 -0.896843 -0
    outer loop
      vertex 24.67 2.96224 10.6
      vertex 24.4706 3.06059 0
      vertex 24.67 2.96224 0
    endloop
  endfacet
  facet normal -0.946901 -0.321525 1.41484e-19
    outer loop
      vertex 25.4621 1.92999 0
      vertex 25.3906 2.14056 10.6
      vertex 25.3906 2.14056 0
    endloop
  endfacet
  facet normal -0.946901 -0.321525 1.41484e-19
    outer loop
      vertex 25.3906 2.14056 10.6
      vertex 25.4621 1.92999 0
      vertex 25.4621 1.92999 10.6
    endloop
  endfacet
  facet normal -0.997872 0.0652057 -3.75435e-20
    outer loop
      vertex 25.5055 1.2681 0
      vertex 25.52 1.49 10.6
      vertex 25.52 1.49 0
    endloop
  endfacet
  facet normal -0.997872 0.0652057 -3.75435e-20
    outer loop
      vertex 25.52 1.49 10.6
      vertex 25.5055 1.2681 0
      vertex 25.5055 1.2681 10.6
    endloop
  endfacet
  facet normal 0.946903 0.321521 -1.29768e-19
    outer loop
      vertex 22.2494 0.839437 10.6
      vertex 22.1779 1.05001 0
      vertex 22.1779 1.05001 10.6
    endloop
  endfacet
  facet normal 0.946903 0.321521 -1.29768e-19
    outer loop
      vertex 22.1779 1.05001 0
      vertex 22.2494 0.839437 10.6
      vertex 22.2494 0.839437 0
    endloop
  endfacet
  facet normal -0.555551 -0.831483 0
    outer loop
      vertex 24.67 2.96224 0
      vertex 24.8549 2.8387 10.6
      vertex 24.67 2.96224 10.6
    endloop
  endfacet
  facet normal -0.555551 -0.831483 -0
    outer loop
      vertex 24.8549 2.8387 10.6
      vertex 24.67 2.96224 0
      vertex 24.8549 2.8387 0
    endloop
  endfacet
  facet normal -0.831552 -0.555447 1.4903e-19
    outer loop
      vertex 25.2922 2.34 0
      vertex 25.1687 2.52489 10.6
      vertex 25.1687 2.52489 0
    endloop
  endfacet
  facet normal -0.831552 -0.555447 1.4903e-19
    outer loop
      vertex 25.1687 2.52489 10.6
      vertex 25.2922 2.34 0
      vertex 25.2922 2.34 10.6
    endloop
  endfacet
  facet normal 0.997872 -0.0652086 -6.22107e-20
    outer loop
      vertex 22.12 1.49 10.6
      vertex 22.1345 1.71189 0
      vertex 22.1345 1.71189 10.6
    endloop
  endfacet
  facet normal 0.997872 -0.0652086 -6.22107e-20
    outer loop
      vertex 22.1345 1.71189 0
      vertex 22.12 1.49 10.6
      vertex 22.12 1.49 0
    endloop
  endfacet
  facet normal 0.195087 0.980786 -0
    outer loop
      vertex 23.5981 -0.195456 0
      vertex 23.38 -0.152074 10.6
      vertex 23.5981 -0.195456 10.6
    endloop
  endfacet
  facet normal 0.195087 0.980786 0
    outer loop
      vertex 23.38 -0.152074 10.6
      vertex 23.5981 -0.195456 0
      vertex 23.38 -0.152074 0
    endloop
  endfacet
  facet normal 0.195122 -0.980779 0
    outer loop
      vertex 23.38 3.13207 0
      vertex 23.5981 3.17546 10.6
      vertex 23.38 3.13207 10.6
    endloop
  endfacet
  facet normal 0.195122 -0.980779 0
    outer loop
      vertex 23.5981 3.17546 10.6
      vertex 23.38 3.13207 0
      vertex 23.5981 3.17546 0
    endloop
  endfacet
  facet normal -0.896789 -0.442459 6.75676e-19
    outer loop
      vertex 25.3906 2.14056 0
      vertex 25.2922 2.34 10.6
      vertex 25.2922 2.34 0
    endloop
  endfacet
  facet normal -0.896789 -0.442459 6.75676e-19
    outer loop
      vertex 25.2922 2.34 10.6
      vertex 25.3906 2.14056 0
      vertex 25.3906 2.14056 10.6
    endloop
  endfacet
  facet normal -0.195122 -0.980779 0
    outer loop
      vertex 24.0419 3.17546 0
      vertex 24.26 3.13207 10.6
      vertex 24.0419 3.17546 10.6
    endloop
  endfacet
  facet normal -0.195122 -0.980779 -0
    outer loop
      vertex 24.26 3.13207 10.6
      vertex 24.0419 3.17546 0
      vertex 24.26 3.13207 0
    endloop
  endfacet
  facet normal 0.896789 -0.442459 -6.75676e-19
    outer loop
      vertex 22.2494 2.14056 10.6
      vertex 22.3478 2.34 0
      vertex 22.3478 2.34 10.6
    endloop
  endfacet
  facet normal 0.896789 -0.442459 -6.75676e-19
    outer loop
      vertex 22.3478 2.34 0
      vertex 22.2494 2.14056 10.6
      vertex 22.2494 2.14056 0
    endloop
  endfacet
  facet normal 0.659317 0.751865 -0
    outer loop
      vertex 22.7851 0.141299 0
      vertex 22.6179 0.287918 10.6
      vertex 22.7851 0.141299 10.6
    endloop
  endfacet
  facet normal 0.659317 0.751865 0
    outer loop
      vertex 22.6179 0.287918 10.6
      vertex 22.7851 0.141299 0
      vertex 22.6179 0.287918 0
    endloop
  endfacet
  facet normal -0.659317 0.751865 0
    outer loop
      vertex 25.0221 0.287918 0
      vertex 24.8549 0.141299 10.6
      vertex 25.0221 0.287918 10.6
    endloop
  endfacet
  facet normal -0.659317 0.751865 0
    outer loop
      vertex 24.8549 0.141299 10.6
      vertex 25.0221 0.287918 0
      vertex 24.8549 0.141299 0
    endloop
  endfacet
  facet normal -0.555559 0.831477 0
    outer loop
      vertex 24.8549 0.141299 0
      vertex 24.67 0.0177565 10.6
      vertex 24.8549 0.141299 10.6
    endloop
  endfacet
  facet normal -0.555559 0.831477 0
    outer loop
      vertex 24.67 0.0177565 10.6
      vertex 24.8549 0.141299 0
      vertex 24.67 0.0177565 0
    endloop
  endfacet
  facet normal -0.0653982 0.997859 0
    outer loop
      vertex 24.0419 -0.195456 0
      vertex 23.82 -0.209999 10.6
      vertex 24.0419 -0.195456 10.6
    endloop
  endfacet
  facet normal -0.0653982 0.997859 0
    outer loop
      vertex 23.82 -0.209999 10.6
      vertex 24.0419 -0.195456 0
      vertex 23.82 -0.209999 0
    endloop
  endfacet
  facet normal 0.98077 -0.195165 2.11209e-19
    outer loop
      vertex 22.1345 1.71189 10.6
      vertex 22.1779 1.92999 0
      vertex 22.1779 1.92999 10.6
    endloop
  endfacet
  facet normal 0.98077 -0.195165 2.11209e-19
    outer loop
      vertex 22.1779 1.92999 0
      vertex 22.1345 1.71189 10.6
      vertex 22.1345 1.71189 0
    endloop
  endfacet
  facet normal -0.751888 -0.659291 4.42464e-19
    outer loop
      vertex 25.1687 2.52489 0
      vertex 25.0221 2.69208 10.6
      vertex 25.0221 2.69208 0
    endloop
  endfacet
  facet normal -0.751888 -0.659291 4.42464e-19
    outer loop
      vertex 25.0221 2.69208 10.6
      vertex 25.1687 2.52489 0
      vertex 25.1687 2.52489 10.6
    endloop
  endfacet
  facet normal 0.442349 -0.896843 0
    outer loop
      vertex 22.97 2.96224 0
      vertex 23.1694 3.06059 10.6
      vertex 22.97 2.96224 10.6
    endloop
  endfacet
  facet normal 0.442349 -0.896843 0
    outer loop
      vertex 23.1694 3.06059 10.6
      vertex 22.97 2.96224 0
      vertex 23.1694 3.06059 0
    endloop
  endfacet
  facet normal -0.0653848 -0.99786 0
    outer loop
      vertex 23.82 3.19 0
      vertex 24.0419 3.17546 10.6
      vertex 23.82 3.19 10.6
    endloop
  endfacet
  facet normal -0.0653848 -0.99786 -0
    outer loop
      vertex 24.0419 3.17546 10.6
      vertex 23.82 3.19 0
      vertex 24.0419 3.17546 0
    endloop
  endfacet
  facet normal -0.442355 0.89684 0
    outer loop
      vertex 24.67 0.0177565 0
      vertex 24.4706 -0.080595 10.6
      vertex 24.67 0.0177565 10.6
    endloop
  endfacet
  facet normal -0.442355 0.89684 0
    outer loop
      vertex 24.4706 -0.080595 10.6
      vertex 24.67 0.0177565 0
      vertex 24.4706 -0.080595 0
    endloop
  endfacet
  facet normal -0.321399 0.946944 0
    outer loop
      vertex 24.4706 -0.080595 0
      vertex 24.26 -0.152074 10.6
      vertex 24.4706 -0.080595 10.6
    endloop
  endfacet
  facet normal -0.321399 0.946944 0
    outer loop
      vertex 24.26 -0.152074 10.6
      vertex 24.4706 -0.080595 0
      vertex 24.26 -0.152074 0
    endloop
  endfacet
  facet normal 0.659319 -0.751863 0
    outer loop
      vertex 22.6179 2.69208 0
      vertex 22.7851 2.8387 10.6
      vertex 22.6179 2.69208 10.6
    endloop
  endfacet
  facet normal 0.659319 -0.751863 0
    outer loop
      vertex 22.7851 2.8387 10.6
      vertex 22.6179 2.69208 0
      vertex 22.7851 2.8387 0
    endloop
  endfacet
  facet normal 0.0653848 -0.99786 0
    outer loop
      vertex 23.5981 3.17546 0
      vertex 23.82 3.19 10.6
      vertex 23.5981 3.17546 10.6
    endloop
  endfacet
  facet normal 0.0653848 -0.99786 0
    outer loop
      vertex 23.82 3.19 10.6
      vertex 23.5981 3.17546 0
      vertex 23.82 3.19 0
    endloop
  endfacet
  facet normal 0.831552 -0.555447 -1.4903e-19
    outer loop
      vertex 22.3478 2.34 10.6
      vertex 22.4713 2.52489 0
      vertex 22.4713 2.52489 10.6
    endloop
  endfacet
  facet normal 0.831552 -0.555447 -1.4903e-19
    outer loop
      vertex 22.4713 2.52489 0
      vertex 22.3478 2.34 10.6
      vertex 22.3478 2.34 0
    endloop
  endfacet
  facet normal 0.946901 -0.321525 -1.41484e-19
    outer loop
      vertex 22.1779 1.92999 10.6
      vertex 22.2494 2.14056 0
      vertex 22.2494 2.14056 10.6
    endloop
  endfacet
  facet normal 0.946901 -0.321525 -1.41484e-19
    outer loop
      vertex 22.2494 2.14056 0
      vertex 22.1779 1.92999 10.6
      vertex 22.1779 1.92999 0
    endloop
  endfacet
  facet normal 0.442355 0.89684 -0
    outer loop
      vertex 23.1694 -0.080595 0
      vertex 22.97 0.0177565 10.6
      vertex 23.1694 -0.080595 10.6
    endloop
  endfacet
  facet normal 0.442355 0.89684 0
    outer loop
      vertex 22.97 0.0177565 10.6
      vertex 23.1694 -0.080595 0
      vertex 22.97 0.0177565 0
    endloop
  endfacet
  facet normal 0.321399 0.946944 -0
    outer loop
      vertex 23.38 -0.152074 0
      vertex 23.1694 -0.080595 10.6
      vertex 23.38 -0.152074 10.6
    endloop
  endfacet
  facet normal 0.321399 0.946944 0
    outer loop
      vertex 23.1694 -0.080595 10.6
      vertex 23.38 -0.152074 0
      vertex 23.1694 -0.080595 0
    endloop
  endfacet
  facet normal -0.321403 -0.946943 0
    outer loop
      vertex -23.38 3.13207 0
      vertex -23.1694 3.06059 10.6
      vertex -23.38 3.13207 10.6
    endloop
  endfacet
  facet normal -0.321403 -0.946943 -0
    outer loop
      vertex -23.1694 3.06059 10.6
      vertex -23.38 3.13207 0
      vertex -23.1694 3.06059 0
    endloop
  endfacet
  facet normal -0.195087 0.980786 0
    outer loop
      vertex -23.38 -0.152074 0
      vertex -23.5981 -0.195456 10.6
      vertex -23.38 -0.152074 10.6
    endloop
  endfacet
  facet normal -0.195087 0.980786 0
    outer loop
      vertex -23.5981 -0.195456 10.6
      vertex -23.38 -0.152074 0
      vertex -23.5981 -0.195456 0
    endloop
  endfacet
  facet normal -0.98077 -0.195165 -2.11209e-19
    outer loop
      vertex -22.1345 1.71189 0
      vertex -22.1779 1.92999 10.6
      vertex -22.1779 1.92999 0
    endloop
  endfacet
  facet normal -0.98077 -0.195165 -2.11209e-19
    outer loop
      vertex -22.1779 1.92999 10.6
      vertex -22.1345 1.71189 0
      vertex -22.1345 1.71189 10.6
    endloop
  endfacet
  facet normal -0.997872 -0.0652086 6.22107e-20
    outer loop
      vertex -22.12 1.49 0
      vertex -22.1345 1.71189 10.6
      vertex -22.1345 1.71189 0
    endloop
  endfacet
  facet normal -0.997872 -0.0652086 6.22107e-20
    outer loop
      vertex -22.1345 1.71189 10.6
      vertex -22.12 1.49 0
      vertex -22.12 1.49 10.6
    endloop
  endfacet
  facet normal -0.946901 -0.321525 1.41484e-19
    outer loop
      vertex -22.1779 1.92999 0
      vertex -22.2494 2.14056 10.6
      vertex -22.2494 2.14056 0
    endloop
  endfacet
  facet normal -0.946901 -0.321525 1.41484e-19
    outer loop
      vertex -22.2494 2.14056 10.6
      vertex -22.1779 1.92999 0
      vertex -22.1779 1.92999 10.6
    endloop
  endfacet
  facet normal -0.980769 0.195173 2.91551e-19
    outer loop
      vertex -22.1779 1.05001 0
      vertex -22.1345 1.2681 10.6
      vertex -22.1345 1.2681 0
    endloop
  endfacet
  facet normal -0.980769 0.195173 2.91551e-19
    outer loop
      vertex -22.1345 1.2681 10.6
      vertex -22.1779 1.05001 0
      vertex -22.1779 1.05001 10.6
    endloop
  endfacet
  facet normal 0.980769 0.195173 -2.91551e-19
    outer loop
      vertex -25.4621 1.05001 10.6
      vertex -25.5055 1.2681 0
      vertex -25.5055 1.2681 10.6
    endloop
  endfacet
  facet normal 0.980769 0.195173 -2.91551e-19
    outer loop
      vertex -25.5055 1.2681 0
      vertex -25.4621 1.05001 10.6
      vertex -25.4621 1.05001 0
    endloop
  endfacet
  facet normal -0.896789 -0.442459 6.75676e-19
    outer loop
      vertex -22.2494 2.14056 0
      vertex -22.3478 2.34 10.6
      vertex -22.3478 2.34 0
    endloop
  endfacet
  facet normal -0.896789 -0.442459 6.75676e-19
    outer loop
      vertex -22.3478 2.34 10.6
      vertex -22.2494 2.14056 0
      vertex -22.2494 2.14056 10.6
    endloop
  endfacet
  facet normal -0.659319 -0.751863 0
    outer loop
      vertex -22.7851 2.8387 0
      vertex -22.6179 2.69208 10.6
      vertex -22.7851 2.8387 10.6
    endloop
  endfacet
  facet normal -0.659319 -0.751863 -0
    outer loop
      vertex -22.6179 2.69208 10.6
      vertex -22.7851 2.8387 0
      vertex -22.6179 2.69208 0
    endloop
  endfacet
  facet normal -0.555551 -0.831483 0
    outer loop
      vertex -22.97 2.96224 0
      vertex -22.7851 2.8387 10.6
      vertex -22.97 2.96224 10.6
    endloop
  endfacet
  facet normal -0.555551 -0.831483 -0
    outer loop
      vertex -22.7851 2.8387 10.6
      vertex -22.97 2.96224 0
      vertex -22.7851 2.8387 0
    endloop
  endfacet
  facet normal 0.321403 -0.946943 0
    outer loop
      vertex -24.4706 3.06059 0
      vertex -24.26 3.13207 10.6
      vertex -24.4706 3.06059 10.6
    endloop
  endfacet
  facet normal 0.321403 -0.946943 0
    outer loop
      vertex -24.26 3.13207 10.6
      vertex -24.4706 3.06059 0
      vertex -24.26 3.13207 0
    endloop
  endfacet
  facet normal -0.442349 -0.896843 0
    outer loop
      vertex -23.1694 3.06059 0
      vertex -22.97 2.96224 10.6
      vertex -23.1694 3.06059 10.6
    endloop
  endfacet
  facet normal -0.442349 -0.896843 -0
    outer loop
      vertex -22.97 2.96224 10.6
      vertex -23.1694 3.06059 0
      vertex -22.97 2.96224 0
    endloop
  endfacet
  facet normal -0.831552 -0.555447 1.4903e-19
    outer loop
      vertex -22.3478 2.34 0
      vertex -22.4713 2.52489 10.6
      vertex -22.4713 2.52489 0
    endloop
  endfacet
  facet normal -0.831552 -0.555447 1.4903e-19
    outer loop
      vertex -22.4713 2.52489 10.6
      vertex -22.3478 2.34 0
      vertex -22.3478 2.34 10.6
    endloop
  endfacet
  facet normal -0.555559 0.831477 0
    outer loop
      vertex -22.7851 0.141299 0
      vertex -22.97 0.0177565 10.6
      vertex -22.7851 0.141299 10.6
    endloop
  endfacet
  facet normal -0.555559 0.831477 0
    outer loop
      vertex -22.97 0.0177565 10.6
      vertex -22.7851 0.141299 0
      vertex -22.97 0.0177565 0
    endloop
  endfacet
  facet normal 0.659317 0.751865 -0
    outer loop
      vertex -24.8549 0.141299 0
      vertex -25.0221 0.287918 10.6
      vertex -24.8549 0.141299 10.6
    endloop
  endfacet
  facet normal 0.659317 0.751865 0
    outer loop
      vertex -25.0221 0.287918 10.6
      vertex -24.8549 0.141299 0
      vertex -25.0221 0.287918 0
    endloop
  endfacet
  facet normal -0.896787 0.442463 3.73868e-19
    outer loop
      vertex -22.3478 0.639999 0
      vertex -22.2494 0.839437 10.6
      vertex -22.2494 0.839437 0
    endloop
  endfacet
  facet normal -0.896787 0.442463 3.73868e-19
    outer loop
      vertex -22.2494 0.839437 10.6
      vertex -22.3478 0.639999 0
      vertex -22.3478 0.639999 10.6
    endloop
  endfacet
  facet normal 0.751882 0.659297 5.85178e-19
    outer loop
      vertex -25.0221 0.287918 10.6
      vertex -25.1687 0.455105 0
      vertex -25.1687 0.455105 10.6
    endloop
  endfacet
  facet normal 0.751882 0.659297 5.85178e-19
    outer loop
      vertex -25.1687 0.455105 0
      vertex -25.0221 0.287918 10.6
      vertex -25.0221 0.287918 0
    endloop
  endfacet
  facet normal -0.751888 -0.659291 -7.31339e-19
    outer loop
      vertex -22.4713 2.52489 0
      vertex -22.6179 2.69208 10.6
      vertex -22.6179 2.69208 0
    endloop
  endfacet
  facet normal -0.751888 -0.659291 -7.31339e-19
    outer loop
      vertex -22.6179 2.69208 10.6
      vertex -22.4713 2.52489 0
      vertex -22.4713 2.52489 10.6
    endloop
  endfacet
  facet normal -0.997872 0.0652057 -3.75435e-20
    outer loop
      vertex -22.1345 1.2681 0
      vertex -22.12 1.49 10.6
      vertex -22.12 1.49 0
    endloop
  endfacet
  facet normal -0.997872 0.0652057 -3.75435e-20
    outer loop
      vertex -22.12 1.49 10.6
      vertex -22.1345 1.2681 0
      vertex -22.1345 1.2681 10.6
    endloop
  endfacet
  facet normal 0.442349 -0.896843 0
    outer loop
      vertex -24.67 2.96224 0
      vertex -24.4706 3.06059 10.6
      vertex -24.67 2.96224 10.6
    endloop
  endfacet
  facet normal 0.442349 -0.896843 0
    outer loop
      vertex -24.4706 3.06059 10.6
      vertex -24.67 2.96224 0
      vertex -24.4706 3.06059 0
    endloop
  endfacet
  facet normal 0.751888 -0.659291 -4.42464e-19
    outer loop
      vertex -25.1687 2.52489 10.6
      vertex -25.0221 2.69208 0
      vertex -25.0221 2.69208 10.6
    endloop
  endfacet
  facet normal 0.751888 -0.659291 -4.42464e-19
    outer loop
      vertex -25.0221 2.69208 0
      vertex -25.1687 2.52489 10.6
      vertex -25.1687 2.52489 0
    endloop
  endfacet
  facet normal -0.442355 0.89684 0
    outer loop
      vertex -22.97 0.0177565 0
      vertex -23.1694 -0.080595 10.6
      vertex -22.97 0.0177565 10.6
    endloop
  endfacet
  facet normal -0.442355 0.89684 0
    outer loop
      vertex -23.1694 -0.080595 10.6
      vertex -22.97 0.0177565 0
      vertex -23.1694 -0.080595 0
    endloop
  endfacet
  facet normal 0.442355 0.89684 -0
    outer loop
      vertex -24.4706 -0.080595 0
      vertex -24.67 0.0177565 10.6
      vertex -24.4706 -0.080595 10.6
    endloop
  endfacet
  facet normal 0.442355 0.89684 0
    outer loop
      vertex -24.67 0.0177565 10.6
      vertex -24.4706 -0.080595 0
      vertex -24.67 0.0177565 0
    endloop
  endfacet
  facet normal -0.0653982 0.997859 0
    outer loop
      vertex -23.5981 -0.195456 0
      vertex -23.82 -0.209999 10.6
      vertex -23.5981 -0.195456 10.6
    endloop
  endfacet
  facet normal -0.0653982 0.997859 0
    outer loop
      vertex -23.82 -0.209999 10.6
      vertex -23.5981 -0.195456 0
      vertex -23.82 -0.209999 0
    endloop
  endfacet
  facet normal 0.831557 0.555439 -1.21734e-19
    outer loop
      vertex -25.1687 0.455105 10.6
      vertex -25.2922 0.639999 0
      vertex -25.2922 0.639999 10.6
    endloop
  endfacet
  facet normal 0.831557 0.555439 -1.21734e-19
    outer loop
      vertex -25.2922 0.639999 0
      vertex -25.1687 0.455105 10.6
      vertex -25.1687 0.455105 0
    endloop
  endfacet
  facet normal -0.946903 0.321521 1.29768e-19
    outer loop
      vertex -22.2494 0.839437 0
      vertex -22.1779 1.05001 10.6
      vertex -22.1779 1.05001 0
    endloop
  endfacet
  facet normal -0.946903 0.321521 1.29768e-19
    outer loop
      vertex -22.1779 1.05001 10.6
      vertex -22.2494 0.839437 0
      vertex -22.2494 0.839437 10.6
    endloop
  endfacet
  facet normal 0.896789 -0.442459 -6.75676e-19
    outer loop
      vertex -25.3906 2.14056 10.6
      vertex -25.2922 2.34 0
      vertex -25.2922 2.34 10.6
    endloop
  endfacet
  facet normal 0.896789 -0.442459 -6.75676e-19
    outer loop
      vertex -25.2922 2.34 0
      vertex -25.3906 2.14056 10.6
      vertex -25.3906 2.14056 0
    endloop
  endfacet
  facet normal 0.946903 0.321521 -1.29768e-19
    outer loop
      vertex -25.3906 0.839437 10.6
      vertex -25.4621 1.05001 0
      vertex -25.4621 1.05001 10.6
    endloop
  endfacet
  facet normal 0.946903 0.321521 -1.29768e-19
    outer loop
      vertex -25.4621 1.05001 0
      vertex -25.3906 0.839437 10.6
      vertex -25.3906 0.839437 0
    endloop
  endfacet
  facet normal 0.195122 -0.980779 0
    outer loop
      vertex -24.26 3.13207 0
      vertex -24.0419 3.17546 10.6
      vertex -24.26 3.13207 10.6
    endloop
  endfacet
  facet normal 0.195122 -0.980779 0
    outer loop
      vertex -24.0419 3.17546 10.6
      vertex -24.26 3.13207 0
      vertex -24.0419 3.17546 0
    endloop
  endfacet
  facet normal 0.997872 -0.0652086 -6.22107e-20
    outer loop
      vertex -25.52 1.49 10.6
      vertex -25.5055 1.71189 0
      vertex -25.5055 1.71189 10.6
    endloop
  endfacet
  facet normal 0.997872 -0.0652086 -6.22107e-20
    outer loop
      vertex -25.5055 1.71189 0
      vertex -25.52 1.49 10.6
      vertex -25.52 1.49 0
    endloop
  endfacet
  facet normal -0.659317 0.751865 0
    outer loop
      vertex -22.6179 0.287918 0
      vertex -22.7851 0.141299 10.6
      vertex -22.6179 0.287918 10.6
    endloop
  endfacet
  facet normal -0.659317 0.751865 0
    outer loop
      vertex -22.7851 0.141299 10.6
      vertex -22.6179 0.287918 0
      vertex -22.7851 0.141299 0
    endloop
  endfacet
  facet normal 0.0653982 0.997859 -0
    outer loop
      vertex -23.82 -0.209999 0
      vertex -24.0419 -0.195456 10.6
      vertex -23.82 -0.209999 10.6
    endloop
  endfacet
  facet normal 0.0653982 0.997859 0
    outer loop
      vertex -24.0419 -0.195456 10.6
      vertex -23.82 -0.209999 0
      vertex -24.0419 -0.195456 0
    endloop
  endfacet
  facet normal 0.659319 -0.751863 0
    outer loop
      vertex -25.0221 2.69208 0
      vertex -24.8549 2.8387 10.6
      vertex -25.0221 2.69208 10.6
    endloop
  endfacet
  facet normal 0.659319 -0.751863 0
    outer loop
      vertex -24.8549 2.8387 10.6
      vertex -25.0221 2.69208 0
      vertex -24.8549 2.8387 0
    endloop
  endfacet
  facet normal -0.831557 0.555439 1.21734e-19
    outer loop
      vertex -22.4713 0.455105 0
      vertex -22.3478 0.639999 10.6
      vertex -22.3478 0.639999 0
    endloop
  endfacet
  facet normal -0.831557 0.555439 1.21734e-19
    outer loop
      vertex -22.3478 0.639999 10.6
      vertex -22.4713 0.455105 0
      vertex -22.4713 0.455105 10.6
    endloop
  endfacet
  facet normal -0.751882 0.659297 5.93159e-19
    outer loop
      vertex -22.6179 0.287918 0
      vertex -22.4713 0.455105 10.6
      vertex -22.4713 0.455105 0
    endloop
  endfacet
  facet normal -0.751882 0.659297 5.93159e-19
    outer loop
      vertex -22.4713 0.455105 10.6
      vertex -22.6179 0.287918 0
      vertex -22.6179 0.287918 10.6
    endloop
  endfacet
  facet normal -0.195122 -0.980779 0
    outer loop
      vertex -23.5981 3.17546 0
      vertex -23.38 3.13207 10.6
      vertex -23.5981 3.17546 10.6
    endloop
  endfacet
  facet normal -0.195122 -0.980779 -0
    outer loop
      vertex -23.38 3.13207 10.6
      vertex -23.5981 3.17546 0
      vertex -23.38 3.13207 0
    endloop
  endfacet
  facet normal 0.555551 -0.831483 0
    outer loop
      vertex -24.8549 2.8387 0
      vertex -24.67 2.96224 10.6
      vertex -24.8549 2.8387 10.6
    endloop
  endfacet
  facet normal 0.555551 -0.831483 0
    outer loop
      vertex -24.67 2.96224 10.6
      vertex -24.8549 2.8387 0
      vertex -24.67 2.96224 0
    endloop
  endfacet
  facet normal 0.195087 0.980786 -0
    outer loop
      vertex -24.0419 -0.195456 0
      vertex -24.26 -0.152074 10.6
      vertex -24.0419 -0.195456 10.6
    endloop
  endfacet
  facet normal 0.195087 0.980786 0
    outer loop
      vertex -24.26 -0.152074 10.6
      vertex -24.0419 -0.195456 0
      vertex -24.26 -0.152074 0
    endloop
  endfacet
  facet normal 0.946901 -0.321525 -1.41484e-19
    outer loop
      vertex -25.4621 1.92999 10.6
      vertex -25.3906 2.14056 0
      vertex -25.3906 2.14056 10.6
    endloop
  endfacet
  facet normal 0.946901 -0.321525 -1.41484e-19
    outer loop
      vertex -25.3906 2.14056 0
      vertex -25.4621 1.92999 10.6
      vertex -25.4621 1.92999 0
    endloop
  endfacet
  facet normal 0.896787 0.442463 -3.73868e-19
    outer loop
      vertex -25.2922 0.639999 10.6
      vertex -25.3906 0.839437 0
      vertex -25.3906 0.839437 10.6
    endloop
  endfacet
  facet normal 0.896787 0.442463 -3.73868e-19
    outer loop
      vertex -25.3906 0.839437 0
      vertex -25.2922 0.639999 10.6
      vertex -25.2922 0.639999 0
    endloop
  endfacet
  facet normal 0.321399 0.946944 -0
    outer loop
      vertex -24.26 -0.152074 0
      vertex -24.4706 -0.080595 10.6
      vertex -24.26 -0.152074 10.6
    endloop
  endfacet
  facet normal 0.321399 0.946944 0
    outer loop
      vertex -24.4706 -0.080595 10.6
      vertex -24.26 -0.152074 0
      vertex -24.4706 -0.080595 0
    endloop
  endfacet
  facet normal -0.321399 0.946944 0
    outer loop
      vertex -23.1694 -0.080595 0
      vertex -23.38 -0.152074 10.6
      vertex -23.1694 -0.080595 10.6
    endloop
  endfacet
  facet normal -0.321399 0.946944 0
    outer loop
      vertex -23.38 -0.152074 10.6
      vertex -23.1694 -0.080595 0
      vertex -23.38 -0.152074 0
    endloop
  endfacet
  facet normal 0.831552 -0.555447 -1.4903e-19
    outer loop
      vertex -25.2922 2.34 10.6
      vertex -25.1687 2.52489 0
      vertex -25.1687 2.52489 10.6
    endloop
  endfacet
  facet normal 0.831552 -0.555447 -1.4903e-19
    outer loop
      vertex -25.1687 2.52489 0
      vertex -25.2922 2.34 10.6
      vertex -25.2922 2.34 0
    endloop
  endfacet
  facet normal 0.98077 -0.195165 2.11209e-19
    outer loop
      vertex -25.5055 1.71189 10.6
      vertex -25.4621 1.92999 0
      vertex -25.4621 1.92999 10.6
    endloop
  endfacet
  facet normal 0.98077 -0.195165 2.11209e-19
    outer loop
      vertex -25.4621 1.92999 0
      vertex -25.5055 1.71189 10.6
      vertex -25.5055 1.71189 0
    endloop
  endfacet
  facet normal 0.997872 0.0652057 3.75435e-20
    outer loop
      vertex -25.5055 1.2681 10.6
      vertex -25.52 1.49 0
      vertex -25.52 1.49 10.6
    endloop
  endfacet
  facet normal 0.997872 0.0652057 3.75435e-20
    outer loop
      vertex -25.52 1.49 0
      vertex -25.5055 1.2681 10.6
      vertex -25.5055 1.2681 0
    endloop
  endfacet
  facet normal -0.0653848 -0.99786 0
    outer loop
      vertex -23.82 3.19 0
      vertex -23.5981 3.17546 10.6
      vertex -23.82 3.19 10.6
    endloop
  endfacet
  facet normal -0.0653848 -0.99786 -0
    outer loop
      vertex -23.5981 3.17546 10.6
      vertex -23.82 3.19 0
      vertex -23.5981 3.17546 0
    endloop
  endfacet
  facet normal 0.0653848 -0.99786 0
    outer loop
      vertex -24.0419 3.17546 0
      vertex -23.82 3.19 10.6
      vertex -24.0419 3.17546 10.6
    endloop
  endfacet
  facet normal 0.0653848 -0.99786 0
    outer loop
      vertex -23.82 3.19 10.6
      vertex -24.0419 3.17546 0
      vertex -23.82 3.19 0
    endloop
  endfacet
  facet normal 0.555559 0.831477 -0
    outer loop
      vertex -24.67 0.0177565 0
      vertex -24.8549 0.141299 10.6
      vertex -24.67 0.0177565 10.6
    endloop
  endfacet
  facet normal 0.555559 0.831477 0
    outer loop
      vertex -24.8549 0.141299 10.6
      vertex -24.67 0.0177565 0
      vertex -24.8549 0.141299 0
    endloop
  endfacet
  facet normal -1 0 0
    outer loop
      vertex 21.32 -15.51 1.5
      vertex 21.32 15.51 10.6
      vertex 21.32 15.51 1.5
    endloop
  endfacet
  facet normal -1 -0 0
    outer loop
      vertex 21.32 15.51 10.6
      vertex 21.32 -15.51 1.5
      vertex 21.32 -15.51 10.6
    endloop
  endfacet
  facet normal -0.0652336 0.99787 0
    outer loop
      vertex 20.0158 -16.9972 1.5
      vertex 19.82 -17.01 10.6
      vertex 20.0158 -16.9972 10.6
    endloop
  endfacet
  facet normal -0.0652336 0.99787 0
    outer loop
      vertex 19.82 -17.01 10.6
      vertex 20.0158 -16.9972 1.5
      vertex 19.82 -17.01 1.5
    endloop
  endfacet
  facet normal 0.831422 -0.555641 -4.80547e-19
    outer loop
      vertex -21.119 16.26 10.6
      vertex -21.01 16.4231 1.5
      vertex -21.01 16.4231 10.6
    endloop
  endfacet
  facet normal 0.831422 -0.555641 -4.80547e-19
    outer loop
      vertex -21.01 16.4231 1.5
      vertex -21.119 16.26 10.6
      vertex -21.119 16.26 1.5
    endloop
  endfacet
  facet normal 0.89686 -0.442315 -1.46472e-20
    outer loop
      vertex -21.2058 16.084 10.6
      vertex -21.119 16.26 1.5
      vertex -21.119 16.26 10.6
    endloop
  endfacet
  facet normal 0.89686 -0.442315 -1.46472e-20
    outer loop
      vertex -21.119 16.26 1.5
      vertex -21.2058 16.084 10.6
      vertex -21.2058 16.084 1.5
    endloop
  endfacet
  facet normal -0.99787 0.0652336 -8.40994e-20
    outer loop
      vertex 21.3072 -15.7058 1.5
      vertex 21.32 -15.51 10.6
      vertex 21.32 -15.51 1.5
    endloop
  endfacet
  facet normal -0.99787 0.0652336 -8.40994e-20
    outer loop
      vertex 21.32 -15.51 10.6
      vertex 21.3072 -15.7058 1.5
      vertex 21.3072 -15.7058 10.6
    endloop
  endfacet
  facet normal 1 -0 0
    outer loop
      vertex -21.32 -15.51 10.6
      vertex -21.32 15.51 1.5
      vertex -21.32 15.51 10.6
    endloop
  endfacet
  facet normal 1 0 0
    outer loop
      vertex -21.32 15.51 1.5
      vertex -21.32 -15.51 10.6
      vertex -21.32 -15.51 1.5
    endloop
  endfacet
  facet normal 0.195234 0.980757 -0
    outer loop
      vertex -20.0158 -16.9972 1.5
      vertex -20.2082 -16.9589 10.6
      vertex -20.0158 -16.9972 10.6
    endloop
  endfacet
  facet normal 0.195234 0.980757 0
    outer loop
      vertex -20.2082 -16.9589 10.6
      vertex -20.0158 -16.9972 1.5
      vertex -20.2082 -16.9589 1.5
    endloop
  endfacet
  facet normal 0.0652336 0.99787 -0
    outer loop
      vertex -19.82 -17.01 1.5
      vertex -20.0158 -16.9972 10.6
      vertex -19.82 -17.01 10.6
    endloop
  endfacet
  facet normal 0.0652336 0.99787 0
    outer loop
      vertex -20.0158 -16.9972 10.6
      vertex -19.82 -17.01 1.5
      vertex -20.0158 -16.9972 1.5
    endloop
  endfacet
  facet normal 0.555641 -0.831422 0
    outer loop
      vertex -20.7331 16.7 1.5
      vertex -20.57 16.809 10.6
      vertex -20.7331 16.7 10.6
    endloop
  endfacet
  facet normal 0.555641 -0.831422 0
    outer loop
      vertex -20.57 16.809 10.6
      vertex -20.7331 16.7 1.5
      vertex -20.57 16.809 1.5
    endloop
  endfacet
  facet normal 0.195234 -0.980757 0
    outer loop
      vertex -20.2082 16.9589 1.5
      vertex -20.0158 16.9972 10.6
      vertex -20.2082 16.9589 10.6
    endloop
  endfacet
  facet normal 0.195234 -0.980757 0
    outer loop
      vertex -20.0158 16.9972 10.6
      vertex -20.2082 16.9589 1.5
      vertex -20.0158 16.9972 1.5
    endloop
  endfacet
  facet normal 0 1 -0
    outer loop
      vertex 19.82 -17.01 1.5
      vertex -19.82 -17.01 10.6
      vertex 19.82 -17.01 10.6
    endloop
  endfacet
  facet normal 0 1 0
    outer loop
      vertex -19.82 -17.01 10.6
      vertex 19.82 -17.01 1.5
      vertex -19.82 -17.01 1.5
    endloop
  endfacet
  facet normal 0.99787 -0.0652336 -8.40994e-20
    outer loop
      vertex -21.32 15.51 10.6
      vertex -21.3072 15.7058 1.5
      vertex -21.3072 15.7058 10.6
    endloop
  endfacet
  facet normal 0.99787 -0.0652336 -8.40994e-20
    outer loop
      vertex -21.3072 15.7058 1.5
      vertex -21.32 15.51 10.6
      vertex -21.32 15.51 1.5
    endloop
  endfacet
  facet normal 0 -1 0
    outer loop
      vertex -19.82 17.01 1.5
      vertex 19.82 17.01 10.6
      vertex -19.82 17.01 10.6
    endloop
  endfacet
  facet normal 0 -1 -0
    outer loop
      vertex 19.82 17.01 10.6
      vertex -19.82 17.01 1.5
      vertex 19.82 17.01 1.5
    endloop
  endfacet
  facet normal -0.89686 0.442315 -1.46472e-20
    outer loop
      vertex 21.119 -16.26 1.5
      vertex 21.2058 -16.084 10.6
      vertex 21.2058 -16.084 1.5
    endloop
  endfacet
  facet normal -0.89686 0.442315 -1.46472e-20
    outer loop
      vertex 21.2058 -16.084 10.6
      vertex 21.119 -16.26 1.5
      vertex 21.119 -16.26 10.6
    endloop
  endfacet
  facet normal -0.0652336 -0.99787 0
    outer loop
      vertex 19.82 17.01 1.5
      vertex 20.0158 16.9972 10.6
      vertex 19.82 17.01 10.6
    endloop
  endfacet
  facet normal -0.0652336 -0.99787 -0
    outer loop
      vertex 20.0158 16.9972 10.6
      vertex 19.82 17.01 1.5
      vertex 20.0158 16.9972 1.5
    endloop
  endfacet
  facet normal 0.442315 0.89686 -0
    outer loop
      vertex -20.394 -16.8958 1.5
      vertex -20.57 -16.809 10.6
      vertex -20.394 -16.8958 10.6
    endloop
  endfacet
  facet normal 0.442315 0.89686 0
    outer loop
      vertex -20.57 -16.809 10.6
      vertex -20.394 -16.8958 1.5
      vertex -20.57 -16.809 1.5
    endloop
  endfacet
  facet normal 0.321574 0.946885 -0
    outer loop
      vertex -20.2082 -16.9589 1.5
      vertex -20.394 -16.8958 10.6
      vertex -20.2082 -16.9589 10.6
    endloop
  endfacet
  facet normal 0.321574 0.946885 0
    outer loop
      vertex -20.394 -16.8958 10.6
      vertex -20.2082 -16.9589 1.5
      vertex -20.394 -16.8958 1.5
    endloop
  endfacet
  facet normal 0.0652336 -0.99787 0
    outer loop
      vertex -20.0158 16.9972 1.5
      vertex -19.82 17.01 10.6
      vertex -20.0158 16.9972 10.6
    endloop
  endfacet
  facet normal 0.0652336 -0.99787 0
    outer loop
      vertex -19.82 17.01 10.6
      vertex -20.0158 16.9972 1.5
      vertex -19.82 17.01 1.5
    endloop
  endfacet
  facet normal -0.195234 -0.980757 0
    outer loop
      vertex 20.0158 16.9972 1.5
      vertex 20.2082 16.9589 10.6
      vertex 20.0158 16.9972 10.6
    endloop
  endfacet
  facet normal -0.195234 -0.980757 -0
    outer loop
      vertex 20.2082 16.9589 10.6
      vertex 20.0158 16.9972 1.5
      vertex 20.2082 16.9589 1.5
    endloop
  endfacet
  facet normal -0.555641 0.831422 0
    outer loop
      vertex 20.7331 -16.7 1.5
      vertex 20.57 -16.809 10.6
      vertex 20.7331 -16.7 10.6
    endloop
  endfacet
  facet normal -0.555641 0.831422 0
    outer loop
      vertex 20.57 -16.809 10.6
      vertex 20.7331 -16.7 1.5
      vertex 20.57 -16.809 1.5
    endloop
  endfacet
  facet normal -0.946885 -0.321574 -1.93888e-20
    outer loop
      vertex 21.2689 15.8982 1.5
      vertex 21.2058 16.084 10.6
      vertex 21.2058 16.084 1.5
    endloop
  endfacet
  facet normal -0.946885 -0.321574 -1.93888e-20
    outer loop
      vertex 21.2058 16.084 10.6
      vertex 21.2689 15.8982 1.5
      vertex 21.2689 15.8982 10.6
    endloop
  endfacet
  facet normal -0.89686 -0.442315 1.46472e-20
    outer loop
      vertex 21.2058 16.084 1.5
      vertex 21.119 16.26 10.6
      vertex 21.119 16.26 1.5
    endloop
  endfacet
  facet normal -0.89686 -0.442315 1.46472e-20
    outer loop
      vertex 21.119 16.26 10.6
      vertex 21.2058 16.084 1.5
      vertex 21.2058 16.084 10.6
    endloop
  endfacet
  facet normal 0.831422 0.555641 4.80547e-19
    outer loop
      vertex -21.01 -16.4231 10.6
      vertex -21.119 -16.26 1.5
      vertex -21.119 -16.26 10.6
    endloop
  endfacet
  facet normal 0.831422 0.555641 4.80547e-19
    outer loop
      vertex -21.119 -16.26 1.5
      vertex -21.01 -16.4231 10.6
      vertex -21.01 -16.4231 1.5
    endloop
  endfacet
  facet normal 0.946885 0.321574 -1.93888e-20
    outer loop
      vertex -21.2058 -16.084 10.6
      vertex -21.2689 -15.8982 1.5
      vertex -21.2689 -15.8982 10.6
    endloop
  endfacet
  facet normal 0.946885 0.321574 -1.93888e-20
    outer loop
      vertex -21.2689 -15.8982 1.5
      vertex -21.2058 -16.084 10.6
      vertex -21.2058 -16.084 1.5
    endloop
  endfacet
  facet normal -0.442315 -0.89686 0
    outer loop
      vertex 20.394 16.8958 1.5
      vertex 20.57 16.809 10.6
      vertex 20.394 16.8958 10.6
    endloop
  endfacet
  facet normal -0.442315 -0.89686 -0
    outer loop
      vertex 20.57 16.809 10.6
      vertex 20.394 16.8958 1.5
      vertex 20.57 16.809 1.5
    endloop
  endfacet
  facet normal -0.555641 -0.831422 0
    outer loop
      vertex 20.57 16.809 1.5
      vertex 20.7331 16.7 10.6
      vertex 20.57 16.809 10.6
    endloop
  endfacet
  facet normal -0.555641 -0.831422 -0
    outer loop
      vertex 20.7331 16.7 10.6
      vertex 20.57 16.809 1.5
      vertex 20.7331 16.7 1.5
    endloop
  endfacet
  facet normal 0.946885 -0.321574 1.93888e-20
    outer loop
      vertex -21.2689 15.8982 10.6
      vertex -21.2058 16.084 1.5
      vertex -21.2058 16.084 10.6
    endloop
  endfacet
  facet normal 0.946885 -0.321574 1.93888e-20
    outer loop
      vertex -21.2058 16.084 1.5
      vertex -21.2689 15.8982 10.6
      vertex -21.2689 15.8982 1.5
    endloop
  endfacet
  facet normal 0.751724 0.659478 6.68908e-19
    outer loop
      vertex -20.8806 -16.5706 10.6
      vertex -21.01 -16.4231 1.5
      vertex -21.01 -16.4231 10.6
    endloop
  endfacet
  facet normal 0.751724 0.659478 6.68908e-19
    outer loop
      vertex -21.01 -16.4231 1.5
      vertex -20.8806 -16.5706 10.6
      vertex -20.8806 -16.5706 1.5
    endloop
  endfacet
  facet normal -0.659478 0.751724 0
    outer loop
      vertex 20.8806 -16.5706 1.5
      vertex 20.7331 -16.7 10.6
      vertex 20.8806 -16.5706 10.6
    endloop
  endfacet
  facet normal -0.659478 0.751724 0
    outer loop
      vertex 20.7331 -16.7 10.6
      vertex 20.8806 -16.5706 1.5
      vertex 20.7331 -16.7 1.5
    endloop
  endfacet
  facet normal -0.659478 -0.751724 0
    outer loop
      vertex 20.7331 16.7 1.5
      vertex 20.8806 16.5706 10.6
      vertex 20.7331 16.7 10.6
    endloop
  endfacet
  facet normal -0.659478 -0.751724 -0
    outer loop
      vertex 20.8806 16.5706 10.6
      vertex 20.7331 16.7 1.5
      vertex 20.8806 16.5706 1.5
    endloop
  endfacet
  facet normal 0.555641 0.831422 -0
    outer loop
      vertex -20.57 -16.809 1.5
      vertex -20.7331 -16.7 10.6
      vertex -20.57 -16.809 10.6
    endloop
  endfacet
  facet normal 0.555641 0.831422 0
    outer loop
      vertex -20.7331 -16.7 10.6
      vertex -20.57 -16.809 1.5
      vertex -20.7331 -16.7 1.5
    endloop
  endfacet
  facet normal 0.980757 -0.195234 -4.70248e-20
    outer loop
      vertex -21.3072 15.7058 10.6
      vertex -21.2689 15.8982 1.5
      vertex -21.2689 15.8982 10.6
    endloop
  endfacet
  facet normal 0.980757 -0.195234 -4.70248e-20
    outer loop
      vertex -21.2689 15.8982 1.5
      vertex -21.3072 15.7058 10.6
      vertex -21.3072 15.7058 1.5
    endloop
  endfacet
  facet normal -0.99787 -0.0652336 8.40994e-20
    outer loop
      vertex 21.32 15.51 1.5
      vertex 21.3072 15.7058 10.6
      vertex 21.3072 15.7058 1.5
    endloop
  endfacet
  facet normal -0.99787 -0.0652336 8.40994e-20
    outer loop
      vertex 21.3072 15.7058 10.6
      vertex 21.32 15.51 1.5
      vertex 21.32 15.51 10.6
    endloop
  endfacet
  facet normal 0.321574 -0.946885 0
    outer loop
      vertex -20.394 16.8958 1.5
      vertex -20.2082 16.9589 10.6
      vertex -20.394 16.8958 10.6
    endloop
  endfacet
  facet normal 0.321574 -0.946885 0
    outer loop
      vertex -20.2082 16.9589 10.6
      vertex -20.394 16.8958 1.5
      vertex -20.2082 16.9589 1.5
    endloop
  endfacet
  facet normal -0.751724 0.659478 -6.68908e-19
    outer loop
      vertex 20.8806 -16.5706 1.5
      vertex 21.01 -16.4231 10.6
      vertex 21.01 -16.4231 1.5
    endloop
  endfacet
  facet normal -0.751724 0.659478 -6.68908e-19
    outer loop
      vertex 21.01 -16.4231 10.6
      vertex 20.8806 -16.5706 1.5
      vertex 20.8806 -16.5706 10.6
    endloop
  endfacet
  facet normal 0.751724 -0.659478 -6.68908e-19
    outer loop
      vertex -21.01 16.4231 10.6
      vertex -20.8806 16.5706 1.5
      vertex -20.8806 16.5706 10.6
    endloop
  endfacet
  facet normal 0.751724 -0.659478 -6.68908e-19
    outer loop
      vertex -20.8806 16.5706 1.5
      vertex -21.01 16.4231 10.6
      vertex -21.01 16.4231 1.5
    endloop
  endfacet
  facet normal -0.751724 -0.659478 6.68908e-19
    outer loop
      vertex 21.01 16.4231 1.5
      vertex 20.8806 16.5706 10.6
      vertex 20.8806 16.5706 1.5
    endloop
  endfacet
  facet normal -0.751724 -0.659478 6.68908e-19
    outer loop
      vertex 20.8806 16.5706 10.6
      vertex 21.01 16.4231 1.5
      vertex 21.01 16.4231 10.6
    endloop
  endfacet
  facet normal 0.442315 -0.89686 0
    outer loop
      vertex -20.57 16.809 1.5
      vertex -20.394 16.8958 10.6
      vertex -20.57 16.809 10.6
    endloop
  endfacet
  facet normal 0.442315 -0.89686 0
    outer loop
      vertex -20.394 16.8958 10.6
      vertex -20.57 16.809 1.5
      vertex -20.394 16.8958 1.5
    endloop
  endfacet
  facet normal -0.831422 0.555641 -4.80547e-19
    outer loop
      vertex 21.01 -16.4231 1.5
      vertex 21.119 -16.26 10.6
      vertex 21.119 -16.26 1.5
    endloop
  endfacet
  facet normal -0.831422 0.555641 -4.80547e-19
    outer loop
      vertex 21.119 -16.26 10.6
      vertex 21.01 -16.4231 1.5
      vertex 21.01 -16.4231 10.6
    endloop
  endfacet
  facet normal -0.980757 0.195234 -4.70248e-20
    outer loop
      vertex 21.2689 -15.8982 1.5
      vertex 21.3072 -15.7058 10.6
      vertex 21.3072 -15.7058 1.5
    endloop
  endfacet
  facet normal -0.980757 0.195234 -4.70248e-20
    outer loop
      vertex 21.3072 -15.7058 10.6
      vertex 21.2689 -15.8982 1.5
      vertex 21.2689 -15.8982 10.6
    endloop
  endfacet
  facet normal 0.659478 0.751724 -0
    outer loop
      vertex -20.7331 -16.7 1.5
      vertex -20.8806 -16.5706 10.6
      vertex -20.7331 -16.7 10.6
    endloop
  endfacet
  facet normal 0.659478 0.751724 0
    outer loop
      vertex -20.8806 -16.5706 10.6
      vertex -20.7331 -16.7 1.5
      vertex -20.8806 -16.5706 1.5
    endloop
  endfacet
  facet normal 0.659478 -0.751724 0
    outer loop
      vertex -20.8806 16.5706 1.5
      vertex -20.7331 16.7 10.6
      vertex -20.8806 16.5706 10.6
    endloop
  endfacet
  facet normal 0.659478 -0.751724 0
    outer loop
      vertex -20.7331 16.7 10.6
      vertex -20.8806 16.5706 1.5
      vertex -20.7331 16.7 1.5
    endloop
  endfacet
  facet normal -0.321574 -0.946885 0
    outer loop
      vertex 20.2082 16.9589 1.5
      vertex 20.394 16.8958 10.6
      vertex 20.2082 16.9589 10.6
    endloop
  endfacet
  facet normal -0.321574 -0.946885 -0
    outer loop
      vertex 20.394 16.8958 10.6
      vertex 20.2082 16.9589 1.5
      vertex 20.394 16.8958 1.5
    endloop
  endfacet
  facet normal 0.980757 0.195234 4.70248e-20
    outer loop
      vertex -21.2689 -15.8982 10.6
      vertex -21.3072 -15.7058 1.5
      vertex -21.3072 -15.7058 10.6
    endloop
  endfacet
  facet normal 0.980757 0.195234 4.70248e-20
    outer loop
      vertex -21.3072 -15.7058 1.5
      vertex -21.2689 -15.8982 10.6
      vertex -21.2689 -15.8982 1.5
    endloop
  endfacet
  facet normal 0.99787 0.0652336 8.40994e-20
    outer loop
      vertex -21.3072 -15.7058 10.6
      vertex -21.32 -15.51 1.5
      vertex -21.32 -15.51 10.6
    endloop
  endfacet
  facet normal 0.99787 0.0652336 8.40994e-20
    outer loop
      vertex -21.32 -15.51 1.5
      vertex -21.3072 -15.7058 10.6
      vertex -21.3072 -15.7058 1.5
    endloop
  endfacet
  facet normal -0.195234 0.980757 0
    outer loop
      vertex 20.2082 -16.9589 1.5
      vertex 20.0158 -16.9972 10.6
      vertex 20.2082 -16.9589 10.6
    endloop
  endfacet
  facet normal -0.195234 0.980757 0
    outer loop
      vertex 20.0158 -16.9972 10.6
      vertex 20.2082 -16.9589 1.5
      vertex 20.0158 -16.9972 1.5
    endloop
  endfacet
  facet normal 0.89686 0.442315 1.46472e-20
    outer loop
      vertex -21.119 -16.26 10.6
      vertex -21.2058 -16.084 1.5
      vertex -21.2058 -16.084 10.6
    endloop
  endfacet
  facet normal 0.89686 0.442315 1.46472e-20
    outer loop
      vertex -21.2058 -16.084 1.5
      vertex -21.119 -16.26 10.6
      vertex -21.119 -16.26 1.5
    endloop
  endfacet
  facet normal -0.831422 -0.555641 4.80547e-19
    outer loop
      vertex 21.119 16.26 1.5
      vertex 21.01 16.4231 10.6
      vertex 21.01 16.4231 1.5
    endloop
  endfacet
  facet normal -0.831422 -0.555641 4.80547e-19
    outer loop
      vertex 21.01 16.4231 10.6
      vertex 21.119 16.26 1.5
      vertex 21.119 16.26 10.6
    endloop
  endfacet
  facet normal 0 0 1
    outer loop
      vertex -16.6975 13.345 1.5
      vertex 16.6975 13.345 1.5
      vertex -16.6251 13.4916 1.5
    endloop
  endfacet
  facet normal 0 0 1
    outer loop
      vertex 16.7883 -13.209 1.5
      vertex -16.5407 -13.8068 1.5
      vertex -16.53 -13.97 1.5
    endloop
  endfacet
  facet normal 0 0 1
    outer loop
      vertex 16.6975 13.345 1.5
      vertex -16.6975 13.345 1.5
      vertex 16.7883 13.209 1.5
    endloop
  endfacet
  facet normal 0 0 1
    outer loop
      vertex 16.7883 -13.209 1.5
      vertex -16.5726 -13.6465 1.5
      vertex -16.5407 -13.8068 1.5
    endloop
  endfacet
  facet normal 0 0 1
    outer loop
      vertex -16.7883 13.209 1.5
      vertex 16.7883 13.209 1.5
      vertex -16.6975 13.345 1.5
    endloop
  endfacet
  facet normal 0 0 1
    outer loop
      vertex 16.7883 -13.209 1.5
      vertex -16.6251 -13.4916 1.5
      vertex -16.5726 -13.6465 1.5
    endloop
  endfacet
  facet normal 0 0 1
    outer loop
      vertex 16.7883 13.209 1.5
      vertex -16.7883 13.209 1.5
      vertex 16.7883 -13.209 1.5
    endloop
  endfacet
  facet normal 0 0 1
    outer loop
      vertex 16.7883 -13.209 1.5
      vertex -16.6975 -13.345 1.5
      vertex -16.6251 -13.4916 1.5
    endloop
  endfacet
  facet normal 0 0 1
    outer loop
      vertex -16.7883 -13.209 1.5
      vertex 16.7883 -13.209 1.5
      vertex -16.7883 13.209 1.5
    endloop
  endfacet
  facet normal 0 0 1
    outer loop
      vertex 16.7883 -13.209 1.5
      vertex -16.7883 -13.209 1.5
      vertex -16.6975 -13.345 1.5
    endloop
  endfacet
  facet normal -0 0 1
    outer loop
      vertex -16.8961 13.0861 1.5
      vertex -16.7883 -13.209 1.5
      vertex -16.7883 13.209 1.5
    endloop
  endfacet
  facet normal 0 0 1
    outer loop
      vertex -16.8961 13.0861 1.5
      vertex -16.8961 -13.0861 1.5
      vertex -16.7883 -13.209 1.5
    endloop
  endfacet
  facet normal -0 0 1
    outer loop
      vertex -17.019 12.9783 1.5
      vertex -16.8961 -13.0861 1.5
      vertex -16.8961 13.0861 1.5
    endloop
  endfacet
  facet normal 0 0 1
    outer loop
      vertex -17.019 12.9783 1.5
      vertex -17.019 -12.9783 1.5
      vertex -16.8961 -13.0861 1.5
    endloop
  endfacet
  facet normal -0 0 1
    outer loop
      vertex -17.155 12.8875 1.5
      vertex -17.019 -12.9783 1.5
      vertex -17.019 12.9783 1.5
    endloop
  endfacet
  facet normal 0 0 1
    outer loop
      vertex -17.155 12.8875 1.5
      vertex -17.155 -12.8875 1.5
      vertex -17.019 -12.9783 1.5
    endloop
  endfacet
  facet normal -0 0 1
    outer loop
      vertex -17.3016 12.8152 1.5
      vertex -17.155 -12.8875 1.5
      vertex -17.155 12.8875 1.5
    endloop
  endfacet
  facet normal 0 0 1
    outer loop
      vertex -17.3016 12.8152 1.5
      vertex -17.3016 -12.8152 1.5
      vertex -17.155 -12.8875 1.5
    endloop
  endfacet
  facet normal -0 0 1
    outer loop
      vertex -17.4565 12.7626 1.5
      vertex -17.3016 -12.8152 1.5
      vertex -17.3016 12.8152 1.5
    endloop
  endfacet
  facet normal 0 0 1
    outer loop
      vertex -17.4565 12.7626 1.5
      vertex -17.4565 -12.7626 1.5
      vertex -17.3016 -12.8152 1.5
    endloop
  endfacet
  facet normal -0 0 1
    outer loop
      vertex -17.6168 12.7307 1.5
      vertex -17.4565 -12.7626 1.5
      vertex -17.4565 12.7626 1.5
    endloop
  endfacet
  facet normal 0 0 1
    outer loop
      vertex -17.6168 12.7307 1.5
      vertex -17.6168 -12.7307 1.5
      vertex -17.4565 -12.7626 1.5
    endloop
  endfacet
  facet normal -0 0 1
    outer loop
      vertex -17.78 12.72 1.5
      vertex -17.6168 -12.7307 1.5
      vertex -17.6168 12.7307 1.5
    endloop
  endfacet
  facet normal 0 0 1
    outer loop
      vertex -17.78 12.72 1.5
      vertex -17.78 -12.72 1.5
      vertex -17.6168 -12.7307 1.5
    endloop
  endfacet
  facet normal 0 0 1
    outer loop
      vertex -17.9432 12.7307 1.5
      vertex -17.78 -12.72 1.5
      vertex -17.78 12.72 1.5
    endloop
  endfacet
  facet normal 0 0 1
    outer loop
      vertex -17.9432 12.7307 1.5
      vertex -17.9432 -12.7307 1.5
      vertex -17.78 -12.72 1.5
    endloop
  endfacet
  facet normal 0 0 1
    outer loop
      vertex -18.1035 12.7626 1.5
      vertex -17.9432 -12.7307 1.5
      vertex -17.9432 12.7307 1.5
    endloop
  endfacet
  facet normal 0 0 1
    outer loop
      vertex -18.1035 12.7626 1.5
      vertex -18.1035 -12.7626 1.5
      vertex -17.9432 -12.7307 1.5
    endloop
  endfacet
  facet normal 0 0 1
    outer loop
      vertex -18.2584 12.8152 1.5
      vertex -18.1035 -12.7626 1.5
      vertex -18.1035 12.7626 1.5
    endloop
  endfacet
  facet normal 0 0 1
    outer loop
      vertex -18.2584 12.8152 1.5
      vertex -18.2584 -12.8152 1.5
      vertex -18.1035 -12.7626 1.5
    endloop
  endfacet
  facet normal 0 0 1
    outer loop
      vertex -18.405 12.8875 1.5
      vertex -18.2584 -12.8152 1.5
      vertex -18.2584 12.8152 1.5
    endloop
  endfacet
  facet normal 0 0 1
    outer loop
      vertex -18.405 12.8875 1.5
      vertex -18.405 -12.8875 1.5
      vertex -18.2584 -12.8152 1.5
    endloop
  endfacet
  facet normal 0 0 1
    outer loop
      vertex -18.541 12.9783 1.5
      vertex -18.405 -12.8875 1.5
      vertex -18.405 12.8875 1.5
    endloop
  endfacet
  facet normal 0 0 1
    outer loop
      vertex -18.541 12.9783 1.5
      vertex -18.541 -12.9783 1.5
      vertex -18.405 -12.8875 1.5
    endloop
  endfacet
  facet normal 0 0 1
    outer loop
      vertex -18.6639 13.0861 1.5
      vertex -18.541 -12.9783 1.5
      vertex -18.541 12.9783 1.5
    endloop
  endfacet
  facet normal 0 0 1
    outer loop
      vertex -18.6639 13.0861 1.5
      vertex -18.6639 -13.0861 1.5
      vertex -18.541 -12.9783 1.5
    endloop
  endfacet
  facet normal 0 0 1
    outer loop
      vertex -21.32 15.51 1.5
      vertex -18.6639 13.0861 1.5
      vertex -18.7717 13.209 1.5
    endloop
  endfacet
  facet normal 0 0 1
    outer loop
      vertex -18.6639 13.0861 1.5
      vertex -21.32 15.51 1.5
      vertex -18.6639 -13.0861 1.5
    endloop
  endfacet
  facet normal 0 0 1
    outer loop
      vertex -21.32 15.51 1.5
      vertex -18.7717 13.209 1.5
      vertex -18.8625 13.345 1.5
    endloop
  endfacet
  facet normal 0 0 1
    outer loop
      vertex -21.32 -15.51 1.5
      vertex -18.6639 -13.0861 1.5
      vertex -21.32 15.51 1.5
    endloop
  endfacet
  facet normal 0 0 1
    outer loop
      vertex -21.32 15.51 1.5
      vertex -18.8625 13.345 1.5
      vertex -18.9348 13.4916 1.5
    endloop
  endfacet
  facet normal 0 0 1
    outer loop
      vertex -18.6639 -13.0861 1.5
      vertex -21.32 -15.51 1.5
      vertex -18.7717 -13.209 1.5
    endloop
  endfacet
  facet normal 0 0 1
    outer loop
      vertex -21.32 15.51 1.5
      vertex -18.9348 13.4916 1.5
      vertex -18.9874 13.6465 1.5
    endloop
  endfacet
  facet normal 0 0 1
    outer loop
      vertex -18.7717 -13.209 1.5
      vertex -21.32 -15.51 1.5
      vertex -18.8625 -13.345 1.5
    endloop
  endfacet
  facet normal 0 0 1
    outer loop
      vertex -21.32 15.51 1.5
      vertex -18.9874 13.6465 1.5
      vertex -19.0193 13.8068 1.5
    endloop
  endfacet
  facet normal 0 0 1
    outer loop
      vertex -18.8625 -13.345 1.5
      vertex -21.32 -15.51 1.5
      vertex -18.9348 -13.4916 1.5
    endloop
  endfacet
  facet normal 0 0 1
    outer loop
      vertex -21.32 15.51 1.5
      vertex -19.0193 13.8068 1.5
      vertex -19.03 13.97 1.5
    endloop
  endfacet
  facet normal 0 0 1
    outer loop
      vertex -18.9348 -13.4916 1.5
      vertex -21.32 -15.51 1.5
      vertex -18.9874 -13.6465 1.5
    endloop
  endfacet
  facet normal 0 0 1
    outer loop
      vertex 18.9348 13.4916 1.5
      vertex 21.32 15.51 1.5
      vertex 18.9874 13.6465 1.5
    endloop
  endfacet
  facet normal 0 0 1
    outer loop
      vertex 21.32 -15.51 1.5
      vertex 19.0193 -13.8068 1.5
      vertex 19.03 -13.97 1.5
    endloop
  endfacet
  facet normal 0 0 1
    outer loop
      vertex 18.8625 13.345 1.5
      vertex 21.32 15.51 1.5
      vertex 18.9348 13.4916 1.5
    endloop
  endfacet
  facet normal 0 0 1
    outer loop
      vertex 21.32 -15.51 1.5
      vertex 18.9874 -13.6465 1.5
      vertex 19.0193 -13.8068 1.5
    endloop
  endfacet
  facet normal 0 0 1
    outer loop
      vertex 18.7717 13.209 1.5
      vertex 21.32 15.51 1.5
      vertex 18.8625 13.345 1.5
    endloop
  endfacet
  facet normal 0 0 1
    outer loop
      vertex 21.32 -15.51 1.5
      vertex 18.9348 -13.4916 1.5
      vertex 18.9874 -13.6465 1.5
    endloop
  endfacet
  facet normal 0 0 1
    outer loop
      vertex 18.6639 13.0861 1.5
      vertex 21.32 15.51 1.5
      vertex 18.7717 13.209 1.5
    endloop
  endfacet
  facet normal 0 0 1
    outer loop
      vertex 21.32 -15.51 1.5
      vertex 18.8625 -13.345 1.5
      vertex 18.9348 -13.4916 1.5
    endloop
  endfacet
  facet normal 0 0 1
    outer loop
      vertex 21.32 15.51 1.5
      vertex 18.6639 13.0861 1.5
      vertex 21.32 -15.51 1.5
    endloop
  endfacet
  facet normal 0 0 1
    outer loop
      vertex 21.32 -15.51 1.5
      vertex 18.7717 -13.209 1.5
      vertex 18.8625 -13.345 1.5
    endloop
  endfacet
  facet normal -0 0 1
    outer loop
      vertex 18.6639 -13.0861 1.5
      vertex 21.32 -15.51 1.5
      vertex 18.6639 13.0861 1.5
    endloop
  endfacet
  facet normal 0 0 1
    outer loop
      vertex 21.32 -15.51 1.5
      vertex 18.6639 -13.0861 1.5
      vertex 18.7717 -13.209 1.5
    endloop
  endfacet
  facet normal -0 0 1
    outer loop
      vertex 18.541 12.9783 1.5
      vertex 18.6639 -13.0861 1.5
      vertex 18.6639 13.0861 1.5
    endloop
  endfacet
  facet normal 0 0 1
    outer loop
      vertex 18.541 12.9783 1.5
      vertex 18.541 -12.9783 1.5
      vertex 18.6639 -13.0861 1.5
    endloop
  endfacet
  facet normal -0 0 1
    outer loop
      vertex 18.405 12.8875 1.5
      vertex 18.541 -12.9783 1.5
      vertex 18.541 12.9783 1.5
    endloop
  endfacet
  facet normal 0 0 1
    outer loop
      vertex 18.405 12.8875 1.5
      vertex 18.405 -12.8875 1.5
      vertex 18.541 -12.9783 1.5
    endloop
  endfacet
  facet normal -0 0 1
    outer loop
      vertex 18.2584 12.8152 1.5
      vertex 18.405 -12.8875 1.5
      vertex 18.405 12.8875 1.5
    endloop
  endfacet
  facet normal 0 0 1
    outer loop
      vertex 18.2584 12.8152 1.5
      vertex 18.2584 -12.8152 1.5
      vertex 18.405 -12.8875 1.5
    endloop
  endfacet
  facet normal -0 0 1
    outer loop
      vertex 18.1035 12.7626 1.5
      vertex 18.2584 -12.8152 1.5
      vertex 18.2584 12.8152 1.5
    endloop
  endfacet
  facet normal 0 0 1
    outer loop
      vertex 18.1035 12.7626 1.5
      vertex 18.1035 -12.7626 1.5
      vertex 18.2584 -12.8152 1.5
    endloop
  endfacet
  facet normal -0 0 1
    outer loop
      vertex 17.9432 12.7307 1.5
      vertex 18.1035 -12.7626 1.5
      vertex 18.1035 12.7626 1.5
    endloop
  endfacet
  facet normal 0 0 1
    outer loop
      vertex 17.9432 12.7307 1.5
      vertex 17.9432 -12.7307 1.5
      vertex 18.1035 -12.7626 1.5
    endloop
  endfacet
  facet normal -0 0 1
    outer loop
      vertex 17.78 12.72 1.5
      vertex 17.9432 -12.7307 1.5
      vertex 17.9432 12.7307 1.5
    endloop
  endfacet
  facet normal 0 0 1
    outer loop
      vertex 17.78 12.72 1.5
      vertex 17.78 -12.72 1.5
      vertex 17.9432 -12.7307 1.5
    endloop
  endfacet
  facet normal 0 0 1
    outer loop
      vertex 17.6168 12.7307 1.5
      vertex 17.78 -12.72 1.5
      vertex 17.78 12.72 1.5
    endloop
  endfacet
  facet normal 0 0 1
    outer loop
      vertex 17.6168 12.7307 1.5
      vertex 17.6168 -12.7307 1.5
      vertex 17.78 -12.72 1.5
    endloop
  endfacet
  facet normal 0 0 1
    outer loop
      vertex 17.4565 12.7626 1.5
      vertex 17.6168 -12.7307 1.5
      vertex 17.6168 12.7307 1.5
    endloop
  endfacet
  facet normal 0 0 1
    outer loop
      vertex 17.4565 12.7626 1.5
      vertex 17.4565 -12.7626 1.5
      vertex 17.6168 -12.7307 1.5
    endloop
  endfacet
  facet normal 0 0 1
    outer loop
      vertex 17.3016 12.8152 1.5
      vertex 17.4565 -12.7626 1.5
      vertex 17.4565 12.7626 1.5
    endloop
  endfacet
  facet normal 0 0 1
    outer loop
      vertex 17.3016 12.8152 1.5
      vertex 17.3016 -12.8152 1.5
      vertex 17.4565 -12.7626 1.5
    endloop
  endfacet
  facet normal 0 0 1
    outer loop
      vertex 17.155 12.8875 1.5
      vertex 17.3016 -12.8152 1.5
      vertex 17.3016 12.8152 1.5
    endloop
  endfacet
  facet normal 0 0 1
    outer loop
      vertex 17.155 12.8875 1.5
      vertex 17.155 -12.8875 1.5
      vertex 17.3016 -12.8152 1.5
    endloop
  endfacet
  facet normal 0 0 1
    outer loop
      vertex 17.019 12.9783 1.5
      vertex 17.155 -12.8875 1.5
      vertex 17.155 12.8875 1.5
    endloop
  endfacet
  facet normal 0 0 1
    outer loop
      vertex 17.019 12.9783 1.5
      vertex 17.019 -12.9783 1.5
      vertex 17.155 -12.8875 1.5
    endloop
  endfacet
  facet normal 0 0 1
    outer loop
      vertex 16.8961 13.0861 1.5
      vertex 17.019 -12.9783 1.5
      vertex 17.019 12.9783 1.5
    endloop
  endfacet
  facet normal 0 0 1
    outer loop
      vertex 16.8961 13.0861 1.5
      vertex 16.8961 -13.0861 1.5
      vertex 17.019 -12.9783 1.5
    endloop
  endfacet
  facet normal 0 0 1
    outer loop
      vertex 16.7883 13.209 1.5
      vertex 16.8961 -13.0861 1.5
      vertex 16.8961 13.0861 1.5
    endloop
  endfacet
  facet normal 0 0 1
    outer loop
      vertex 16.7883 13.209 1.5
      vertex 16.7883 -13.209 1.5
      vertex 16.8961 -13.0861 1.5
    endloop
  endfacet
  facet normal 0 0 1
    outer loop
      vertex 16.5726 13.6465 1.5
      vertex -16.5726 13.6465 1.5
      vertex 16.6251 13.4916 1.5
    endloop
  endfacet
  facet normal 0 0 1
    outer loop
      vertex -16.6251 13.4916 1.5
      vertex 16.6251 13.4916 1.5
      vertex -16.5726 13.6465 1.5
    endloop
  endfacet
  facet normal 0 0 1
    outer loop
      vertex -16.5726 13.6465 1.5
      vertex 16.5726 13.6465 1.5
      vertex -16.5407 13.8068 1.5
    endloop
  endfacet
  facet normal 0 0 1
    outer loop
      vertex 16.6251 13.4916 1.5
      vertex -16.6251 13.4916 1.5
      vertex 16.6975 13.345 1.5
    endloop
  endfacet
  facet normal 0 0 1
    outer loop
      vertex 16.5407 13.8068 1.5
      vertex -16.5407 13.8068 1.5
      vertex 16.5726 13.6465 1.5
    endloop
  endfacet
  facet normal 0 0 1
    outer loop
      vertex 16.7883 -13.209 1.5
      vertex -16.53 -13.97 1.5
      vertex 16.6975 -13.345 1.5
    endloop
  endfacet
  facet normal 0 0 1
    outer loop
      vertex -16.5407 13.8068 1.5
      vertex 16.5407 13.8068 1.5
      vertex -16.53 13.97 1.5
    endloop
  endfacet
  facet normal 0 0 1
    outer loop
      vertex 16.6975 -13.345 1.5
      vertex -16.53 -13.97 1.5
      vertex 16.6251 -13.4916 1.5
    endloop
  endfacet
  facet normal -0 0 1
    outer loop
      vertex -16.53 13.97 1.5
      vertex 16.5407 13.8068 1.5
      vertex 16.53 13.97 1.5
    endloop
  endfacet
  facet normal 0 0 1
    outer loop
      vertex 16.6251 -13.4916 1.5
      vertex -16.53 -13.97 1.5
      vertex 16.5726 -13.6465 1.5
    endloop
  endfacet
  facet normal 0 0 1
    outer loop
      vertex 18.7717 14.731 1.5
      vertex 21.32 15.51 1.5
      vertex 21.3072 15.7058 1.5
    endloop
  endfacet
  facet normal 0 0 1
    outer loop
      vertex 19.0193 13.8068 1.5
      vertex 21.32 15.51 1.5
      vertex 19.03 13.97 1.5
    endloop
  endfacet
  facet normal 0 0 1
    outer loop
      vertex 18.7717 14.731 1.5
      vertex 21.3072 15.7058 1.5
      vertex 21.2689 15.8982 1.5
    endloop
  endfacet
  facet normal 0 0 1
    outer loop
      vertex 18.9874 13.6465 1.5
      vertex 21.32 15.51 1.5
      vertex 19.0193 13.8068 1.5
    endloop
  endfacet
  facet normal 0 0 1
    outer loop
      vertex 18.7717 14.731 1.5
      vertex 21.2689 15.8982 1.5
      vertex 21.2058 16.084 1.5
    endloop
  endfacet
  facet normal -0 0 1
    outer loop
      vertex 19.0193 -14.1332 1.5
      vertex 21.32 -15.51 1.5
      vertex 19.03 -13.97 1.5
    endloop
  endfacet
  facet normal 0 0 1
    outer loop
      vertex 18.7717 14.731 1.5
      vertex 21.2058 16.084 1.5
      vertex 21.119 16.26 1.5
    endloop
  endfacet
  facet normal -0 0 1
    outer loop
      vertex 18.9874 -14.2935 1.5
      vertex 21.32 -15.51 1.5
      vertex 19.0193 -14.1332 1.5
    endloop
  endfacet
  facet normal 0 0 1
    outer loop
      vertex 18.7717 14.731 1.5
      vertex 21.119 16.26 1.5
      vertex 21.01 16.4231 1.5
    endloop
  endfacet
  facet normal -0 0 1
    outer loop
      vertex 18.9348 -14.4484 1.5
      vertex 21.32 -15.51 1.5
      vertex 18.9874 -14.2935 1.5
    endloop
  endfacet
  facet normal 0 0 1
    outer loop
      vertex 18.7717 14.731 1.5
      vertex 21.01 16.4231 1.5
      vertex 20.8806 16.5706 1.5
    endloop
  endfacet
  facet normal -0 0 1
    outer loop
      vertex 18.8625 -14.595 1.5
      vertex 21.32 -15.51 1.5
      vertex 18.9348 -14.4484 1.5
    endloop
  endfacet
  facet normal 0 0 1
    outer loop
      vertex 18.7717 14.731 1.5
      vertex 20.8806 16.5706 1.5
      vertex 20.7331 16.7 1.5
    endloop
  endfacet
  facet normal -0 0 1
    outer loop
      vertex 18.7717 -14.731 1.5
      vertex 21.32 -15.51 1.5
      vertex 18.8625 -14.595 1.5
    endloop
  endfacet
  facet normal 0 0 1
    outer loop
      vertex 18.7717 14.731 1.5
      vertex 20.7331 16.7 1.5
      vertex 20.57 16.809 1.5
    endloop
  endfacet
  facet normal 0 0 1
    outer loop
      vertex 21.32 -15.51 1.5
      vertex 18.7717 -14.731 1.5
      vertex 21.3072 -15.7058 1.5
    endloop
  endfacet
  facet normal 0 0 1
    outer loop
      vertex 18.7717 14.731 1.5
      vertex 20.57 16.809 1.5
      vertex 20.394 16.8958 1.5
    endloop
  endfacet
  facet normal 0 0 1
    outer loop
      vertex 21.3072 -15.7058 1.5
      vertex 18.7717 -14.731 1.5
      vertex 21.2689 -15.8982 1.5
    endloop
  endfacet
  facet normal 0 0 1
    outer loop
      vertex 18.7717 14.731 1.5
      vertex 20.394 16.8958 1.5
      vertex 20.2082 16.9589 1.5
    endloop
  endfacet
  facet normal 0 0 1
    outer loop
      vertex 21.2689 -15.8982 1.5
      vertex 18.7717 -14.731 1.5
      vertex 21.2058 -16.084 1.5
    endloop
  endfacet
  facet normal 0 0 1
    outer loop
      vertex 18.7717 14.731 1.5
      vertex 20.2082 16.9589 1.5
      vertex 20.0158 16.9972 1.5
    endloop
  endfacet
  facet normal 0 0 1
    outer loop
      vertex 21.2058 -16.084 1.5
      vertex 18.7717 -14.731 1.5
      vertex 21.119 -16.26 1.5
    endloop
  endfacet
  facet normal 0 0 1
    outer loop
      vertex 18.7717 14.731 1.5
      vertex 20.0158 16.9972 1.5
      vertex 19.82 17.01 1.5
    endloop
  endfacet
  facet normal 0 0 1
    outer loop
      vertex 21.119 -16.26 1.5
      vertex 18.7717 -14.731 1.5
      vertex 21.01 -16.4231 1.5
    endloop
  endfacet
  facet normal 0 0 1
    outer loop
      vertex 21.01 -16.4231 1.5
      vertex 18.7717 -14.731 1.5
      vertex 20.8806 -16.5706 1.5
    endloop
  endfacet
  facet normal 0 0 1
    outer loop
      vertex 21.32 15.51 1.5
      vertex 19.0193 14.1332 1.5
      vertex 19.03 13.97 1.5
    endloop
  endfacet
  facet normal 0 0 1
    outer loop
      vertex 21.32 15.51 1.5
      vertex 18.9874 14.2935 1.5
      vertex 19.0193 14.1332 1.5
    endloop
  endfacet
  facet normal 0 0 1
    outer loop
      vertex 21.32 15.51 1.5
      vertex 18.9348 14.4484 1.5
      vertex 18.9874 14.2935 1.5
    endloop
  endfacet
  facet normal 0 0 1
    outer loop
      vertex 21.32 15.51 1.5
      vertex 18.8625 14.595 1.5
      vertex 18.9348 14.4484 1.5
    endloop
  endfacet
  facet normal 0 0 1
    outer loop
      vertex 21.32 15.51 1.5
      vertex 18.7717 14.731 1.5
      vertex 18.8625 14.595 1.5
    endloop
  endfacet
  facet normal 0 0 1
    outer loop
      vertex 19.82 17.01 1.5
      vertex 18.6639 14.8539 1.5
      vertex 18.7717 14.731 1.5
    endloop
  endfacet
  facet normal 0 0 1
    outer loop
      vertex 19.82 17.01 1.5
      vertex 18.541 14.9617 1.5
      vertex 18.6639 14.8539 1.5
    endloop
  endfacet
  facet normal 0 0 1
    outer loop
      vertex 19.82 17.01 1.5
      vertex 18.405 15.0525 1.5
      vertex 18.541 14.9617 1.5
    endloop
  endfacet
  facet normal 0 0 1
    outer loop
      vertex 19.82 17.01 1.5
      vertex 18.2584 15.1248 1.5
      vertex 18.405 15.0525 1.5
    endloop
  endfacet
  facet normal 0 0 1
    outer loop
      vertex 19.82 17.01 1.5
      vertex 18.1035 15.1774 1.5
      vertex 18.2584 15.1248 1.5
    endloop
  endfacet
  facet normal 0 0 1
    outer loop
      vertex 19.82 17.01 1.5
      vertex 17.9432 15.2093 1.5
      vertex 18.1035 15.1774 1.5
    endloop
  endfacet
  facet normal 0 0 1
    outer loop
      vertex 19.82 17.01 1.5
      vertex 17.78 15.22 1.5
      vertex 17.9432 15.2093 1.5
    endloop
  endfacet
  facet normal 0 0 1
    outer loop
      vertex 19.82 17.01 1.5
      vertex 17.6168 15.2093 1.5
      vertex 17.78 15.22 1.5
    endloop
  endfacet
  facet normal 0 0 1
    outer loop
      vertex 19.82 17.01 1.5
      vertex 17.4565 15.1774 1.5
      vertex 17.6168 15.2093 1.5
    endloop
  endfacet
  facet normal 0 0 1
    outer loop
      vertex 19.82 17.01 1.5
      vertex 17.3016 15.1248 1.5
      vertex 17.4565 15.1774 1.5
    endloop
  endfacet
  facet normal 0 0 1
    outer loop
      vertex 19.82 17.01 1.5
      vertex 17.155 15.0525 1.5
      vertex 17.3016 15.1248 1.5
    endloop
  endfacet
  facet normal 0 0 1
    outer loop
      vertex -17.155 15.0525 1.5
      vertex 17.155 15.0525 1.5
      vertex 19.82 17.01 1.5
    endloop
  endfacet
  facet normal 0 0 1
    outer loop
      vertex 16.5726 -13.6465 1.5
      vertex -16.53 -13.97 1.5
      vertex 16.5407 -13.8068 1.5
    endloop
  endfacet
  facet normal 0 0 1
    outer loop
      vertex 16.5407 14.1332 1.5
      vertex -16.53 13.97 1.5
      vertex 16.53 13.97 1.5
    endloop
  endfacet
  facet normal 0 0 1
    outer loop
      vertex -16.5407 14.1332 1.5
      vertex 16.5407 14.1332 1.5
      vertex 16.5726 14.2935 1.5
    endloop
  endfacet
  facet normal 0 0 1
    outer loop
      vertex -16.5726 14.2935 1.5
      vertex 16.5726 14.2935 1.5
      vertex 16.6251 14.4484 1.5
    endloop
  endfacet
  facet normal 0 0 1
    outer loop
      vertex -16.6251 14.4484 1.5
      vertex 16.6251 14.4484 1.5
      vertex 16.6975 14.595 1.5
    endloop
  endfacet
  facet normal 0 0 1
    outer loop
      vertex -16.6975 14.595 1.5
      vertex 16.6975 14.595 1.5
      vertex 16.7883 14.731 1.5
    endloop
  endfacet
  facet normal 0 0 1
    outer loop
      vertex -16.7883 14.731 1.5
      vertex 16.7883 14.731 1.5
      vertex 16.8961 14.8539 1.5
    endloop
  endfacet
  facet normal 0 0 1
    outer loop
      vertex -16.8961 14.8539 1.5
      vertex 16.8961 14.8539 1.5
      vertex 17.019 14.9617 1.5
    endloop
  endfacet
  facet normal 0 0 1
    outer loop
      vertex 17.155 15.0525 1.5
      vertex -17.155 15.0525 1.5
      vertex 17.019 14.9617 1.5
    endloop
  endfacet
  facet normal 0 0 1
    outer loop
      vertex 16.5407 14.1332 1.5
      vertex -16.5407 14.1332 1.5
      vertex -16.53 13.97 1.5
    endloop
  endfacet
  facet normal 0 0 1
    outer loop
      vertex 16.5726 14.2935 1.5
      vertex -16.5726 14.2935 1.5
      vertex -16.5407 14.1332 1.5
    endloop
  endfacet
  facet normal 0 0 1
    outer loop
      vertex 16.6251 14.4484 1.5
      vertex -16.6251 14.4484 1.5
      vertex -16.5726 14.2935 1.5
    endloop
  endfacet
  facet normal 0 0 1
    outer loop
      vertex 16.6975 14.595 1.5
      vertex -16.6975 14.595 1.5
      vertex -16.6251 14.4484 1.5
    endloop
  endfacet
  facet normal 0 0 1
    outer loop
      vertex 16.7883 14.731 1.5
      vertex -16.7883 14.731 1.5
      vertex -16.6975 14.595 1.5
    endloop
  endfacet
  facet normal 0 0 1
    outer loop
      vertex 16.8961 14.8539 1.5
      vertex -16.8961 14.8539 1.5
      vertex -16.7883 14.731 1.5
    endloop
  endfacet
  facet normal 0 0 1
    outer loop
      vertex 17.019 14.9617 1.5
      vertex -17.019 14.9617 1.5
      vertex -16.8961 14.8539 1.5
    endloop
  endfacet
  facet normal 0 0 1
    outer loop
      vertex 17.019 14.9617 1.5
      vertex -17.155 15.0525 1.5
      vertex -17.019 14.9617 1.5
    endloop
  endfacet
  facet normal -0 0 1
    outer loop
      vertex -19.82 17.01 1.5
      vertex -17.155 15.0525 1.5
      vertex 19.82 17.01 1.5
    endloop
  endfacet
  facet normal 0 0 1
    outer loop
      vertex -17.155 15.0525 1.5
      vertex -19.82 17.01 1.5
      vertex -17.3016 15.1248 1.5
    endloop
  endfacet
  facet normal 0 0 1
    outer loop
      vertex -17.3016 15.1248 1.5
      vertex -19.82 17.01 1.5
      vertex -17.4565 15.1774 1.5
    endloop
  endfacet
  facet normal 0 0 1
    outer loop
      vertex -17.4565 15.1774 1.5
      vertex -19.82 17.01 1.5
      vertex -17.6168 15.2093 1.5
    endloop
  endfacet
  facet normal 0 0 1
    outer loop
      vertex -19.0193 14.1332 1.5
      vertex -21.32 15.51 1.5
      vertex -19.03 13.97 1.5
    endloop
  endfacet
  facet normal 0 0 1
    outer loop
      vertex -18.9874 14.2935 1.5
      vertex -21.32 15.51 1.5
      vertex -19.0193 14.1332 1.5
    endloop
  endfacet
  facet normal 0 0 1
    outer loop
      vertex -18.9348 14.4484 1.5
      vertex -21.32 15.51 1.5
      vertex -18.9874 14.2935 1.5
    endloop
  endfacet
  facet normal 0 0 1
    outer loop
      vertex -18.8625 14.595 1.5
      vertex -21.32 15.51 1.5
      vertex -18.9348 14.4484 1.5
    endloop
  endfacet
  facet normal 0 0 1
    outer loop
      vertex -18.7717 14.731 1.5
      vertex -21.32 15.51 1.5
      vertex -18.8625 14.595 1.5
    endloop
  endfacet
  facet normal -0 0 1
    outer loop
      vertex -21.32 15.51 1.5
      vertex -18.7717 14.731 1.5
      vertex -19.82 17.01 1.5
    endloop
  endfacet
  facet normal 0 0 1
    outer loop
      vertex -18.6639 14.8539 1.5
      vertex -19.82 17.01 1.5
      vertex -18.7717 14.731 1.5
    endloop
  endfacet
  facet normal 0 0 1
    outer loop
      vertex -18.541 14.9617 1.5
      vertex -19.82 17.01 1.5
      vertex -18.6639 14.8539 1.5
    endloop
  endfacet
  facet normal 0 0 1
    outer loop
      vertex -18.405 15.0525 1.5
      vertex -19.82 17.01 1.5
      vertex -18.541 14.9617 1.5
    endloop
  endfacet
  facet normal 0 0 1
    outer loop
      vertex -18.2584 15.1248 1.5
      vertex -19.82 17.01 1.5
      vertex -18.405 15.0525 1.5
    endloop
  endfacet
  facet normal 0 0 1
    outer loop
      vertex -18.1035 15.1774 1.5
      vertex -19.82 17.01 1.5
      vertex -18.2584 15.1248 1.5
    endloop
  endfacet
  facet normal 0 0 1
    outer loop
      vertex -17.9432 15.2093 1.5
      vertex -19.82 17.01 1.5
      vertex -18.1035 15.1774 1.5
    endloop
  endfacet
  facet normal 0 0 1
    outer loop
      vertex -17.78 15.22 1.5
      vertex -19.82 17.01 1.5
      vertex -17.9432 15.2093 1.5
    endloop
  endfacet
  facet normal 0 0 1
    outer loop
      vertex -17.6168 15.2093 1.5
      vertex -19.82 17.01 1.5
      vertex -17.78 15.22 1.5
    endloop
  endfacet
  facet normal 0 0 1
    outer loop
      vertex 20.8806 -16.5706 1.5
      vertex 18.7717 -14.731 1.5
      vertex 20.7331 -16.7 1.5
    endloop
  endfacet
  facet normal 0 0 1
    outer loop
      vertex 20.7331 -16.7 1.5
      vertex 18.7717 -14.731 1.5
      vertex 20.57 -16.809 1.5
    endloop
  endfacet
  facet normal 0 0 1
    outer loop
      vertex 20.57 -16.809 1.5
      vertex 18.7717 -14.731 1.5
      vertex 20.394 -16.8958 1.5
    endloop
  endfacet
  facet normal 0 0 1
    outer loop
      vertex 20.394 -16.8958 1.5
      vertex 18.7717 -14.731 1.5
      vertex 20.2082 -16.9589 1.5
    endloop
  endfacet
  facet normal 0 0 1
    outer loop
      vertex 20.2082 -16.9589 1.5
      vertex 18.7717 -14.731 1.5
      vertex 20.0158 -16.9972 1.5
    endloop
  endfacet
  facet normal 0 0 1
    outer loop
      vertex 20.0158 -16.9972 1.5
      vertex 18.7717 -14.731 1.5
      vertex 19.82 -17.01 1.5
    endloop
  endfacet
  facet normal -0 0 1
    outer loop
      vertex 18.6639 -14.8539 1.5
      vertex 19.82 -17.01 1.5
      vertex 18.7717 -14.731 1.5
    endloop
  endfacet
  facet normal -0 0 1
    outer loop
      vertex 18.541 -14.9617 1.5
      vertex 19.82 -17.01 1.5
      vertex 18.6639 -14.8539 1.5
    endloop
  endfacet
  facet normal -0 0 1
    outer loop
      vertex 18.405 -15.0525 1.5
      vertex 19.82 -17.01 1.5
      vertex 18.541 -14.9617 1.5
    endloop
  endfacet
  facet normal -0 0 1
    outer loop
      vertex 18.2584 -15.1248 1.5
      vertex 19.82 -17.01 1.5
      vertex 18.405 -15.0525 1.5
    endloop
  endfacet
  facet normal -0 0 1
    outer loop
      vertex 18.1035 -15.1774 1.5
      vertex 19.82 -17.01 1.5
      vertex 18.2584 -15.1248 1.5
    endloop
  endfacet
  facet normal -0 0 1
    outer loop
      vertex 17.9432 -15.2093 1.5
      vertex 19.82 -17.01 1.5
      vertex 18.1035 -15.1774 1.5
    endloop
  endfacet
  facet normal -0 0 1
    outer loop
      vertex 17.78 -15.22 1.5
      vertex 19.82 -17.01 1.5
      vertex 17.9432 -15.2093 1.5
    endloop
  endfacet
  facet normal 0 0 1
    outer loop
      vertex 17.6168 -15.2093 1.5
      vertex 19.82 -17.01 1.5
      vertex 17.78 -15.22 1.5
    endloop
  endfacet
  facet normal 0 0 1
    outer loop
      vertex 17.4565 -15.1774 1.5
      vertex 19.82 -17.01 1.5
      vertex 17.6168 -15.2093 1.5
    endloop
  endfacet
  facet normal 0 0 1
    outer loop
      vertex 17.3016 -15.1248 1.5
      vertex 19.82 -17.01 1.5
      vertex 17.4565 -15.1774 1.5
    endloop
  endfacet
  facet normal 0 0 1
    outer loop
      vertex 17.155 -15.0525 1.5
      vertex 19.82 -17.01 1.5
      vertex 17.3016 -15.1248 1.5
    endloop
  endfacet
  facet normal 0 0 1
    outer loop
      vertex -17.155 -15.0525 1.5
      vertex 17.155 -15.0525 1.5
      vertex 17.019 -14.9617 1.5
    endloop
  endfacet
  facet normal 0 0 1
    outer loop
      vertex 16.5407 -13.8068 1.5
      vertex -16.53 -13.97 1.5
      vertex 16.53 -13.97 1.5
    endloop
  endfacet
  facet normal 0 0 1
    outer loop
      vertex 16.53 -13.97 1.5
      vertex -16.53 -13.97 1.5
      vertex 16.5407 -14.1332 1.5
    endloop
  endfacet
  facet normal 0 0 1
    outer loop
      vertex -16.5407 -14.1332 1.5
      vertex 16.5407 -14.1332 1.5
      vertex -16.53 -13.97 1.5
    endloop
  endfacet
  facet normal 0 0 1
    outer loop
      vertex 16.5407 -14.1332 1.5
      vertex -16.5407 -14.1332 1.5
      vertex 16.5726 -14.2935 1.5
    endloop
  endfacet
  facet normal 0 0 1
    outer loop
      vertex -16.5726 -14.2935 1.5
      vertex 16.5726 -14.2935 1.5
      vertex -16.5407 -14.1332 1.5
    endloop
  endfacet
  facet normal 0 0 1
    outer loop
      vertex 16.5726 -14.2935 1.5
      vertex -16.5726 -14.2935 1.5
      vertex 16.6251 -14.4484 1.5
    endloop
  endfacet
  facet normal 0 0 1
    outer loop
      vertex -16.6251 -14.4484 1.5
      vertex 16.6251 -14.4484 1.5
      vertex -16.5726 -14.2935 1.5
    endloop
  endfacet
  facet normal 0 0 1
    outer loop
      vertex 16.6251 -14.4484 1.5
      vertex -16.6251 -14.4484 1.5
      vertex 16.6975 -14.595 1.5
    endloop
  endfacet
  facet normal 0 0 1
    outer loop
      vertex -16.6975 -14.595 1.5
      vertex 16.6975 -14.595 1.5
      vertex -16.6251 -14.4484 1.5
    endloop
  endfacet
  facet normal 0 0 1
    outer loop
      vertex 16.6975 -14.595 1.5
      vertex -16.6975 -14.595 1.5
      vertex 16.7883 -14.731 1.5
    endloop
  endfacet
  facet normal 0 0 1
    outer loop
      vertex -16.7883 -14.731 1.5
      vertex 16.7883 -14.731 1.5
      vertex -16.6975 -14.595 1.5
    endloop
  endfacet
  facet normal 0 0 1
    outer loop
      vertex 16.7883 -14.731 1.5
      vertex -16.7883 -14.731 1.5
      vertex 16.8961 -14.8539 1.5
    endloop
  endfacet
  facet normal 0 0 1
    outer loop
      vertex -16.8961 -14.8539 1.5
      vertex 16.8961 -14.8539 1.5
      vertex -16.7883 -14.731 1.5
    endloop
  endfacet
  facet normal 0 0 1
    outer loop
      vertex 16.8961 -14.8539 1.5
      vertex -16.8961 -14.8539 1.5
      vertex 17.019 -14.9617 1.5
    endloop
  endfacet
  facet normal 0 0 1
    outer loop
      vertex -17.019 -14.9617 1.5
      vertex 17.019 -14.9617 1.5
      vertex -16.8961 -14.8539 1.5
    endloop
  endfacet
  facet normal 0 0 1
    outer loop
      vertex -17.155 -15.0525 1.5
      vertex 17.019 -14.9617 1.5
      vertex -17.019 -14.9617 1.5
    endloop
  endfacet
  facet normal 0 0 1
    outer loop
      vertex 17.155 -15.0525 1.5
      vertex -17.155 -15.0525 1.5
      vertex 19.82 -17.01 1.5
    endloop
  endfacet
  facet normal 0 0 1
    outer loop
      vertex -19.82 -17.01 1.5
      vertex -17.155 -15.0525 1.5
      vertex -17.3016 -15.1248 1.5
    endloop
  endfacet
  facet normal 0 0 1
    outer loop
      vertex -19.82 -17.01 1.5
      vertex -17.3016 -15.1248 1.5
      vertex -17.4565 -15.1774 1.5
    endloop
  endfacet
  facet normal 0 0 1
    outer loop
      vertex -19.82 -17.01 1.5
      vertex -17.4565 -15.1774 1.5
      vertex -17.6168 -15.2093 1.5
    endloop
  endfacet
  facet normal 0 0 1
    outer loop
      vertex -19.82 -17.01 1.5
      vertex -17.6168 -15.2093 1.5
      vertex -17.78 -15.22 1.5
    endloop
  endfacet
  facet normal 0 0 1
    outer loop
      vertex -17.155 -15.0525 1.5
      vertex -19.82 -17.01 1.5
      vertex 19.82 -17.01 1.5
    endloop
  endfacet
  facet normal 0 0 1
    outer loop
      vertex -17.9432 -15.2093 1.5
      vertex -19.82 -17.01 1.5
      vertex -17.78 -15.22 1.5
    endloop
  endfacet
  facet normal 0 0 1
    outer loop
      vertex -18.1035 -15.1774 1.5
      vertex -19.82 -17.01 1.5
      vertex -17.9432 -15.2093 1.5
    endloop
  endfacet
  facet normal 0 0 1
    outer loop
      vertex -18.2584 -15.1248 1.5
      vertex -19.82 -17.01 1.5
      vertex -18.1035 -15.1774 1.5
    endloop
  endfacet
  facet normal 0 0 1
    outer loop
      vertex -18.405 -15.0525 1.5
      vertex -19.82 -17.01 1.5
      vertex -18.2584 -15.1248 1.5
    endloop
  endfacet
  facet normal 0 0 1
    outer loop
      vertex -18.541 -14.9617 1.5
      vertex -19.82 -17.01 1.5
      vertex -18.405 -15.0525 1.5
    endloop
  endfacet
  facet normal 0 0 1
    outer loop
      vertex -18.6639 -14.8539 1.5
      vertex -19.82 -17.01 1.5
      vertex -18.541 -14.9617 1.5
    endloop
  endfacet
  facet normal 0 0 1
    outer loop
      vertex -18.7717 -14.731 1.5
      vertex -19.82 -17.01 1.5
      vertex -18.6639 -14.8539 1.5
    endloop
  endfacet
  facet normal 0 0 1
    outer loop
      vertex -21.32 -15.51 1.5
      vertex -18.7717 -14.731 1.5
      vertex -18.8625 -14.595 1.5
    endloop
  endfacet
  facet normal 0 0 1
    outer loop
      vertex -21.32 -15.51 1.5
      vertex -18.8625 -14.595 1.5
      vertex -18.9348 -14.4484 1.5
    endloop
  endfacet
  facet normal 0 0 1
    outer loop
      vertex -21.32 -15.51 1.5
      vertex -18.9348 -14.4484 1.5
      vertex -18.9874 -14.2935 1.5
    endloop
  endfacet
  facet normal 0 0 1
    outer loop
      vertex -21.32 -15.51 1.5
      vertex -18.9874 -14.2935 1.5
      vertex -19.0193 -14.1332 1.5
    endloop
  endfacet
  facet normal 0 0 1
    outer loop
      vertex -21.32 -15.51 1.5
      vertex -19.0193 -14.1332 1.5
      vertex -19.03 -13.97 1.5
    endloop
  endfacet
  facet normal 0 0 1
    outer loop
      vertex -18.9874 -13.6465 1.5
      vertex -21.32 -15.51 1.5
      vertex -19.0193 -13.8068 1.5
    endloop
  endfacet
  facet normal 0 0 1
    outer loop
      vertex -21.32 15.51 1.5
      vertex -19.82 17.01 1.5
      vertex -20.0158 16.9972 1.5
    endloop
  endfacet
  facet normal 0 0 1
    outer loop
      vertex -19.0193 -13.8068 1.5
      vertex -21.32 -15.51 1.5
      vertex -19.03 -13.97 1.5
    endloop
  endfacet
  facet normal 0 0 1
    outer loop
      vertex -21.32 15.51 1.5
      vertex -20.0158 16.9972 1.5
      vertex -20.2082 16.9589 1.5
    endloop
  endfacet
  facet normal 0 0 1
    outer loop
      vertex -18.7717 -14.731 1.5
      vertex -21.32 -15.51 1.5
      vertex -21.2689 -15.8982 1.5
    endloop
  endfacet
  facet normal 0 0 1
    outer loop
      vertex -21.32 15.51 1.5
      vertex -20.2082 16.9589 1.5
      vertex -20.394 16.8958 1.5
    endloop
  endfacet
  facet normal 0 0 1
    outer loop
      vertex -18.7717 -14.731 1.5
      vertex -20.0158 -16.9972 1.5
      vertex -19.82 -17.01 1.5
    endloop
  endfacet
  facet normal 0 0 1
    outer loop
      vertex -21.32 15.51 1.5
      vertex -20.394 16.8958 1.5
      vertex -20.57 16.809 1.5
    endloop
  endfacet
  facet normal 0 0 1
    outer loop
      vertex -18.7717 -14.731 1.5
      vertex -20.2082 -16.9589 1.5
      vertex -20.0158 -16.9972 1.5
    endloop
  endfacet
  facet normal 0 0 1
    outer loop
      vertex -21.32 15.51 1.5
      vertex -20.57 16.809 1.5
      vertex -20.7331 16.7 1.5
    endloop
  endfacet
  facet normal 0 0 1
    outer loop
      vertex -18.7717 -14.731 1.5
      vertex -20.394 -16.8958 1.5
      vertex -20.2082 -16.9589 1.5
    endloop
  endfacet
  facet normal 0 0 1
    outer loop
      vertex -21.32 15.51 1.5
      vertex -20.7331 16.7 1.5
      vertex -20.8806 16.5706 1.5
    endloop
  endfacet
  facet normal 0 0 1
    outer loop
      vertex -18.7717 -14.731 1.5
      vertex -20.57 -16.809 1.5
      vertex -20.394 -16.8958 1.5
    endloop
  endfacet
  facet normal 0 0 1
    outer loop
      vertex -21.32 15.51 1.5
      vertex -20.8806 16.5706 1.5
      vertex -21.01 16.4231 1.5
    endloop
  endfacet
  facet normal 0 0 1
    outer loop
      vertex -18.7717 -14.731 1.5
      vertex -20.7331 -16.7 1.5
      vertex -20.57 -16.809 1.5
    endloop
  endfacet
  facet normal 0 0 1
    outer loop
      vertex -21.32 15.51 1.5
      vertex -21.01 16.4231 1.5
      vertex -21.119 16.26 1.5
    endloop
  endfacet
  facet normal 0 0 1
    outer loop
      vertex -18.7717 -14.731 1.5
      vertex -20.8806 -16.5706 1.5
      vertex -20.7331 -16.7 1.5
    endloop
  endfacet
  facet normal 0 0 1
    outer loop
      vertex -21.32 15.51 1.5
      vertex -21.119 16.26 1.5
      vertex -21.2058 16.084 1.5
    endloop
  endfacet
  facet normal 0 0 1
    outer loop
      vertex -18.7717 -14.731 1.5
      vertex -21.01 -16.4231 1.5
      vertex -20.8806 -16.5706 1.5
    endloop
  endfacet
  facet normal 0 0 1
    outer loop
      vertex -21.32 15.51 1.5
      vertex -21.2058 16.084 1.5
      vertex -21.2689 15.8982 1.5
    endloop
  endfacet
  facet normal 0 0 1
    outer loop
      vertex -18.7717 -14.731 1.5
      vertex -21.119 -16.26 1.5
      vertex -21.01 -16.4231 1.5
    endloop
  endfacet
  facet normal 0 0 1
    outer loop
      vertex -21.32 15.51 1.5
      vertex -21.2689 15.8982 1.5
      vertex -21.3072 15.7058 1.5
    endloop
  endfacet
  facet normal 0 0 1
    outer loop
      vertex -18.7717 -14.731 1.5
      vertex -21.2058 -16.084 1.5
      vertex -21.119 -16.26 1.5
    endloop
  endfacet
  facet normal 0 0 1
    outer loop
      vertex -18.7717 -14.731 1.5
      vertex -21.2689 -15.8982 1.5
      vertex -21.2058 -16.084 1.5
    endloop
  endfacet
  facet normal 0 0 1
    outer loop
      vertex -21.2689 -15.8982 1.5
      vertex -21.32 -15.51 1.5
      vertex -21.3072 -15.7058 1.5
    endloop
  endfacet
  facet normal -0.442315 0.89686 0
    outer loop
      vertex 20.57 -16.809 1.5
      vertex 20.394 -16.8958 10.6
      vertex 20.57 -16.809 10.6
    endloop
  endfacet
  facet normal -0.442315 0.89686 0
    outer loop
      vertex 20.394 -16.8958 10.6
      vertex 20.57 -16.809 1.5
      vertex 20.394 -16.8958 1.5
    endloop
  endfacet
  facet normal -0.946885 0.321574 1.93888e-20
    outer loop
      vertex 21.2058 -16.084 1.5
      vertex 21.2689 -15.8982 10.6
      vertex 21.2689 -15.8982 1.5
    endloop
  endfacet
  facet normal -0.946885 0.321574 1.93888e-20
    outer loop
      vertex 21.2689 -15.8982 10.6
      vertex 21.2058 -16.084 1.5
      vertex 21.2058 -16.084 10.6
    endloop
  endfacet
  facet normal -0.980757 -0.195234 4.70248e-20
    outer loop
      vertex 21.3072 15.7058 1.5
      vertex 21.2689 15.8982 10.6
      vertex 21.2689 15.8982 1.5
    endloop
  endfacet
  facet normal -0.980757 -0.195234 4.70248e-20
    outer loop
      vertex 21.2689 15.8982 10.6
      vertex 21.3072 15.7058 1.5
      vertex 21.3072 15.7058 10.6
    endloop
  endfacet
  facet normal -0.321574 0.946885 0
    outer loop
      vertex 20.394 -16.8958 1.5
      vertex 20.2082 -16.9589 10.6
      vertex 20.394 -16.8958 10.6
    endloop
  endfacet
  facet normal -0.321574 0.946885 0
    outer loop
      vertex 20.2082 -16.9589 10.6
      vertex 20.394 -16.8958 1.5
      vertex 20.2082 -16.9589 1.5
    endloop
  endfacet
endsolid OpenSCAD_Model
