solid OpenSCAD_Model
  facet normal 1 -0 0
    outer loop
      vertex 92.58 -56.1 2
      vertex 92.58 56.1 0
      vertex 92.58 56.1 2
    endloop
  endfacet
  facet normal 1 0 0
    outer loop
      vertex 92.58 56.1 0
      vertex 92.58 -56.1 2
      vertex 92.58 -56.1 0
    endloop
  endfacet
  facet normal 0.0653688 -0.997861 0
    outer loop
      vertex 86.58 -62.1 0
      vertex 87.3631 -62.0487 2
      vertex 86.58 -62.1 2
    endloop
  endfacet
  facet normal 0.0653688 -0.997861 0
    outer loop
      vertex 87.3631 -62.0487 2
      vertex 86.58 -62.1 0
      vertex 87.3631 -62.0487 0
    endloop
  endfacet
  facet normal 0.896835 0.442365 -4.71932e-19
    outer loop
      vertex 92.1233 58.3961 2
      vertex 91.7761 59.1 0
      vertex 91.7761 59.1 2
    endloop
  endfacet
  facet normal 0.896835 0.442365 -4.71932e-19
    outer loop
      vertex 91.7761 59.1 0
      vertex 92.1233 58.3961 2
      vertex 92.1233 58.3961 0
    endloop
  endfacet
  facet normal -0.896835 0.442365 4.71932e-19
    outer loop
      vertex -92.1233 58.3961 0
      vertex -91.7761 59.1 2
      vertex -91.7761 59.1 0
    endloop
  endfacet
  facet normal -0.896835 0.442365 4.71932e-19
    outer loop
      vertex -91.7761 59.1 2
      vertex -92.1233 58.3961 0
      vertex -92.1233 58.3961 2
    endloop
  endfacet
  facet normal -1 0 0
    outer loop
      vertex -92.58 -56.1 0
      vertex -92.58 56.1 2
      vertex -92.58 56.1 0
    endloop
  endfacet
  facet normal -1 -0 0
    outer loop
      vertex -92.58 56.1 2
      vertex -92.58 -56.1 0
      vertex -92.58 -56.1 2
    endloop
  endfacet
  facet normal -0.195185 -0.980766 0
    outer loop
      vertex -88.1329 -61.8955 0
      vertex -87.3631 -62.0487 2
      vertex -88.1329 -61.8955 2
    endloop
  endfacet
  facet normal -0.195185 -0.980766 -0
    outer loop
      vertex -87.3631 -62.0487 2
      vertex -88.1329 -61.8955 0
      vertex -87.3631 -62.0487 0
    endloop
  endfacet
  facet normal -0.0653688 -0.997861 0
    outer loop
      vertex -87.3631 -62.0487 0
      vertex -86.58 -62.1 2
      vertex -87.3631 -62.0487 2
    endloop
  endfacet
  facet normal -0.0653688 -0.997861 -0
    outer loop
      vertex -86.58 -62.1 2
      vertex -87.3631 -62.0487 0
      vertex -86.58 -62.1 0
    endloop
  endfacet
  facet normal 0.946962 0.321345 -6.7364e-18
    outer loop
      vertex 92.3755 57.6529 2
      vertex 92.1233 58.3961 0
      vertex 92.1233 58.3961 2
    endloop
  endfacet
  facet normal 0.946962 0.321345 -6.7364e-18
    outer loop
      vertex 92.1233 58.3961 0
      vertex 92.3755 57.6529 2
      vertex 92.3755 57.6529 0
    endloop
  endfacet
  facet normal -0.980766 -0.195185 -1.87468e-18
    outer loop
      vertex -92.3755 -57.6529 0
      vertex -92.5287 -56.8831 2
      vertex -92.5287 -56.8831 0
    endloop
  endfacet
  facet normal -0.980766 -0.195185 -1.87468e-18
    outer loop
      vertex -92.5287 -56.8831 2
      vertex -92.3755 -57.6529 0
      vertex -92.3755 -57.6529 2
    endloop
  endfacet
  facet normal 0 -1 0
    outer loop
      vertex -86.58 -62.1 0
      vertex 86.58 -62.1 2
      vertex -86.58 -62.1 2
    endloop
  endfacet
  facet normal 0 -1 -0
    outer loop
      vertex 86.58 -62.1 2
      vertex -86.58 -62.1 0
      vertex 86.58 -62.1 0
    endloop
  endfacet
  facet normal -0.442365 0.896835 0
    outer loop
      vertex -88.8761 61.6433 0
      vertex -89.58 61.2961 2
      vertex -88.8761 61.6433 2
    endloop
  endfacet
  facet normal -0.442365 0.896835 0
    outer loop
      vertex -89.58 61.2961 2
      vertex -88.8761 61.6433 0
      vertex -89.58 61.2961 0
    endloop
  endfacet
  facet normal -0.831501 -0.555523 3.71547e-18
    outer loop
      vertex -91.3401 -59.7526 0
      vertex -91.7761 -59.1 2
      vertex -91.7761 -59.1 0
    endloop
  endfacet
  facet normal -0.831501 -0.555523 3.71547e-18
    outer loop
      vertex -91.7761 -59.1 2
      vertex -91.3401 -59.7526 0
      vertex -91.3401 -59.7526 2
    endloop
  endfacet
  facet normal -0.946962 0.321345 6.7364e-18
    outer loop
      vertex -92.3755 57.6529 0
      vertex -92.1233 58.3961 2
      vertex -92.1233 58.3961 0
    endloop
  endfacet
  facet normal -0.946962 0.321345 6.7364e-18
    outer loop
      vertex -92.1233 58.3961 2
      vertex -92.3755 57.6529 0
      vertex -92.3755 57.6529 2
    endloop
  endfacet
  facet normal 0 1 -0
    outer loop
      vertex 86.58 62.1 0
      vertex -86.58 62.1 2
      vertex 86.58 62.1 2
    endloop
  endfacet
  facet normal 0 1 0
    outer loop
      vertex -86.58 62.1 2
      vertex 86.58 62.1 0
      vertex -86.58 62.1 0
    endloop
  endfacet
  facet normal -0.751787 -0.659406 -8.31822e-18
    outer loop
      vertex -90.8226 -60.3426 0
      vertex -91.3401 -59.7526 2
      vertex -91.3401 -59.7526 0
    endloop
  endfacet
  facet normal -0.751787 -0.659406 -8.31822e-18
    outer loop
      vertex -91.3401 -59.7526 2
      vertex -90.8226 -60.3426 0
      vertex -90.8226 -60.3426 2
    endloop
  endfacet
  facet normal -0.997861 -0.0653688 1.14914e-18
    outer loop
      vertex -92.5287 -56.8831 0
      vertex -92.58 -56.1 2
      vertex -92.58 -56.1 0
    endloop
  endfacet
  facet normal -0.997861 -0.0653688 1.14914e-18
    outer loop
      vertex -92.58 -56.1 2
      vertex -92.5287 -56.8831 0
      vertex -92.5287 -56.8831 2
    endloop
  endfacet
  facet normal 0.0653688 0.997861 -0
    outer loop
      vertex 87.3631 62.0487 0
      vertex 86.58 62.1 2
      vertex 87.3631 62.0487 2
    endloop
  endfacet
  facet normal 0.0653688 0.997861 0
    outer loop
      vertex 86.58 62.1 2
      vertex 87.3631 62.0487 0
      vertex 86.58 62.1 0
    endloop
  endfacet
  facet normal -0.659406 0.751787 0
    outer loop
      vertex -90.2326 60.8601 0
      vertex -90.8226 60.3426 2
      vertex -90.2326 60.8601 2
    endloop
  endfacet
  facet normal -0.659406 0.751787 0
    outer loop
      vertex -90.8226 60.3426 2
      vertex -90.2326 60.8601 0
      vertex -90.8226 60.3426 0
    endloop
  endfacet
  facet normal -0.751787 0.659406 8.31822e-18
    outer loop
      vertex -91.3401 59.7526 0
      vertex -90.8226 60.3426 2
      vertex -90.8226 60.3426 0
    endloop
  endfacet
  facet normal -0.751787 0.659406 8.31822e-18
    outer loop
      vertex -90.8226 60.3426 2
      vertex -91.3401 59.7526 0
      vertex -91.3401 59.7526 2
    endloop
  endfacet
  facet normal -0.321345 -0.946962 0
    outer loop
      vertex -88.8761 -61.6433 0
      vertex -88.1329 -61.8955 2
      vertex -88.8761 -61.6433 2
    endloop
  endfacet
  facet normal -0.321345 -0.946962 -0
    outer loop
      vertex -88.1329 -61.8955 2
      vertex -88.8761 -61.6433 0
      vertex -88.1329 -61.8955 0
    endloop
  endfacet
  facet normal -0.0653688 0.997861 0
    outer loop
      vertex -86.58 62.1 0
      vertex -87.3631 62.0487 2
      vertex -86.58 62.1 2
    endloop
  endfacet
  facet normal -0.0653688 0.997861 0
    outer loop
      vertex -87.3631 62.0487 2
      vertex -86.58 62.1 0
      vertex -87.3631 62.0487 0
    endloop
  endfacet
  facet normal -0.831501 0.555523 -3.71547e-18
    outer loop
      vertex -91.7761 59.1 0
      vertex -91.3401 59.7526 2
      vertex -91.3401 59.7526 0
    endloop
  endfacet
  facet normal -0.831501 0.555523 -3.71547e-18
    outer loop
      vertex -91.3401 59.7526 2
      vertex -91.7761 59.1 0
      vertex -91.7761 59.1 2
    endloop
  endfacet
  facet normal -0.980766 0.195185 1.87468e-18
    outer loop
      vertex -92.5287 56.8831 0
      vertex -92.3755 57.6529 2
      vertex -92.3755 57.6529 0
    endloop
  endfacet
  facet normal -0.980766 0.195185 1.87468e-18
    outer loop
      vertex -92.3755 57.6529 2
      vertex -92.5287 56.8831 0
      vertex -92.5287 56.8831 2
    endloop
  endfacet
  facet normal 0.659406 -0.751787 0
    outer loop
      vertex 90.2326 -60.8601 0
      vertex 90.8226 -60.3426 2
      vertex 90.2326 -60.8601 2
    endloop
  endfacet
  facet normal 0.659406 -0.751787 0
    outer loop
      vertex 90.8226 -60.3426 2
      vertex 90.2326 -60.8601 0
      vertex 90.8226 -60.3426 0
    endloop
  endfacet
  facet normal -0 0 1
    outer loop
      vertex -86.1229 -0.439992 2
      vertex -82.25 -47.8 2
      vertex -86.0795 -0.221894 2
    endloop
  endfacet
  facet normal 0 0 1
    outer loop
      vertex -82.25 -47.8 2
      vertex -86.0795 -56.0781 2
      vertex -86.065 -56.3 2
    endloop
  endfacet
  facet normal -0 0 1
    outer loop
      vertex -86.1944 -0.650561 2
      vertex -82.25 -47.8 2
      vertex -86.1229 -0.439992 2
    endloop
  endfacet
  facet normal 0 0 1
    outer loop
      vertex -82.25 -47.8 2
      vertex -86.1229 -55.86 2
      vertex -86.0795 -56.0781 2
    endloop
  endfacet
  facet normal -0 0 1
    outer loop
      vertex -86.2928 -0.849999 2
      vertex -82.25 -47.8 2
      vertex -86.1944 -0.650561 2
    endloop
  endfacet
  facet normal 0 0 1
    outer loop
      vertex -82.25 -47.8 2
      vertex -86.1944 -55.6494 2
      vertex -86.1229 -55.86 2
    endloop
  endfacet
  facet normal -0 0 1
    outer loop
      vertex -86.4163 -1.03489 2
      vertex -82.25 -47.8 2
      vertex -86.2928 -0.849999 2
    endloop
  endfacet
  facet normal 0 0 1
    outer loop
      vertex -82.25 -47.8 2
      vertex -86.2928 -55.45 2
      vertex -86.1944 -55.6494 2
    endloop
  endfacet
  facet normal -0 0 1
    outer loop
      vertex -86.5629 -1.20208 2
      vertex -82.25 -47.8 2
      vertex -86.4163 -1.03489 2
    endloop
  endfacet
  facet normal 0 0 1
    outer loop
      vertex -82.25 -47.8 2
      vertex -86.4163 -55.2651 2
      vertex -86.2928 -55.45 2
    endloop
  endfacet
  facet normal -0 0 1
    outer loop
      vertex -86.7301 -1.3487 2
      vertex -82.25 -47.8 2
      vertex -86.5629 -1.20208 2
    endloop
  endfacet
  facet normal 0 0 1
    outer loop
      vertex -82.25 -47.8 2
      vertex -86.5629 -55.0979 2
      vertex -86.4163 -55.2651 2
    endloop
  endfacet
  facet normal -0 0 1
    outer loop
      vertex -86.915 -1.47224 2
      vertex -82.25 -47.8 2
      vertex -86.7301 -1.3487 2
    endloop
  endfacet
  facet normal 0 0 1
    outer loop
      vertex -82.25 -47.8 2
      vertex -86.7301 -54.9513 2
      vertex -86.5629 -55.0979 2
    endloop
  endfacet
  facet normal -0 0 1
    outer loop
      vertex -87.1144 -1.57059 2
      vertex -82.25 -47.8 2
      vertex -86.915 -1.47224 2
    endloop
  endfacet
  facet normal 0 0 1
    outer loop
      vertex -82.25 -47.8 2
      vertex -86.915 -54.8278 2
      vertex -86.7301 -54.9513 2
    endloop
  endfacet
  facet normal -0 0 1
    outer loop
      vertex -87.325 -1.64207 2
      vertex -82.25 -47.8 2
      vertex -87.1144 -1.57059 2
    endloop
  endfacet
  facet normal 0 0 1
    outer loop
      vertex -82.25 -47.8 2
      vertex -87.1144 -54.7294 2
      vertex -86.915 -54.8278 2
    endloop
  endfacet
  facet normal -0 0 1
    outer loop
      vertex -87.5431 -1.68546 2
      vertex -82.25 -47.8 2
      vertex -87.325 -1.64207 2
    endloop
  endfacet
  facet normal 0 0 1
    outer loop
      vertex -82.25 -47.8 2
      vertex -87.325 -54.6579 2
      vertex -87.1144 -54.7294 2
    endloop
  endfacet
  facet normal -0 0 1
    outer loop
      vertex -87.765 -1.7 2
      vertex -82.25 -47.8 2
      vertex -87.5431 -1.68546 2
    endloop
  endfacet
  facet normal 0 0 1
    outer loop
      vertex -82.25 -47.8 2
      vertex -87.5431 -54.6145 2
      vertex -87.325 -54.6579 2
    endloop
  endfacet
  facet normal 0 0 1
    outer loop
      vertex -87.9869 -1.68546 2
      vertex -82.25 -47.8 2
      vertex -87.765 -1.7 2
    endloop
  endfacet
  facet normal 0 0 1
    outer loop
      vertex -82.25 -47.8 2
      vertex -87.765 -54.6 2
      vertex -87.5431 -54.6145 2
    endloop
  endfacet
  facet normal 0 0 1
    outer loop
      vertex -88.205 -1.64207 2
      vertex -82.25 -47.8 2
      vertex -87.9869 -1.68546 2
    endloop
  endfacet
  facet normal 0 0 1
    outer loop
      vertex -82.25 -47.8 2
      vertex -87.9869 -54.6145 2
      vertex -87.765 -54.6 2
    endloop
  endfacet
  facet normal 0 0 1
    outer loop
      vertex -88.4156 -1.57059 2
      vertex -82.25 -47.8 2
      vertex -88.205 -1.64207 2
    endloop
  endfacet
  facet normal 0 0 1
    outer loop
      vertex -82.25 -47.8 2
      vertex -88.205 -54.6579 2
      vertex -87.9869 -54.6145 2
    endloop
  endfacet
  facet normal 0 0 1
    outer loop
      vertex -88.615 -1.47224 2
      vertex -82.25 -47.8 2
      vertex -88.4156 -1.57059 2
    endloop
  endfacet
  facet normal 0 0 1
    outer loop
      vertex -82.25 -47.8 2
      vertex -88.4156 -54.7294 2
      vertex -88.205 -54.6579 2
    endloop
  endfacet
  facet normal 0 0 1
    outer loop
      vertex -88.7999 -1.3487 2
      vertex -82.25 -47.8 2
      vertex -88.615 -1.47224 2
    endloop
  endfacet
  facet normal 0 -0 1
    outer loop
      vertex -88.615 -54.8278 2
      vertex -82.25 -47.8 2
      vertex -92.58 -56.1 2
    endloop
  endfacet
  facet normal 0 0 1
    outer loop
      vertex -82.25 -47.8 2
      vertex -88.7999 -1.3487 2
      vertex -92.58 -56.1 2
    endloop
  endfacet
  facet normal 0 0 1
    outer loop
      vertex -82.25 -47.8 2
      vertex -88.615 -54.8278 2
      vertex -88.4156 -54.7294 2
    endloop
  endfacet
  facet normal 0 0 1
    outer loop
      vertex -92.58 -56.1 2
      vertex -88.7999 -1.3487 2
      vertex -88.9671 -1.20208 2
    endloop
  endfacet
  facet normal 0 0 1
    outer loop
      vertex -88.615 -54.8278 2
      vertex -92.58 -56.1 2
      vertex -88.7999 -54.9513 2
    endloop
  endfacet
  facet normal 0 0 1
    outer loop
      vertex -92.58 -56.1 2
      vertex -88.9671 -1.20208 2
      vertex -89.1137 -1.03489 2
    endloop
  endfacet
  facet normal 0 0 1
    outer loop
      vertex -88.7999 -54.9513 2
      vertex -92.58 -56.1 2
      vertex -88.9671 -55.0979 2
    endloop
  endfacet
  facet normal 0 0 1
    outer loop
      vertex -92.58 -56.1 2
      vertex -89.1137 -1.03489 2
      vertex -89.2372 -0.849999 2
    endloop
  endfacet
  facet normal 0 0 1
    outer loop
      vertex -88.9671 -55.0979 2
      vertex -92.58 -56.1 2
      vertex -89.1137 -55.2651 2
    endloop
  endfacet
  facet normal 0 0 1
    outer loop
      vertex -92.58 -56.1 2
      vertex -89.2372 -0.849999 2
      vertex -89.3356 -0.650561 2
    endloop
  endfacet
  facet normal 0 0 1
    outer loop
      vertex -89.1137 -55.2651 2
      vertex -92.58 -56.1 2
      vertex -89.2372 -55.45 2
    endloop
  endfacet
  facet normal 0 0 1
    outer loop
      vertex -92.58 -56.1 2
      vertex -89.3356 -0.650561 2
      vertex -89.4071 -0.439992 2
    endloop
  endfacet
  facet normal 0 0 1
    outer loop
      vertex -89.2372 -55.45 2
      vertex -92.58 -56.1 2
      vertex -89.3356 -55.6494 2
    endloop
  endfacet
  facet normal 0 0 1
    outer loop
      vertex -92.58 -56.1 2
      vertex -89.4071 -0.439992 2
      vertex -89.4505 -0.221894 2
    endloop
  endfacet
  facet normal 0 0 1
    outer loop
      vertex -89.3356 -55.6494 2
      vertex -92.58 -56.1 2
      vertex -89.4071 -55.86 2
    endloop
  endfacet
  facet normal 0 0 1
    outer loop
      vertex -92.58 -56.1 2
      vertex -89.4505 -0.221894 2
      vertex -89.465 0 2
    endloop
  endfacet
  facet normal 0 0 1
    outer loop
      vertex -89.4071 -55.86 2
      vertex -92.58 -56.1 2
      vertex -89.4505 -56.0781 2
    endloop
  endfacet
  facet normal 0 0 1
    outer loop
      vertex -81.6642 49.2142 2
      vertex -86.7301 54.9513 2
      vertex -81.8367 49.0175 2
    endloop
  endfacet
  facet normal 0 0 1
    outer loop
      vertex -82.25 47.8 2
      vertex -86.0795 0.221894 2
      vertex -86.065 0 2
    endloop
  endfacet
  facet normal -0 0 1
    outer loop
      vertex -86.915 54.8278 2
      vertex -81.8367 49.0175 2
      vertex -86.7301 54.9513 2
    endloop
  endfacet
  facet normal 0 0 1
    outer loop
      vertex -82.25 47.8 2
      vertex -86.1229 0.439992 2
      vertex -86.0795 0.221894 2
    endloop
  endfacet
  facet normal 0 0 1
    outer loop
      vertex -81.8367 49.0175 2
      vertex -86.915 54.8278 2
      vertex -81.9821 48.8 2
    endloop
  endfacet
  facet normal 0 0 1
    outer loop
      vertex -82.25 47.8 2
      vertex -86.1944 0.650561 2
      vertex -86.1229 0.439992 2
    endloop
  endfacet
  facet normal -0 0 1
    outer loop
      vertex -87.1144 54.7294 2
      vertex -81.9821 48.8 2
      vertex -86.915 54.8278 2
    endloop
  endfacet
  facet normal 0 0 1
    outer loop
      vertex -82.25 47.8 2
      vertex -86.2928 0.849999 2
      vertex -86.1944 0.650561 2
    endloop
  endfacet
  facet normal -0 0 1
    outer loop
      vertex -87.325 54.6579 2
      vertex -81.9821 48.8 2
      vertex -87.1144 54.7294 2
    endloop
  endfacet
  facet normal 0 0 1
    outer loop
      vertex -82.25 47.8 2
      vertex -86.4163 1.03489 2
      vertex -86.2928 0.849999 2
    endloop
  endfacet
  facet normal 0 0 1
    outer loop
      vertex -81.9821 48.8 2
      vertex -87.325 54.6579 2
      vertex -82.0978 48.5654 2
    endloop
  endfacet
  facet normal 0 0 1
    outer loop
      vertex -82.25 47.8 2
      vertex -86.5629 1.20208 2
      vertex -86.4163 1.03489 2
    endloop
  endfacet
  facet normal -0 0 1
    outer loop
      vertex -87.5431 54.6145 2
      vertex -82.0978 48.5654 2
      vertex -87.325 54.6579 2
    endloop
  endfacet
  facet normal 0 0 1
    outer loop
      vertex -82.25 47.8 2
      vertex -86.7301 1.3487 2
      vertex -86.5629 1.20208 2
    endloop
  endfacet
  facet normal 0 0 1
    outer loop
      vertex -82.0978 48.5654 2
      vertex -87.5431 54.6145 2
      vertex -82.1819 48.3176 2
    endloop
  endfacet
  facet normal 0 0 1
    outer loop
      vertex -82.25 47.8 2
      vertex -86.915 1.47224 2
      vertex -86.7301 1.3487 2
    endloop
  endfacet
  facet normal -0 0 1
    outer loop
      vertex -87.765 54.6 2
      vertex -82.1819 48.3176 2
      vertex -87.5431 54.6145 2
    endloop
  endfacet
  facet normal 0 0 1
    outer loop
      vertex -82.25 47.8 2
      vertex -87.1144 1.57059 2
      vertex -86.915 1.47224 2
    endloop
  endfacet
  facet normal 0 0 1
    outer loop
      vertex -82.1819 48.3176 2
      vertex -87.765 54.6 2
      vertex -82.2329 48.061 2
    endloop
  endfacet
  facet normal 0 0 1
    outer loop
      vertex -82.25 47.8 2
      vertex -87.325 1.64207 2
      vertex -87.1144 1.57059 2
    endloop
  endfacet
  facet normal 0 0 1
    outer loop
      vertex -87.9869 54.6145 2
      vertex -82.2329 48.061 2
      vertex -87.765 54.6 2
    endloop
  endfacet
  facet normal 0 0 1
    outer loop
      vertex -82.25 47.8 2
      vertex -87.5431 1.68546 2
      vertex -87.325 1.64207 2
    endloop
  endfacet
  facet normal 0 0 1
    outer loop
      vertex -82.2329 48.061 2
      vertex -87.9869 54.6145 2
      vertex -82.25 47.8 2
    endloop
  endfacet
  facet normal 0 0 1
    outer loop
      vertex -82.25 47.8 2
      vertex -87.765 1.7 2
      vertex -87.5431 1.68546 2
    endloop
  endfacet
  facet normal 0 0 1
    outer loop
      vertex -88.205 54.6579 2
      vertex -82.25 47.8 2
      vertex -87.9869 54.6145 2
    endloop
  endfacet
  facet normal 0 0 1
    outer loop
      vertex -82.25 47.8 2
      vertex -87.9869 1.68546 2
      vertex -87.765 1.7 2
    endloop
  endfacet
  facet normal 0 0 1
    outer loop
      vertex -88.4156 54.7294 2
      vertex -82.25 47.8 2
      vertex -88.205 54.6579 2
    endloop
  endfacet
  facet normal 0 0 1
    outer loop
      vertex -82.25 47.8 2
      vertex -88.205 1.64207 2
      vertex -87.9869 1.68546 2
    endloop
  endfacet
  facet normal 0 0 1
    outer loop
      vertex -88.615 54.8278 2
      vertex -82.25 47.8 2
      vertex -88.4156 54.7294 2
    endloop
  endfacet
  facet normal 0 0 1
    outer loop
      vertex -82.25 47.8 2
      vertex -88.4156 1.57059 2
      vertex -88.205 1.64207 2
    endloop
  endfacet
  facet normal 0 0 1
    outer loop
      vertex -82.25 47.8 2
      vertex -88.615 54.8278 2
      vertex -92.58 56.1 2
    endloop
  endfacet
  facet normal 0 -0 1
    outer loop
      vertex -88.7999 1.3487 2
      vertex -82.25 47.8 2
      vertex -92.58 56.1 2
    endloop
  endfacet
  facet normal 0 0 1
    outer loop
      vertex -92.58 56.1 2
      vertex -88.615 54.8278 2
      vertex -88.7999 54.9513 2
    endloop
  endfacet
  facet normal 0 0 1
    outer loop
      vertex -82.25 47.8 2
      vertex -88.615 1.47224 2
      vertex -88.4156 1.57059 2
    endloop
  endfacet
  facet normal 0 0 1
    outer loop
      vertex -92.58 56.1 2
      vertex -88.7999 54.9513 2
      vertex -88.9671 55.0979 2
    endloop
  endfacet
  facet normal 0 0 1
    outer loop
      vertex -82.25 47.8 2
      vertex -88.7999 1.3487 2
      vertex -88.615 1.47224 2
    endloop
  endfacet
  facet normal 0 0 1
    outer loop
      vertex -92.58 56.1 2
      vertex -88.9671 55.0979 2
      vertex -89.1137 55.2651 2
    endloop
  endfacet
  facet normal 0 0 1
    outer loop
      vertex -88.7999 1.3487 2
      vertex -92.58 56.1 2
      vertex -88.9671 1.20208 2
    endloop
  endfacet
  facet normal 0 0 1
    outer loop
      vertex -92.58 56.1 2
      vertex -89.1137 55.2651 2
      vertex -89.2372 55.45 2
    endloop
  endfacet
  facet normal 0 0 1
    outer loop
      vertex -88.9671 1.20208 2
      vertex -92.58 56.1 2
      vertex -89.1137 1.03489 2
    endloop
  endfacet
  facet normal 0 0 1
    outer loop
      vertex -92.58 56.1 2
      vertex -89.2372 55.45 2
      vertex -89.3356 55.6494 2
    endloop
  endfacet
  facet normal 0 0 1
    outer loop
      vertex -89.1137 1.03489 2
      vertex -92.58 56.1 2
      vertex -89.2372 0.849999 2
    endloop
  endfacet
  facet normal 0 0 1
    outer loop
      vertex -92.58 56.1 2
      vertex -89.3356 55.6494 2
      vertex -89.4071 55.86 2
    endloop
  endfacet
  facet normal 0 0 1
    outer loop
      vertex -89.2372 0.849999 2
      vertex -92.58 56.1 2
      vertex -89.3356 0.650561 2
    endloop
  endfacet
  facet normal 0 0 1
    outer loop
      vertex -92.58 56.1 2
      vertex -89.4071 55.86 2
      vertex -89.4505 56.0781 2
    endloop
  endfacet
  facet normal 0 0 1
    outer loop
      vertex -89.3356 0.650561 2
      vertex -92.58 56.1 2
      vertex -89.4071 0.439992 2
    endloop
  endfacet
  facet normal -0 0 1
    outer loop
      vertex -92.58 56.1 2
      vertex -89.4505 56.0781 2
      vertex -89.465 56.3 2
    endloop
  endfacet
  facet normal 0 0 1
    outer loop
      vertex -89.4071 0.439992 2
      vertex -92.58 56.1 2
      vertex -89.4505 0.221894 2
    endloop
  endfacet
  facet normal 0 0 1
    outer loop
      vertex -18 -49.8 2
      vertex -80.25 -49.8 2
      vertex -18 -60 2
    endloop
  endfacet
  facet normal -0 0 1
    outer loop
      vertex 89.4071 -0.439992 2
      vertex 92.58 -56.1 2
      vertex 89.4505 -0.221894 2
    endloop
  endfacet
  facet normal 0 0 1
    outer loop
      vertex 92.58 -56.1 2
      vertex 89.4505 -56.0781 2
      vertex 89.465 -56.3 2
    endloop
  endfacet
  facet normal -0 0 1
    outer loop
      vertex 89.3356 -0.650561 2
      vertex 92.58 -56.1 2
      vertex 89.4071 -0.439992 2
    endloop
  endfacet
  facet normal 0 0 1
    outer loop
      vertex 92.58 -56.1 2
      vertex 89.4071 -55.86 2
      vertex 89.4505 -56.0781 2
    endloop
  endfacet
  facet normal -0 0 1
    outer loop
      vertex 89.2372 -0.849999 2
      vertex 92.58 -56.1 2
      vertex 89.3356 -0.650561 2
    endloop
  endfacet
  facet normal 0 0 1
    outer loop
      vertex 92.58 -56.1 2
      vertex 89.3356 -55.6494 2
      vertex 89.4071 -55.86 2
    endloop
  endfacet
  facet normal -0 0 1
    outer loop
      vertex 89.1137 -1.03489 2
      vertex 92.58 -56.1 2
      vertex 89.2372 -0.849999 2
    endloop
  endfacet
  facet normal 0 0 1
    outer loop
      vertex 92.58 -56.1 2
      vertex 89.2372 -55.45 2
      vertex 89.3356 -55.6494 2
    endloop
  endfacet
  facet normal -0 0 1
    outer loop
      vertex 88.9671 -1.20208 2
      vertex 92.58 -56.1 2
      vertex 89.1137 -1.03489 2
    endloop
  endfacet
  facet normal 0 0 1
    outer loop
      vertex 92.58 -56.1 2
      vertex 89.1137 -55.2651 2
      vertex 89.2372 -55.45 2
    endloop
  endfacet
  facet normal -0 0 1
    outer loop
      vertex 88.7999 -1.3487 2
      vertex 92.58 -56.1 2
      vertex 88.9671 -1.20208 2
    endloop
  endfacet
  facet normal 0 0 1
    outer loop
      vertex 92.58 -56.1 2
      vertex 88.9671 -55.0979 2
      vertex 89.1137 -55.2651 2
    endloop
  endfacet
  facet normal -0 0 1
    outer loop
      vertex 82.25 -47.8 2
      vertex 92.58 -56.1 2
      vertex 88.7999 -1.3487 2
    endloop
  endfacet
  facet normal 0 0 1
    outer loop
      vertex 92.58 -56.1 2
      vertex 88.7999 -54.9513 2
      vertex 88.9671 -55.0979 2
    endloop
  endfacet
  facet normal 0 0 1
    outer loop
      vertex 82.25 -47.8 2
      vertex 88.7999 -1.3487 2
      vertex 88.615 -1.47224 2
    endloop
  endfacet
  facet normal -0 -0 1
    outer loop
      vertex 88.615 -54.8278 2
      vertex 92.58 -56.1 2
      vertex 82.25 -47.8 2
    endloop
  endfacet
  facet normal 0 0 1
    outer loop
      vertex 82.25 -47.8 2
      vertex 88.615 -1.47224 2
      vertex 88.4156 -1.57059 2
    endloop
  endfacet
  facet normal 0 0 1
    outer loop
      vertex 92.58 -56.1 2
      vertex 88.615 -54.8278 2
      vertex 88.7999 -54.9513 2
    endloop
  endfacet
  facet normal 0 0 1
    outer loop
      vertex 82.25 -47.8 2
      vertex 88.4156 -1.57059 2
      vertex 88.205 -1.64207 2
    endloop
  endfacet
  facet normal 0 0 1
    outer loop
      vertex 88.615 -54.8278 2
      vertex 82.25 -47.8 2
      vertex 88.4156 -54.7294 2
    endloop
  endfacet
  facet normal 0 0 1
    outer loop
      vertex 82.25 -47.8 2
      vertex 88.205 -1.64207 2
      vertex 87.9869 -1.68546 2
    endloop
  endfacet
  facet normal 0 0 1
    outer loop
      vertex 88.4156 -54.7294 2
      vertex 82.25 -47.8 2
      vertex 88.205 -54.6579 2
    endloop
  endfacet
  facet normal 0 0 1
    outer loop
      vertex 82.25 -47.8 2
      vertex 87.9869 -1.68546 2
      vertex 87.765 -1.7 2
    endloop
  endfacet
  facet normal 0 0 1
    outer loop
      vertex 88.205 -54.6579 2
      vertex 82.25 -47.8 2
      vertex 87.9869 -54.6145 2
    endloop
  endfacet
  facet normal 0 0 1
    outer loop
      vertex 82.25 -47.8 2
      vertex 87.765 -1.7 2
      vertex 87.5431 -1.68546 2
    endloop
  endfacet
  facet normal -0 0 1
    outer loop
      vertex 82.2329 -48.061 2
      vertex 87.9869 -54.6145 2
      vertex 82.25 -47.8 2
    endloop
  endfacet
  facet normal 0 0 1
    outer loop
      vertex 82.25 -47.8 2
      vertex 87.5431 -1.68546 2
      vertex 87.325 -1.64207 2
    endloop
  endfacet
  facet normal 0 0 1
    outer loop
      vertex 87.9869 -54.6145 2
      vertex 82.2329 -48.061 2
      vertex 87.765 -54.6 2
    endloop
  endfacet
  facet normal 0 0 1
    outer loop
      vertex 82.25 -47.8 2
      vertex 87.325 -1.64207 2
      vertex 87.1144 -1.57059 2
    endloop
  endfacet
  facet normal -0 0 1
    outer loop
      vertex 82.1819 -48.3176 2
      vertex 87.765 -54.6 2
      vertex 82.2329 -48.061 2
    endloop
  endfacet
  facet normal 0 0 1
    outer loop
      vertex 82.25 -47.8 2
      vertex 87.1144 -1.57059 2
      vertex 86.915 -1.47224 2
    endloop
  endfacet
  facet normal 0 0 1
    outer loop
      vertex 87.765 -54.6 2
      vertex 82.1819 -48.3176 2
      vertex 87.5431 -54.6145 2
    endloop
  endfacet
  facet normal 0 0 1
    outer loop
      vertex 82.25 -47.8 2
      vertex 86.915 -1.47224 2
      vertex 86.7301 -1.3487 2
    endloop
  endfacet
  facet normal -0 0 1
    outer loop
      vertex 82.0978 -48.5654 2
      vertex 87.5431 -54.6145 2
      vertex 82.1819 -48.3176 2
    endloop
  endfacet
  facet normal 0 0 1
    outer loop
      vertex 82.25 -47.8 2
      vertex 86.7301 -1.3487 2
      vertex 86.5629 -1.20208 2
    endloop
  endfacet
  facet normal 0 0 1
    outer loop
      vertex 87.5431 -54.6145 2
      vertex 82.0978 -48.5654 2
      vertex 87.325 -54.6579 2
    endloop
  endfacet
  facet normal 0 0 1
    outer loop
      vertex 82.25 -47.8 2
      vertex 86.5629 -1.20208 2
      vertex 86.4163 -1.03489 2
    endloop
  endfacet
  facet normal -0 0 1
    outer loop
      vertex 81.9821 -48.8 2
      vertex 87.325 -54.6579 2
      vertex 82.0978 -48.5654 2
    endloop
  endfacet
  facet normal 0 0 1
    outer loop
      vertex 82.25 -47.8 2
      vertex 86.4163 -1.03489 2
      vertex 86.2928 -0.849999 2
    endloop
  endfacet
  facet normal 0 0 1
    outer loop
      vertex 87.325 -54.6579 2
      vertex 81.9821 -48.8 2
      vertex 87.1144 -54.7294 2
    endloop
  endfacet
  facet normal 0 0 1
    outer loop
      vertex 82.25 -47.8 2
      vertex 86.2928 -0.849999 2
      vertex 86.1944 -0.650561 2
    endloop
  endfacet
  facet normal 0 0 1
    outer loop
      vertex 87.1144 -54.7294 2
      vertex 81.9821 -48.8 2
      vertex 86.915 -54.8278 2
    endloop
  endfacet
  facet normal 0 0 1
    outer loop
      vertex 82.25 -47.8 2
      vertex 86.1944 -0.650561 2
      vertex 86.1229 -0.439992 2
    endloop
  endfacet
  facet normal -0 0 1
    outer loop
      vertex 81.8367 -49.0175 2
      vertex 86.915 -54.8278 2
      vertex 81.9821 -48.8 2
    endloop
  endfacet
  facet normal 0 0 1
    outer loop
      vertex 82.25 -47.8 2
      vertex 86.1229 -0.439992 2
      vertex 86.0795 -0.221894 2
    endloop
  endfacet
  facet normal 0 0 1
    outer loop
      vertex 86.915 -54.8278 2
      vertex 81.8367 -49.0175 2
      vertex 86.7301 -54.9513 2
    endloop
  endfacet
  facet normal 0 0 1
    outer loop
      vertex 82.25 -47.8 2
      vertex 86.0795 -0.221894 2
      vertex 86.065 0 2
    endloop
  endfacet
  facet normal -0 0 1
    outer loop
      vertex 81.6642 -49.2142 2
      vertex 86.7301 -54.9513 2
      vertex 81.8367 -49.0175 2
    endloop
  endfacet
  facet normal 0 0 1
    outer loop
      vertex 89.4071 55.86 2
      vertex 92.58 56.1 2
      vertex 89.4505 56.0781 2
    endloop
  endfacet
  facet normal 0 0 1
    outer loop
      vertex 92.58 56.1 2
      vertex 89.4505 0.221894 2
      vertex 89.465 0 2
    endloop
  endfacet
  facet normal 0 0 1
    outer loop
      vertex 89.3356 55.6494 2
      vertex 92.58 56.1 2
      vertex 89.4071 55.86 2
    endloop
  endfacet
  facet normal 0 0 1
    outer loop
      vertex 92.58 56.1 2
      vertex 89.4071 0.439992 2
      vertex 89.4505 0.221894 2
    endloop
  endfacet
  facet normal 0 0 1
    outer loop
      vertex 89.2372 55.45 2
      vertex 92.58 56.1 2
      vertex 89.3356 55.6494 2
    endloop
  endfacet
  facet normal 0 0 1
    outer loop
      vertex 92.58 56.1 2
      vertex 89.3356 0.650561 2
      vertex 89.4071 0.439992 2
    endloop
  endfacet
  facet normal 0 0 1
    outer loop
      vertex 89.1137 55.2651 2
      vertex 92.58 56.1 2
      vertex 89.2372 55.45 2
    endloop
  endfacet
  facet normal 0 0 1
    outer loop
      vertex 92.58 56.1 2
      vertex 89.2372 0.849999 2
      vertex 89.3356 0.650561 2
    endloop
  endfacet
  facet normal 0 0 1
    outer loop
      vertex 88.9671 55.0979 2
      vertex 92.58 56.1 2
      vertex 89.1137 55.2651 2
    endloop
  endfacet
  facet normal 0 0 1
    outer loop
      vertex 92.58 56.1 2
      vertex 89.1137 1.03489 2
      vertex 89.2372 0.849999 2
    endloop
  endfacet
  facet normal 0 0 1
    outer loop
      vertex 88.7999 54.9513 2
      vertex 92.58 56.1 2
      vertex 88.9671 55.0979 2
    endloop
  endfacet
  facet normal 0 0 1
    outer loop
      vertex 92.58 56.1 2
      vertex 88.9671 1.20208 2
      vertex 89.1137 1.03489 2
    endloop
  endfacet
  facet normal 0 0 1
    outer loop
      vertex 88.615 54.8278 2
      vertex 92.58 56.1 2
      vertex 88.7999 54.9513 2
    endloop
  endfacet
  facet normal 0 0 1
    outer loop
      vertex 92.58 56.1 2
      vertex 88.7999 1.3487 2
      vertex 88.9671 1.20208 2
    endloop
  endfacet
  facet normal 0 0 1
    outer loop
      vertex 92.58 56.1 2
      vertex 88.615 54.8278 2
      vertex 82.25 47.8 2
    endloop
  endfacet
  facet normal 0 0 1
    outer loop
      vertex 92.58 56.1 2
      vertex 82.25 47.8 2
      vertex 88.7999 1.3487 2
    endloop
  endfacet
  facet normal 0 0 1
    outer loop
      vertex 82.25 47.8 2
      vertex 88.615 54.8278 2
      vertex 88.4156 54.7294 2
    endloop
  endfacet
  facet normal 0 0 1
    outer loop
      vertex 88.7999 1.3487 2
      vertex 82.25 47.8 2
      vertex 88.615 1.47224 2
    endloop
  endfacet
  facet normal 0 0 1
    outer loop
      vertex 82.25 47.8 2
      vertex 88.4156 54.7294 2
      vertex 88.205 54.6579 2
    endloop
  endfacet
  facet normal 0 0 1
    outer loop
      vertex 88.615 1.47224 2
      vertex 82.25 47.8 2
      vertex 88.4156 1.57059 2
    endloop
  endfacet
  facet normal 0 0 1
    outer loop
      vertex 82.25 47.8 2
      vertex 88.205 54.6579 2
      vertex 87.9869 54.6145 2
    endloop
  endfacet
  facet normal 0 0 1
    outer loop
      vertex 88.4156 1.57059 2
      vertex 82.25 47.8 2
      vertex 88.205 1.64207 2
    endloop
  endfacet
  facet normal 0 0 1
    outer loop
      vertex 82.2329 48.061 2
      vertex 87.9869 54.6145 2
      vertex 87.765 54.6 2
    endloop
  endfacet
  facet normal 0 0 1
    outer loop
      vertex 88.205 1.64207 2
      vertex 82.25 47.8 2
      vertex 87.9869 1.68546 2
    endloop
  endfacet
  facet normal 0 0 1
    outer loop
      vertex 82.1819 48.3176 2
      vertex 87.765 54.6 2
      vertex 87.5431 54.6145 2
    endloop
  endfacet
  facet normal 0 0 1
    outer loop
      vertex 87.9869 1.68546 2
      vertex 82.25 47.8 2
      vertex 87.765 1.7 2
    endloop
  endfacet
  facet normal 0 0 1
    outer loop
      vertex 82.0978 48.5654 2
      vertex 87.5431 54.6145 2
      vertex 87.325 54.6579 2
    endloop
  endfacet
  facet normal 0 0 1
    outer loop
      vertex 87.765 1.7 2
      vertex 82.25 47.8 2
      vertex 87.5431 1.68546 2
    endloop
  endfacet
  facet normal 0 0 1
    outer loop
      vertex 81.9821 48.8 2
      vertex 87.325 54.6579 2
      vertex 87.1144 54.7294 2
    endloop
  endfacet
  facet normal 0 0 1
    outer loop
      vertex 87.5431 1.68546 2
      vertex 82.25 47.8 2
      vertex 87.325 1.64207 2
    endloop
  endfacet
  facet normal 0 0 1
    outer loop
      vertex 81.9821 48.8 2
      vertex 87.1144 54.7294 2
      vertex 86.915 54.8278 2
    endloop
  endfacet
  facet normal 0 0 1
    outer loop
      vertex 87.325 1.64207 2
      vertex 82.25 47.8 2
      vertex 87.1144 1.57059 2
    endloop
  endfacet
  facet normal 0 0 1
    outer loop
      vertex 81.8367 49.0175 2
      vertex 86.915 54.8278 2
      vertex 86.7301 54.9513 2
    endloop
  endfacet
  facet normal 0 0 1
    outer loop
      vertex 87.1144 1.57059 2
      vertex 82.25 47.8 2
      vertex 86.915 1.47224 2
    endloop
  endfacet
  facet normal 0 0 1
    outer loop
      vertex 81.6642 49.2142 2
      vertex 86.7301 54.9513 2
      vertex 86.5629 55.0979 2
    endloop
  endfacet
  facet normal 0 0 1
    outer loop
      vertex 86.915 1.47224 2
      vertex 82.25 47.8 2
      vertex 86.7301 1.3487 2
    endloop
  endfacet
  facet normal 0 0 1
    outer loop
      vertex 81.4675 49.3867 2
      vertex 86.5629 55.0979 2
      vertex 86.4163 55.2651 2
    endloop
  endfacet
  facet normal 0 0 1
    outer loop
      vertex 86.7301 1.3487 2
      vertex 82.25 47.8 2
      vertex 86.5629 1.20208 2
    endloop
  endfacet
  facet normal 0 0 1
    outer loop
      vertex 81.25 49.532 2
      vertex 86.4163 55.2651 2
      vertex 86.2928 55.45 2
    endloop
  endfacet
  facet normal 0 0 1
    outer loop
      vertex 86.5629 1.20208 2
      vertex 82.25 47.8 2
      vertex 86.4163 1.03489 2
    endloop
  endfacet
  facet normal 0 0 1
    outer loop
      vertex 81.0154 49.6478 2
      vertex 86.2928 55.45 2
      vertex 86.1944 55.6494 2
    endloop
  endfacet
  facet normal 0 0 1
    outer loop
      vertex 86.4163 1.03489 2
      vertex 82.25 47.8 2
      vertex 86.2928 0.849999 2
    endloop
  endfacet
  facet normal 0 0 1
    outer loop
      vertex 80.7676 49.7318 2
      vertex 86.1944 55.6494 2
      vertex 86.1229 55.86 2
    endloop
  endfacet
  facet normal 0 0 1
    outer loop
      vertex 86.2928 0.849999 2
      vertex 82.25 47.8 2
      vertex 86.1944 0.650561 2
    endloop
  endfacet
  facet normal 0 0 1
    outer loop
      vertex 80.511 49.7829 2
      vertex 86.1229 55.86 2
      vertex 86.0795 56.0781 2
    endloop
  endfacet
  facet normal 0 0 1
    outer loop
      vertex 86.1944 0.650561 2
      vertex 82.25 47.8 2
      vertex 86.1229 0.439992 2
    endloop
  endfacet
  facet normal 0 0 1
    outer loop
      vertex 80.25 49.8 2
      vertex 86.0795 56.0781 2
      vertex 86.065 56.3 2
    endloop
  endfacet
  facet normal 0 0 1
    outer loop
      vertex 86.1229 0.439992 2
      vertex 82.25 47.8 2
      vertex 86.0795 0.221894 2
    endloop
  endfacet
  facet normal -0 0 1
    outer loop
      vertex 89.465 56.3 2
      vertex 92.58 56.1 2
      vertex 92.5287 56.8831 2
    endloop
  endfacet
  facet normal 0 0 1
    outer loop
      vertex 92.58 56.1 2
      vertex 89.465 0 2
      vertex 92.58 -56.1 2
    endloop
  endfacet
  facet normal 0 0 1
    outer loop
      vertex 89.4071 56.74 2
      vertex 92.5287 56.8831 2
      vertex 92.3755 57.6529 2
    endloop
  endfacet
  facet normal -0 0 1
    outer loop
      vertex 89.4505 -0.221894 2
      vertex 92.58 -56.1 2
      vertex 89.465 0 2
    endloop
  endfacet
  facet normal 0 0 1
    outer loop
      vertex 89.3356 56.9506 2
      vertex 92.3755 57.6529 2
      vertex 92.1233 58.3961 2
    endloop
  endfacet
  facet normal 0 0 1
    outer loop
      vertex 92.58 -56.1 2
      vertex 89.465 -56.3 2
      vertex 92.5287 -56.8831 2
    endloop
  endfacet
  facet normal 0 0 1
    outer loop
      vertex 89.2372 57.15 2
      vertex 92.1233 58.3961 2
      vertex 91.7761 59.1 2
    endloop
  endfacet
  facet normal -0 0 1
    outer loop
      vertex 89.4505 -56.5219 2
      vertex 92.5287 -56.8831 2
      vertex 89.465 -56.3 2
    endloop
  endfacet
  facet normal 0 0 1
    outer loop
      vertex 88.9671 57.5021 2
      vertex 91.7761 59.1 2
      vertex 91.3401 59.7526 2
    endloop
  endfacet
  facet normal -0 0 1
    outer loop
      vertex 89.4071 -56.74 2
      vertex 92.5287 -56.8831 2
      vertex 89.4505 -56.5219 2
    endloop
  endfacet
  facet normal 0 0 1
    outer loop
      vertex 88.7999 57.6487 2
      vertex 91.3401 59.7526 2
      vertex 90.8226 60.3426 2
    endloop
  endfacet
  facet normal 0 0 1
    outer loop
      vertex 92.5287 -56.8831 2
      vertex 89.4071 -56.74 2
      vertex 92.3755 -57.6529 2
    endloop
  endfacet
  facet normal 0 0 1
    outer loop
      vertex 88.615 57.7722 2
      vertex 90.8226 60.3426 2
      vertex 90.2326 60.8601 2
    endloop
  endfacet
  facet normal -0 0 1
    outer loop
      vertex 89.3356 -56.9506 2
      vertex 92.3755 -57.6529 2
      vertex 89.4071 -56.74 2
    endloop
  endfacet
  facet normal 0 0 1
    outer loop
      vertex 88.4156 57.8706 2
      vertex 90.2326 60.8601 2
      vertex 89.58 61.2961 2
    endloop
  endfacet
  facet normal 0 0 1
    outer loop
      vertex 92.3755 -57.6529 2
      vertex 89.3356 -56.9506 2
      vertex 92.1233 -58.3961 2
    endloop
  endfacet
  facet normal 0 0 1
    outer loop
      vertex 89.4505 56.0781 2
      vertex 92.58 56.1 2
      vertex 89.465 56.3 2
    endloop
  endfacet
  facet normal 0 0 1
    outer loop
      vertex 92.5287 56.8831 2
      vertex 89.4505 56.5219 2
      vertex 89.465 56.3 2
    endloop
  endfacet
  facet normal 0 0 1
    outer loop
      vertex 92.5287 56.8831 2
      vertex 89.4071 56.74 2
      vertex 89.4505 56.5219 2
    endloop
  endfacet
  facet normal 0 0 1
    outer loop
      vertex 92.3755 57.6529 2
      vertex 89.3356 56.9506 2
      vertex 89.4071 56.74 2
    endloop
  endfacet
  facet normal 0 0 1
    outer loop
      vertex 92.1233 58.3961 2
      vertex 89.2372 57.15 2
      vertex 89.3356 56.9506 2
    endloop
  endfacet
  facet normal 0 0 1
    outer loop
      vertex 91.7761 59.1 2
      vertex 89.1137 57.3349 2
      vertex 89.2372 57.15 2
    endloop
  endfacet
  facet normal 0 0 1
    outer loop
      vertex 91.7761 59.1 2
      vertex 88.9671 57.5021 2
      vertex 89.1137 57.3349 2
    endloop
  endfacet
  facet normal 0 0 1
    outer loop
      vertex 87.9869 57.9855 2
      vertex 89.58 61.2961 2
      vertex 88.8761 61.6433 2
    endloop
  endfacet
  facet normal 0 0 1
    outer loop
      vertex 91.3401 59.7526 2
      vertex 88.7999 57.6487 2
      vertex 88.9671 57.5021 2
    endloop
  endfacet
  facet normal 0 0 1
    outer loop
      vertex 90.8226 60.3426 2
      vertex 88.615 57.7722 2
      vertex 88.7999 57.6487 2
    endloop
  endfacet
  facet normal 0 0 1
    outer loop
      vertex 90.2326 60.8601 2
      vertex 88.4156 57.8706 2
      vertex 88.615 57.7722 2
    endloop
  endfacet
  facet normal 0 0 1
    outer loop
      vertex 89.58 61.2961 2
      vertex 88.205 57.9421 2
      vertex 88.4156 57.8706 2
    endloop
  endfacet
  facet normal 0 0 1
    outer loop
      vertex 87.765 58 2
      vertex 88.8761 61.6433 2
      vertex 88.1329 61.8955 2
    endloop
  endfacet
  facet normal 0 0 1
    outer loop
      vertex 89.58 61.2961 2
      vertex 87.9869 57.9855 2
      vertex 88.205 57.9421 2
    endloop
  endfacet
  facet normal 0 0 1
    outer loop
      vertex 88.8761 61.6433 2
      vertex 87.765 58 2
      vertex 87.9869 57.9855 2
    endloop
  endfacet
  facet normal 0 0 1
    outer loop
      vertex 88.1329 61.8955 2
      vertex 87.5431 57.9855 2
      vertex 87.765 58 2
    endloop
  endfacet
  facet normal 0 0 1
    outer loop
      vertex 87.3631 62.0487 2
      vertex 87.5431 57.9855 2
      vertex 88.1329 61.8955 2
    endloop
  endfacet
  facet normal 0 0 1
    outer loop
      vertex 87.3631 62.0487 2
      vertex 87.325 57.9421 2
      vertex 87.5431 57.9855 2
    endloop
  endfacet
  facet normal 0 0 1
    outer loop
      vertex 86.58 62.1 2
      vertex 87.325 57.9421 2
      vertex 87.3631 62.0487 2
    endloop
  endfacet
  facet normal 0 0 1
    outer loop
      vertex 87.325 57.9421 2
      vertex 86.58 62.1 2
      vertex 87.1144 57.8706 2
    endloop
  endfacet
  facet normal 0 0 1
    outer loop
      vertex 87.1144 57.8706 2
      vertex 86.58 62.1 2
      vertex 86.915 57.7722 2
    endloop
  endfacet
  facet normal 0 0 1
    outer loop
      vertex 86.915 57.7722 2
      vertex 86.58 62.1 2
      vertex 86.7301 57.6487 2
    endloop
  endfacet
  facet normal 0 0 1
    outer loop
      vertex 86.58 62.1 2
      vertex 86.5629 57.5021 2
      vertex 86.7301 57.6487 2
    endloop
  endfacet
  facet normal 0 0 1
    outer loop
      vertex 86.58 62.1 2
      vertex 86.4163 57.3349 2
      vertex 86.5629 57.5021 2
    endloop
  endfacet
  facet normal 0 0 1
    outer loop
      vertex 86.58 62.1 2
      vertex 86.2928 57.15 2
      vertex 86.4163 57.3349 2
    endloop
  endfacet
  facet normal 0 0 1
    outer loop
      vertex 86.58 62.1 2
      vertex 86.1944 56.9506 2
      vertex 86.2928 57.15 2
    endloop
  endfacet
  facet normal 0 0 1
    outer loop
      vertex 86.58 62.1 2
      vertex 86.1229 56.74 2
      vertex 86.1944 56.9506 2
    endloop
  endfacet
  facet normal 0 0 1
    outer loop
      vertex 80.25 49.8 2
      vertex 86.1229 56.74 2
      vertex 86.58 62.1 2
    endloop
  endfacet
  facet normal 0 0 1
    outer loop
      vertex 86.0795 0.221894 2
      vertex 82.25 47.8 2
      vertex 86.065 0 2
    endloop
  endfacet
  facet normal 0 0 1
    outer loop
      vertex 82.25 -47.8 2
      vertex 86.065 0 2
      vertex 82.25 47.8 2
    endloop
  endfacet
  facet normal 0 0 1
    outer loop
      vertex 80.25 49.8 2
      vertex 86.065 56.3 2
      vertex 86.0795 56.5219 2
    endloop
  endfacet
  facet normal 0 0 1
    outer loop
      vertex 86.1229 56.74 2
      vertex 80.25 49.8 2
      vertex 86.0795 56.5219 2
    endloop
  endfacet
  facet normal 0 0 1
    outer loop
      vertex 87.9869 54.6145 2
      vertex 82.2329 48.061 2
      vertex 82.25 47.8 2
    endloop
  endfacet
  facet normal 0 0 1
    outer loop
      vertex 87.765 54.6 2
      vertex 82.1819 48.3176 2
      vertex 82.2329 48.061 2
    endloop
  endfacet
  facet normal 0 0 1
    outer loop
      vertex 87.5431 54.6145 2
      vertex 82.0978 48.5654 2
      vertex 82.1819 48.3176 2
    endloop
  endfacet
  facet normal 0 0 1
    outer loop
      vertex 87.325 54.6579 2
      vertex 81.9821 48.8 2
      vertex 82.0978 48.5654 2
    endloop
  endfacet
  facet normal 0 0 1
    outer loop
      vertex 86.915 54.8278 2
      vertex 81.8367 49.0175 2
      vertex 81.9821 48.8 2
    endloop
  endfacet
  facet normal 0 0 1
    outer loop
      vertex 86.7301 54.9513 2
      vertex 81.6642 49.2142 2
      vertex 81.8367 49.0175 2
    endloop
  endfacet
  facet normal 0 0 1
    outer loop
      vertex 86.5629 55.0979 2
      vertex 81.4675 49.3867 2
      vertex 81.6642 49.2142 2
    endloop
  endfacet
  facet normal 0 0 1
    outer loop
      vertex 86.4163 55.2651 2
      vertex 81.25 49.532 2
      vertex 81.4675 49.3867 2
    endloop
  endfacet
  facet normal 0 0 1
    outer loop
      vertex 86.2928 55.45 2
      vertex 81.0154 49.6478 2
      vertex 81.25 49.532 2
    endloop
  endfacet
  facet normal 0 0 1
    outer loop
      vertex 86.1944 55.6494 2
      vertex 80.7676 49.7318 2
      vertex 81.0154 49.6478 2
    endloop
  endfacet
  facet normal 0 0 1
    outer loop
      vertex 86.1229 55.86 2
      vertex 80.511 49.7829 2
      vertex 80.7676 49.7318 2
    endloop
  endfacet
  facet normal 0 0 1
    outer loop
      vertex 86.0795 56.0781 2
      vertex 80.25 49.8 2
      vertex 80.511 49.7829 2
    endloop
  endfacet
  facet normal -0 0 1
    outer loop
      vertex 1.57059 56.9506 2
      vertex 80.25 49.8 2
      vertex 86.58 62.1 2
    endloop
  endfacet
  facet normal 0 0 1
    outer loop
      vertex 80.25 49.8 2
      vertex 1.68546 56.5219 2
      vertex 1.7 56.3 2
    endloop
  endfacet
  facet normal 0 0 1
    outer loop
      vertex 80.25 49.8 2
      vertex 1.64207 56.74 2
      vertex 1.68546 56.5219 2
    endloop
  endfacet
  facet normal 0 0 1
    outer loop
      vertex 80.25 49.8 2
      vertex 1.57059 56.9506 2
      vertex 1.64207 56.74 2
    endloop
  endfacet
  facet normal 0 0 1
    outer loop
      vertex 86.58 62.1 2
      vertex 1.47224 57.15 2
      vertex 1.57059 56.9506 2
    endloop
  endfacet
  facet normal 0 0 1
    outer loop
      vertex 86.58 62.1 2
      vertex 1.3487 57.3349 2
      vertex 1.47224 57.15 2
    endloop
  endfacet
  facet normal 0 0 1
    outer loop
      vertex 86.58 62.1 2
      vertex 1.20208 57.5021 2
      vertex 1.3487 57.3349 2
    endloop
  endfacet
  facet normal 0 0 1
    outer loop
      vertex 86.58 62.1 2
      vertex 1.03489 57.6487 2
      vertex 1.20208 57.5021 2
    endloop
  endfacet
  facet normal 0 0 1
    outer loop
      vertex 86.58 62.1 2
      vertex 0.849999 57.7722 2
      vertex 1.03489 57.6487 2
    endloop
  endfacet
  facet normal 0 0 1
    outer loop
      vertex 86.58 62.1 2
      vertex 0.650561 57.8706 2
      vertex 0.849999 57.7722 2
    endloop
  endfacet
  facet normal 0 0 1
    outer loop
      vertex 86.58 62.1 2
      vertex 0.439992 57.9421 2
      vertex 0.650561 57.8706 2
    endloop
  endfacet
  facet normal 0 0 1
    outer loop
      vertex 86.58 62.1 2
      vertex 0.221894 57.9855 2
      vertex 0.439992 57.9421 2
    endloop
  endfacet
  facet normal 0 0 1
    outer loop
      vertex 86.58 62.1 2
      vertex 0 58 2
      vertex 0.221894 57.9855 2
    endloop
  endfacet
  facet normal 0 0 1
    outer loop
      vertex -1.68546 56.5219 2
      vertex -80.25 49.8 2
      vertex -1.7 56.3 2
    endloop
  endfacet
  facet normal 0 0 1
    outer loop
      vertex -1.64207 56.74 2
      vertex -80.25 49.8 2
      vertex -1.68546 56.5219 2
    endloop
  endfacet
  facet normal 0 0 1
    outer loop
      vertex -1.57059 56.9506 2
      vertex -80.25 49.8 2
      vertex -1.64207 56.74 2
    endloop
  endfacet
  facet normal 0 0 1
    outer loop
      vertex -86.58 62.1 2
      vertex -1.57059 56.9506 2
      vertex -1.47224 57.15 2
    endloop
  endfacet
  facet normal 0 0 1
    outer loop
      vertex -86.58 62.1 2
      vertex -1.47224 57.15 2
      vertex -1.3487 57.3349 2
    endloop
  endfacet
  facet normal 0 0 1
    outer loop
      vertex -86.58 62.1 2
      vertex -1.3487 57.3349 2
      vertex -1.20208 57.5021 2
    endloop
  endfacet
  facet normal 0 0 1
    outer loop
      vertex -86.58 62.1 2
      vertex -1.20208 57.5021 2
      vertex -1.03489 57.6487 2
    endloop
  endfacet
  facet normal 0 0 1
    outer loop
      vertex -86.58 62.1 2
      vertex -1.03489 57.6487 2
      vertex -0.849999 57.7722 2
    endloop
  endfacet
  facet normal 0 0 1
    outer loop
      vertex -86.58 62.1 2
      vertex -0.849999 57.7722 2
      vertex -0.650561 57.8706 2
    endloop
  endfacet
  facet normal 0 0 1
    outer loop
      vertex -86.58 62.1 2
      vertex -0.650561 57.8706 2
      vertex -0.439992 57.9421 2
    endloop
  endfacet
  facet normal 0 0 1
    outer loop
      vertex -86.58 62.1 2
      vertex -0.439992 57.9421 2
      vertex -0.221894 57.9855 2
    endloop
  endfacet
  facet normal 0 0 1
    outer loop
      vertex -1.57059 56.9506 2
      vertex -86.58 62.1 2
      vertex -80.25 49.8 2
    endloop
  endfacet
  facet normal -0 0 1
    outer loop
      vertex -86.7301 54.9513 2
      vertex -81.6642 49.2142 2
      vertex -86.5629 55.0979 2
    endloop
  endfacet
  facet normal 0 0 1
    outer loop
      vertex -81.4675 49.3867 2
      vertex -86.5629 55.0979 2
      vertex -81.6642 49.2142 2
    endloop
  endfacet
  facet normal -0 0 1
    outer loop
      vertex -86.5629 55.0979 2
      vertex -81.4675 49.3867 2
      vertex -86.4163 55.2651 2
    endloop
  endfacet
  facet normal 0 0 1
    outer loop
      vertex -81.25 49.532 2
      vertex -86.4163 55.2651 2
      vertex -81.4675 49.3867 2
    endloop
  endfacet
  facet normal -0 0 1
    outer loop
      vertex -86.4163 55.2651 2
      vertex -81.25 49.532 2
      vertex -86.2928 55.45 2
    endloop
  endfacet
  facet normal 0 0 1
    outer loop
      vertex -81.0154 49.6478 2
      vertex -86.2928 55.45 2
      vertex -81.25 49.532 2
    endloop
  endfacet
  facet normal -0 0 1
    outer loop
      vertex -86.2928 55.45 2
      vertex -81.0154 49.6478 2
      vertex -86.1944 55.6494 2
    endloop
  endfacet
  facet normal 0 0 1
    outer loop
      vertex -80.7676 49.7318 2
      vertex -86.1944 55.6494 2
      vertex -81.0154 49.6478 2
    endloop
  endfacet
  facet normal -0 0 1
    outer loop
      vertex -86.1944 55.6494 2
      vertex -80.7676 49.7318 2
      vertex -86.1229 55.86 2
    endloop
  endfacet
  facet normal 0 0 1
    outer loop
      vertex -80.511 49.7829 2
      vertex -86.1229 55.86 2
      vertex -80.7676 49.7318 2
    endloop
  endfacet
  facet normal -0 0 1
    outer loop
      vertex -86.1229 55.86 2
      vertex -80.511 49.7829 2
      vertex -86.0795 56.0781 2
    endloop
  endfacet
  facet normal 0 0 1
    outer loop
      vertex -80.25 49.8 2
      vertex -86.0795 56.0781 2
      vertex -80.511 49.7829 2
    endloop
  endfacet
  facet normal -0 -0 1
    outer loop
      vertex -86.1229 56.74 2
      vertex -80.25 49.8 2
      vertex -86.58 62.1 2
    endloop
  endfacet
  facet normal 0 0 1
    outer loop
      vertex -86.58 62.1 2
      vertex -0.221894 57.9855 2
      vertex 0 58 2
    endloop
  endfacet
  facet normal -0 0 1
    outer loop
      vertex -86.58 62.1 2
      vertex 0 58 2
      vertex 86.58 62.1 2
    endloop
  endfacet
  facet normal -0 0 1
    outer loop
      vertex -86.0795 56.0781 2
      vertex -80.25 49.8 2
      vertex -86.065 56.3 2
    endloop
  endfacet
  facet normal -0 -0 1
    outer loop
      vertex -86.0795 56.5219 2
      vertex -80.25 49.8 2
      vertex -86.1229 56.74 2
    endloop
  endfacet
  facet normal -0 -0 1
    outer loop
      vertex -86.065 56.3 2
      vertex -80.25 49.8 2
      vertex -86.0795 56.5219 2
    endloop
  endfacet
  facet normal 0 0 1
    outer loop
      vertex -86.1229 56.74 2
      vertex -86.58 62.1 2
      vertex -86.1944 56.9506 2
    endloop
  endfacet
  facet normal 0 0 1
    outer loop
      vertex -86.1944 56.9506 2
      vertex -86.58 62.1 2
      vertex -86.2928 57.15 2
    endloop
  endfacet
  facet normal 0 0 1
    outer loop
      vertex -86.2928 57.15 2
      vertex -86.58 62.1 2
      vertex -86.4163 57.3349 2
    endloop
  endfacet
  facet normal 0 0 1
    outer loop
      vertex -86.4163 57.3349 2
      vertex -86.58 62.1 2
      vertex -86.5629 57.5021 2
    endloop
  endfacet
  facet normal 0 0 1
    outer loop
      vertex -86.58 62.1 2
      vertex -86.7301 57.6487 2
      vertex -86.5629 57.5021 2
    endloop
  endfacet
  facet normal 0 0 1
    outer loop
      vertex -86.58 62.1 2
      vertex -86.915 57.7722 2
      vertex -86.7301 57.6487 2
    endloop
  endfacet
  facet normal 0 0 1
    outer loop
      vertex -86.58 62.1 2
      vertex -87.1144 57.8706 2
      vertex -86.915 57.7722 2
    endloop
  endfacet
  facet normal 0 0 1
    outer loop
      vertex -86.58 62.1 2
      vertex -87.325 57.9421 2
      vertex -87.1144 57.8706 2
    endloop
  endfacet
  facet normal -0 0 1
    outer loop
      vertex -87.3631 62.0487 2
      vertex -87.325 57.9421 2
      vertex -86.58 62.1 2
    endloop
  endfacet
  facet normal 0 0 1
    outer loop
      vertex -87.3631 62.0487 2
      vertex -87.5431 57.9855 2
      vertex -87.325 57.9421 2
    endloop
  endfacet
  facet normal -0 0 1
    outer loop
      vertex -88.1329 61.8955 2
      vertex -87.5431 57.9855 2
      vertex -87.3631 62.0487 2
    endloop
  endfacet
  facet normal 0 0 1
    outer loop
      vertex -87.5431 57.9855 2
      vertex -88.1329 61.8955 2
      vertex -87.765 58 2
    endloop
  endfacet
  facet normal -0 0 1
    outer loop
      vertex -88.8761 61.6433 2
      vertex -87.765 58 2
      vertex -88.1329 61.8955 2
    endloop
  endfacet
  facet normal 0 0 1
    outer loop
      vertex -87.765 58 2
      vertex -88.8761 61.6433 2
      vertex -87.9869 57.9855 2
    endloop
  endfacet
  facet normal -0 0 1
    outer loop
      vertex -89.58 61.2961 2
      vertex -87.9869 57.9855 2
      vertex -88.8761 61.6433 2
    endloop
  endfacet
  facet normal 0 0 1
    outer loop
      vertex -87.9869 57.9855 2
      vertex -89.58 61.2961 2
      vertex -88.205 57.9421 2
    endloop
  endfacet
  facet normal 0 0 1
    outer loop
      vertex -88.205 57.9421 2
      vertex -89.58 61.2961 2
      vertex -88.4156 57.8706 2
    endloop
  endfacet
  facet normal -0 0 1
    outer loop
      vertex -90.2326 60.8601 2
      vertex -88.4156 57.8706 2
      vertex -89.58 61.2961 2
    endloop
  endfacet
  facet normal 0 0 1
    outer loop
      vertex -88.4156 57.8706 2
      vertex -90.2326 60.8601 2
      vertex -88.615 57.7722 2
    endloop
  endfacet
  facet normal -0 0 1
    outer loop
      vertex -90.8226 60.3426 2
      vertex -88.615 57.7722 2
      vertex -90.2326 60.8601 2
    endloop
  endfacet
  facet normal 0 0 1
    outer loop
      vertex -88.615 57.7722 2
      vertex -90.8226 60.3426 2
      vertex -88.7999 57.6487 2
    endloop
  endfacet
  facet normal -0 0 1
    outer loop
      vertex -91.3401 59.7526 2
      vertex -88.7999 57.6487 2
      vertex -90.8226 60.3426 2
    endloop
  endfacet
  facet normal 0 0 1
    outer loop
      vertex -88.7999 57.6487 2
      vertex -91.3401 59.7526 2
      vertex -88.9671 57.5021 2
    endloop
  endfacet
  facet normal -0 0 1
    outer loop
      vertex -91.7761 59.1 2
      vertex -88.9671 57.5021 2
      vertex -91.3401 59.7526 2
    endloop
  endfacet
  facet normal 0 0 1
    outer loop
      vertex -89.4505 0.221894 2
      vertex -92.58 56.1 2
      vertex -89.465 0 2
    endloop
  endfacet
  facet normal -0 0 1
    outer loop
      vertex -92.1233 58.3961 2
      vertex -89.2372 57.15 2
      vertex -91.7761 59.1 2
    endloop
  endfacet
  facet normal 0 0 1
    outer loop
      vertex -89.1137 57.3349 2
      vertex -91.7761 59.1 2
      vertex -89.2372 57.15 2
    endloop
  endfacet
  facet normal 0 0 1
    outer loop
      vertex -88.9671 57.5021 2
      vertex -91.7761 59.1 2
      vertex -89.1137 57.3349 2
    endloop
  endfacet
  facet normal -0 0 1
    outer loop
      vertex 89.2372 -57.15 2
      vertex 92.1233 -58.3961 2
      vertex 89.3356 -56.9506 2
    endloop
  endfacet
  facet normal 0 0 1
    outer loop
      vertex 92.1233 -58.3961 2
      vertex 89.2372 -57.15 2
      vertex 91.7761 -59.1 2
    endloop
  endfacet
  facet normal -0 0 1
    outer loop
      vertex 89.1137 -57.3349 2
      vertex 91.7761 -59.1 2
      vertex 89.2372 -57.15 2
    endloop
  endfacet
  facet normal -0 0 1
    outer loop
      vertex 88.9671 -57.5021 2
      vertex 91.7761 -59.1 2
      vertex 89.1137 -57.3349 2
    endloop
  endfacet
  facet normal 0 0 1
    outer loop
      vertex 91.7761 -59.1 2
      vertex 88.9671 -57.5021 2
      vertex 91.3401 -59.7526 2
    endloop
  endfacet
  facet normal -0 0 1
    outer loop
      vertex 88.7999 -57.6487 2
      vertex 91.3401 -59.7526 2
      vertex 88.9671 -57.5021 2
    endloop
  endfacet
  facet normal 0 0 1
    outer loop
      vertex 91.3401 -59.7526 2
      vertex 88.7999 -57.6487 2
      vertex 90.8226 -60.3426 2
    endloop
  endfacet
  facet normal -0 0 1
    outer loop
      vertex 88.615 -57.7722 2
      vertex 90.8226 -60.3426 2
      vertex 88.7999 -57.6487 2
    endloop
  endfacet
  facet normal 0 0 1
    outer loop
      vertex 90.8226 -60.3426 2
      vertex 88.615 -57.7722 2
      vertex 90.2326 -60.8601 2
    endloop
  endfacet
  facet normal -0 0 1
    outer loop
      vertex 88.4156 -57.8706 2
      vertex 90.2326 -60.8601 2
      vertex 88.615 -57.7722 2
    endloop
  endfacet
  facet normal 0 0 1
    outer loop
      vertex 90.2326 -60.8601 2
      vertex 88.4156 -57.8706 2
      vertex 89.58 -61.2961 2
    endloop
  endfacet
  facet normal -0 0 1
    outer loop
      vertex 88.205 -57.9421 2
      vertex 89.58 -61.2961 2
      vertex 88.4156 -57.8706 2
    endloop
  endfacet
  facet normal -0 0 1
    outer loop
      vertex 87.9869 -57.9855 2
      vertex 89.58 -61.2961 2
      vertex 88.205 -57.9421 2
    endloop
  endfacet
  facet normal 0 0 1
    outer loop
      vertex 89.58 -61.2961 2
      vertex 87.9869 -57.9855 2
      vertex 88.8761 -61.6433 2
    endloop
  endfacet
  facet normal -0 0 1
    outer loop
      vertex 87.765 -58 2
      vertex 88.8761 -61.6433 2
      vertex 87.9869 -57.9855 2
    endloop
  endfacet
  facet normal 0 0 1
    outer loop
      vertex 88.8761 -61.6433 2
      vertex 87.765 -58 2
      vertex 88.1329 -61.8955 2
    endloop
  endfacet
  facet normal 0 0 1
    outer loop
      vertex 87.5431 -57.9855 2
      vertex 88.1329 -61.8955 2
      vertex 87.765 -58 2
    endloop
  endfacet
  facet normal 0 0 1
    outer loop
      vertex 87.5431 -57.9855 2
      vertex 87.3631 -62.0487 2
      vertex 88.1329 -61.8955 2
    endloop
  endfacet
  facet normal 0 0 1
    outer loop
      vertex 87.325 -57.9421 2
      vertex 87.3631 -62.0487 2
      vertex 87.5431 -57.9855 2
    endloop
  endfacet
  facet normal 0 0 1
    outer loop
      vertex 86.58 -62.1 2
      vertex 87.325 -57.9421 2
      vertex 87.1144 -57.8706 2
    endloop
  endfacet
  facet normal 0 0 1
    outer loop
      vertex 86.58 -62.1 2
      vertex 87.1144 -57.8706 2
      vertex 86.915 -57.7722 2
    endloop
  endfacet
  facet normal 0 0 1
    outer loop
      vertex 86.58 -62.1 2
      vertex 86.915 -57.7722 2
      vertex 86.7301 -57.6487 2
    endloop
  endfacet
  facet normal 0 0 1
    outer loop
      vertex 87.325 -57.9421 2
      vertex 86.58 -62.1 2
      vertex 87.3631 -62.0487 2
    endloop
  endfacet
  facet normal 0 0 1
    outer loop
      vertex 86.5629 -57.5021 2
      vertex 86.58 -62.1 2
      vertex 86.7301 -57.6487 2
    endloop
  endfacet
  facet normal 0 0 1
    outer loop
      vertex 86.4163 -57.3349 2
      vertex 86.58 -62.1 2
      vertex 86.5629 -57.5021 2
    endloop
  endfacet
  facet normal 0 0 1
    outer loop
      vertex 86.2928 -57.15 2
      vertex 86.58 -62.1 2
      vertex 86.4163 -57.3349 2
    endloop
  endfacet
  facet normal 0 0 1
    outer loop
      vertex 86.1944 -56.9506 2
      vertex 86.58 -62.1 2
      vertex 86.2928 -57.15 2
    endloop
  endfacet
  facet normal 0 0 1
    outer loop
      vertex 86.1229 -56.74 2
      vertex 86.58 -62.1 2
      vertex 86.1944 -56.9506 2
    endloop
  endfacet
  facet normal 0 0 1
    outer loop
      vertex 80.25 -49.8 2
      vertex 86.1229 -56.74 2
      vertex 86.0795 -56.5219 2
    endloop
  endfacet
  facet normal 0 0 1
    outer loop
      vertex 86.7301 -54.9513 2
      vertex 81.6642 -49.2142 2
      vertex 86.5629 -55.0979 2
    endloop
  endfacet
  facet normal -0 0 1
    outer loop
      vertex 81.4675 -49.3867 2
      vertex 86.5629 -55.0979 2
      vertex 81.6642 -49.2142 2
    endloop
  endfacet
  facet normal 0 0 1
    outer loop
      vertex 86.5629 -55.0979 2
      vertex 81.4675 -49.3867 2
      vertex 86.4163 -55.2651 2
    endloop
  endfacet
  facet normal -0 0 1
    outer loop
      vertex 81.25 -49.532 2
      vertex 86.4163 -55.2651 2
      vertex 81.4675 -49.3867 2
    endloop
  endfacet
  facet normal 0 0 1
    outer loop
      vertex 86.4163 -55.2651 2
      vertex 81.25 -49.532 2
      vertex 86.2928 -55.45 2
    endloop
  endfacet
  facet normal -0 0 1
    outer loop
      vertex 81.0154 -49.6478 2
      vertex 86.2928 -55.45 2
      vertex 81.25 -49.532 2
    endloop
  endfacet
  facet normal 0 0 1
    outer loop
      vertex 86.2928 -55.45 2
      vertex 81.0154 -49.6478 2
      vertex 86.1944 -55.6494 2
    endloop
  endfacet
  facet normal -0 0 1
    outer loop
      vertex 80.7676 -49.7318 2
      vertex 86.1944 -55.6494 2
      vertex 81.0154 -49.6478 2
    endloop
  endfacet
  facet normal 0 0 1
    outer loop
      vertex 86.1944 -55.6494 2
      vertex 80.7676 -49.7318 2
      vertex 86.1229 -55.86 2
    endloop
  endfacet
  facet normal -0 0 1
    outer loop
      vertex 80.511 -49.7829 2
      vertex 86.1229 -55.86 2
      vertex 80.7676 -49.7318 2
    endloop
  endfacet
  facet normal 0 0 1
    outer loop
      vertex 86.1229 -55.86 2
      vertex 80.511 -49.7829 2
      vertex 86.0795 -56.0781 2
    endloop
  endfacet
  facet normal -0 0 1
    outer loop
      vertex 80.25 -49.8 2
      vertex 86.0795 -56.0781 2
      vertex 80.511 -49.7829 2
    endloop
  endfacet
  facet normal 0 0 1
    outer loop
      vertex 86.0795 -56.0781 2
      vertex 80.25 -49.8 2
      vertex 86.065 -56.3 2
    endloop
  endfacet
  facet normal 0 0 1
    outer loop
      vertex 86.065 -56.3 2
      vertex 80.25 -49.8 2
      vertex 86.0795 -56.5219 2
    endloop
  endfacet
  facet normal 0 0 1
    outer loop
      vertex 86.1229 -56.74 2
      vertex 80.25 -49.8 2
      vertex 86.58 -62.1 2
    endloop
  endfacet
  facet normal 0 0 1
    outer loop
      vertex 18 -60 2
      vertex 80.25 -49.8 2
      vertex 18 -49.8 2
    endloop
  endfacet
  facet normal 0 0 1
    outer loop
      vertex 80.25 -49.8 2
      vertex 18 -60 2
      vertex 86.58 -62.1 2
    endloop
  endfacet
  facet normal -0 0 1
    outer loop
      vertex -18 -60 2
      vertex 86.58 -62.1 2
      vertex 18 -60 2
    endloop
  endfacet
  facet normal 0 0 1
    outer loop
      vertex -86.065 -56.3 2
      vertex -80.25 -49.8 2
      vertex -80.511 -49.7829 2
    endloop
  endfacet
  facet normal 0 0 1
    outer loop
      vertex -82.25 47.8 2
      vertex -86.065 0 2
      vertex -82.25 -47.8 2
    endloop
  endfacet
  facet normal -0 0 1
    outer loop
      vertex -86.0795 -0.221894 2
      vertex -82.25 -47.8 2
      vertex -86.065 0 2
    endloop
  endfacet
  facet normal 0 0 1
    outer loop
      vertex -82.25 -47.8 2
      vertex -86.065 -56.3 2
      vertex -82.2329 -48.061 2
    endloop
  endfacet
  facet normal 0 0 1
    outer loop
      vertex -86.065 -56.3 2
      vertex -82.1819 -48.3176 2
      vertex -82.2329 -48.061 2
    endloop
  endfacet
  facet normal 0 0 1
    outer loop
      vertex -86.065 -56.3 2
      vertex -82.0978 -48.5654 2
      vertex -82.1819 -48.3176 2
    endloop
  endfacet
  facet normal 0 0 1
    outer loop
      vertex -86.065 -56.3 2
      vertex -81.9821 -48.8 2
      vertex -82.0978 -48.5654 2
    endloop
  endfacet
  facet normal 0 0 1
    outer loop
      vertex -86.065 -56.3 2
      vertex -81.8367 -49.0175 2
      vertex -81.9821 -48.8 2
    endloop
  endfacet
  facet normal 0 0 1
    outer loop
      vertex -86.065 -56.3 2
      vertex -81.6642 -49.2142 2
      vertex -81.8367 -49.0175 2
    endloop
  endfacet
  facet normal 0 0 1
    outer loop
      vertex -86.065 -56.3 2
      vertex -81.4675 -49.3867 2
      vertex -81.6642 -49.2142 2
    endloop
  endfacet
  facet normal 0 0 1
    outer loop
      vertex -86.065 -56.3 2
      vertex -81.25 -49.532 2
      vertex -81.4675 -49.3867 2
    endloop
  endfacet
  facet normal 0 0 1
    outer loop
      vertex -86.065 -56.3 2
      vertex -81.0154 -49.6478 2
      vertex -81.25 -49.532 2
    endloop
  endfacet
  facet normal 0 0 1
    outer loop
      vertex -86.065 -56.3 2
      vertex -80.7676 -49.7318 2
      vertex -81.0154 -49.6478 2
    endloop
  endfacet
  facet normal 0 0 1
    outer loop
      vertex -86.065 -56.3 2
      vertex -80.511 -49.7829 2
      vertex -80.7676 -49.7318 2
    endloop
  endfacet
  facet normal 0 0 1
    outer loop
      vertex -80.25 -49.8 2
      vertex -86.065 -56.3 2
      vertex -86.0795 -56.5219 2
    endloop
  endfacet
  facet normal 0 0 1
    outer loop
      vertex -80.25 -49.8 2
      vertex -86.0795 -56.5219 2
      vertex -86.1229 -56.74 2
    endloop
  endfacet
  facet normal 0 0 1
    outer loop
      vertex -80.25 -49.8 2
      vertex -86.1229 -56.74 2
      vertex -86.58 -62.1 2
    endloop
  endfacet
  facet normal 0 0 1
    outer loop
      vertex -86.58 -62.1 2
      vertex -86.1229 -56.74 2
      vertex -86.1944 -56.9506 2
    endloop
  endfacet
  facet normal 0 0 1
    outer loop
      vertex -86.58 -62.1 2
      vertex -86.1944 -56.9506 2
      vertex -86.2928 -57.15 2
    endloop
  endfacet
  facet normal 0 0 1
    outer loop
      vertex -86.58 -62.1 2
      vertex -86.2928 -57.15 2
      vertex -86.4163 -57.3349 2
    endloop
  endfacet
  facet normal 0 0 1
    outer loop
      vertex -86.58 -62.1 2
      vertex -86.4163 -57.3349 2
      vertex -86.5629 -57.5021 2
    endloop
  endfacet
  facet normal 0 0 1
    outer loop
      vertex -18 -60 2
      vertex -86.58 -62.1 2
      vertex 86.58 -62.1 2
    endloop
  endfacet
  facet normal 0 0 1
    outer loop
      vertex -80.25 -49.8 2
      vertex -86.58 -62.1 2
      vertex -18 -60 2
    endloop
  endfacet
  facet normal -0 0 1
    outer loop
      vertex -86.7301 -57.6487 2
      vertex -86.58 -62.1 2
      vertex -86.5629 -57.5021 2
    endloop
  endfacet
  facet normal -0 0 1
    outer loop
      vertex -86.915 -57.7722 2
      vertex -86.58 -62.1 2
      vertex -86.7301 -57.6487 2
    endloop
  endfacet
  facet normal -0 0 1
    outer loop
      vertex -87.1144 -57.8706 2
      vertex -86.58 -62.1 2
      vertex -86.915 -57.7722 2
    endloop
  endfacet
  facet normal -0 0 1
    outer loop
      vertex -87.325 -57.9421 2
      vertex -86.58 -62.1 2
      vertex -87.1144 -57.8706 2
    endloop
  endfacet
  facet normal 0 0 1
    outer loop
      vertex -87.325 -57.9421 2
      vertex -87.3631 -62.0487 2
      vertex -86.58 -62.1 2
    endloop
  endfacet
  facet normal -0 0 1
    outer loop
      vertex -87.5431 -57.9855 2
      vertex -87.3631 -62.0487 2
      vertex -87.325 -57.9421 2
    endloop
  endfacet
  facet normal 0 0 1
    outer loop
      vertex -88.1329 -61.8955 2
      vertex -87.5431 -57.9855 2
      vertex -87.765 -58 2
    endloop
  endfacet
  facet normal 0 0 1
    outer loop
      vertex -88.8761 -61.6433 2
      vertex -87.765 -58 2
      vertex -87.9869 -57.9855 2
    endloop
  endfacet
  facet normal 0 0 1
    outer loop
      vertex -87.5431 -57.9855 2
      vertex -88.1329 -61.8955 2
      vertex -87.3631 -62.0487 2
    endloop
  endfacet
  facet normal 0 0 1
    outer loop
      vertex -89.58 -61.2961 2
      vertex -87.9869 -57.9855 2
      vertex -88.205 -57.9421 2
    endloop
  endfacet
  facet normal 0 0 1
    outer loop
      vertex -89.58 -61.2961 2
      vertex -88.205 -57.9421 2
      vertex -88.4156 -57.8706 2
    endloop
  endfacet
  facet normal 0 0 1
    outer loop
      vertex -90.2326 -60.8601 2
      vertex -88.4156 -57.8706 2
      vertex -88.615 -57.7722 2
    endloop
  endfacet
  facet normal 0 0 1
    outer loop
      vertex -90.8226 -60.3426 2
      vertex -88.615 -57.7722 2
      vertex -88.7999 -57.6487 2
    endloop
  endfacet
  facet normal 0 0 1
    outer loop
      vertex -87.765 -58 2
      vertex -88.8761 -61.6433 2
      vertex -88.1329 -61.8955 2
    endloop
  endfacet
  facet normal 0 0 1
    outer loop
      vertex -91.3401 -59.7526 2
      vertex -88.7999 -57.6487 2
      vertex -88.9671 -57.5021 2
    endloop
  endfacet
  facet normal 0 0 1
    outer loop
      vertex -91.7761 -59.1 2
      vertex -88.9671 -57.5021 2
      vertex -89.1137 -57.3349 2
    endloop
  endfacet
  facet normal 0 0 1
    outer loop
      vertex -91.7761 -59.1 2
      vertex -89.1137 -57.3349 2
      vertex -89.2372 -57.15 2
    endloop
  endfacet
  facet normal 0 0 1
    outer loop
      vertex -92.1233 -58.3961 2
      vertex -89.2372 -57.15 2
      vertex -89.3356 -56.9506 2
    endloop
  endfacet
  facet normal 0 0 1
    outer loop
      vertex -92.3755 -57.6529 2
      vertex -89.3356 -56.9506 2
      vertex -89.4071 -56.74 2
    endloop
  endfacet
  facet normal 0 0 1
    outer loop
      vertex -92.5287 -56.8831 2
      vertex -89.4071 -56.74 2
      vertex -89.4505 -56.5219 2
    endloop
  endfacet
  facet normal 0 0 1
    outer loop
      vertex -87.9869 -57.9855 2
      vertex -89.58 -61.2961 2
      vertex -88.8761 -61.6433 2
    endloop
  endfacet
  facet normal 0 0 1
    outer loop
      vertex -92.5287 -56.8831 2
      vertex -89.4505 -56.5219 2
      vertex -89.465 -56.3 2
    endloop
  endfacet
  facet normal 0 0 1
    outer loop
      vertex -92.58 -56.1 2
      vertex -89.465 0 2
      vertex -92.58 56.1 2
    endloop
  endfacet
  facet normal 0 0 1
    outer loop
      vertex -89.2372 57.15 2
      vertex -92.1233 58.3961 2
      vertex -89.3356 56.9506 2
    endloop
  endfacet
  facet normal 0 0 1
    outer loop
      vertex -89.4505 -56.0781 2
      vertex -92.58 -56.1 2
      vertex -89.465 -56.3 2
    endloop
  endfacet
  facet normal -0 0 1
    outer loop
      vertex -92.3755 57.6529 2
      vertex -89.3356 56.9506 2
      vertex -92.1233 58.3961 2
    endloop
  endfacet
  facet normal 0 -0 1
    outer loop
      vertex -92.5287 -56.8831 2
      vertex -89.465 -56.3 2
      vertex -92.58 -56.1 2
    endloop
  endfacet
  facet normal 0 0 1
    outer loop
      vertex -89.3356 56.9506 2
      vertex -92.3755 57.6529 2
      vertex -89.4071 56.74 2
    endloop
  endfacet
  facet normal 0 0 1
    outer loop
      vertex -88.4156 -57.8706 2
      vertex -90.2326 -60.8601 2
      vertex -89.58 -61.2961 2
    endloop
  endfacet
  facet normal -0 0 1
    outer loop
      vertex -92.5287 56.8831 2
      vertex -89.4071 56.74 2
      vertex -92.3755 57.6529 2
    endloop
  endfacet
  facet normal 0 0 1
    outer loop
      vertex -88.615 -57.7722 2
      vertex -90.8226 -60.3426 2
      vertex -90.2326 -60.8601 2
    endloop
  endfacet
  facet normal 0 0 1
    outer loop
      vertex -89.4071 56.74 2
      vertex -92.5287 56.8831 2
      vertex -89.4505 56.5219 2
    endloop
  endfacet
  facet normal 0 0 1
    outer loop
      vertex -88.7999 -57.6487 2
      vertex -91.3401 -59.7526 2
      vertex -90.8226 -60.3426 2
    endloop
  endfacet
  facet normal 0 0 1
    outer loop
      vertex -89.4505 56.5219 2
      vertex -92.5287 56.8831 2
      vertex -89.465 56.3 2
    endloop
  endfacet
  facet normal 0 0 1
    outer loop
      vertex -88.9671 -57.5021 2
      vertex -91.7761 -59.1 2
      vertex -91.3401 -59.7526 2
    endloop
  endfacet
  facet normal 0 0 1
    outer loop
      vertex -89.465 56.3 2
      vertex -92.5287 56.8831 2
      vertex -92.58 56.1 2
    endloop
  endfacet
  facet normal 0 0 1
    outer loop
      vertex -89.2372 -57.15 2
      vertex -92.1233 -58.3961 2
      vertex -91.7761 -59.1 2
    endloop
  endfacet
  facet normal 0 0 1
    outer loop
      vertex -89.3356 -56.9506 2
      vertex -92.3755 -57.6529 2
      vertex -92.1233 -58.3961 2
    endloop
  endfacet
  facet normal 0 0 1
    outer loop
      vertex -89.4071 -56.74 2
      vertex -92.5287 -56.8831 2
      vertex -92.3755 -57.6529 2
    endloop
  endfacet
  facet normal -0 0 1
    outer loop
      vertex 1.68546 56.0781 2
      vertex 80.25 49.8 2
      vertex 1.7 56.3 2
    endloop
  endfacet
  facet normal -0 0 1
    outer loop
      vertex 1.64207 55.86 2
      vertex 80.25 49.8 2
      vertex 1.68546 56.0781 2
    endloop
  endfacet
  facet normal -0 0 1
    outer loop
      vertex 1.57059 55.6494 2
      vertex 80.25 49.8 2
      vertex 1.64207 55.86 2
    endloop
  endfacet
  facet normal -0 0 1
    outer loop
      vertex 1.47224 55.45 2
      vertex 80.25 49.8 2
      vertex 1.57059 55.6494 2
    endloop
  endfacet
  facet normal -0 0 1
    outer loop
      vertex 1.3487 55.2651 2
      vertex 80.25 49.8 2
      vertex 1.47224 55.45 2
    endloop
  endfacet
  facet normal -0 0 1
    outer loop
      vertex 1.20208 55.0979 2
      vertex 80.25 49.8 2
      vertex 1.3487 55.2651 2
    endloop
  endfacet
  facet normal -0 0 1
    outer loop
      vertex 1.03489 54.9513 2
      vertex 80.25 49.8 2
      vertex 1.20208 55.0979 2
    endloop
  endfacet
  facet normal -0 0 1
    outer loop
      vertex 0.849999 54.8278 2
      vertex 80.25 49.8 2
      vertex 1.03489 54.9513 2
    endloop
  endfacet
  facet normal -0 0 1
    outer loop
      vertex 0.650561 54.7294 2
      vertex 80.25 49.8 2
      vertex 0.849999 54.8278 2
    endloop
  endfacet
  facet normal -0 0 1
    outer loop
      vertex 0.439992 54.6579 2
      vertex 80.25 49.8 2
      vertex 0.650561 54.7294 2
    endloop
  endfacet
  facet normal -0 0 1
    outer loop
      vertex 0.221894 54.6145 2
      vertex 80.25 49.8 2
      vertex 0.439992 54.6579 2
    endloop
  endfacet
  facet normal -0 0 1
    outer loop
      vertex 0 54.6 2
      vertex 80.25 49.8 2
      vertex 0.221894 54.6145 2
    endloop
  endfacet
  facet normal 0 0 1
    outer loop
      vertex 0 54.6 2
      vertex -80.25 49.8 2
      vertex 80.25 49.8 2
    endloop
  endfacet
  facet normal 0 0 1
    outer loop
      vertex -0.221894 54.6145 2
      vertex -80.25 49.8 2
      vertex 0 54.6 2
    endloop
  endfacet
  facet normal 0 0 1
    outer loop
      vertex -0.439992 54.6579 2
      vertex -80.25 49.8 2
      vertex -0.221894 54.6145 2
    endloop
  endfacet
  facet normal 0 0 1
    outer loop
      vertex -0.650561 54.7294 2
      vertex -80.25 49.8 2
      vertex -0.439992 54.6579 2
    endloop
  endfacet
  facet normal 0 0 1
    outer loop
      vertex -0.849999 54.8278 2
      vertex -80.25 49.8 2
      vertex -0.650561 54.7294 2
    endloop
  endfacet
  facet normal 0 0 1
    outer loop
      vertex -1.03489 54.9513 2
      vertex -80.25 49.8 2
      vertex -0.849999 54.8278 2
    endloop
  endfacet
  facet normal 0 0 1
    outer loop
      vertex -1.20208 55.0979 2
      vertex -80.25 49.8 2
      vertex -1.03489 54.9513 2
    endloop
  endfacet
  facet normal 0 0 1
    outer loop
      vertex -1.3487 55.2651 2
      vertex -80.25 49.8 2
      vertex -1.20208 55.0979 2
    endloop
  endfacet
  facet normal 0 0 1
    outer loop
      vertex -1.47224 55.45 2
      vertex -80.25 49.8 2
      vertex -1.3487 55.2651 2
    endloop
  endfacet
  facet normal 0 0 1
    outer loop
      vertex -1.57059 55.6494 2
      vertex -80.25 49.8 2
      vertex -1.47224 55.45 2
    endloop
  endfacet
  facet normal 0 0 1
    outer loop
      vertex -1.64207 55.86 2
      vertex -80.25 49.8 2
      vertex -1.57059 55.6494 2
    endloop
  endfacet
  facet normal 0 0 1
    outer loop
      vertex -1.68546 56.0781 2
      vertex -80.25 49.8 2
      vertex -1.64207 55.86 2
    endloop
  endfacet
  facet normal 0 0 1
    outer loop
      vertex -80.25 49.8 2
      vertex -1.68546 56.0781 2
      vertex -1.7 56.3 2
    endloop
  endfacet
  facet normal 0.442365 0.896835 -0
    outer loop
      vertex 89.58 61.2961 0
      vertex 88.8761 61.6433 2
      vertex 89.58 61.2961 2
    endloop
  endfacet
  facet normal 0.442365 0.896835 0
    outer loop
      vertex 88.8761 61.6433 2
      vertex 89.58 61.2961 0
      vertex 88.8761 61.6433 0
    endloop
  endfacet
  facet normal 0.980766 0.195185 -1.87468e-18
    outer loop
      vertex 92.5287 56.8831 2
      vertex 92.3755 57.6529 0
      vertex 92.3755 57.6529 2
    endloop
  endfacet
  facet normal 0.980766 0.195185 -1.87468e-18
    outer loop
      vertex 92.3755 57.6529 0
      vertex 92.5287 56.8831 2
      vertex 92.5287 56.8831 0
    endloop
  endfacet
  facet normal 0.555523 0.831501 -0
    outer loop
      vertex 90.2326 60.8601 0
      vertex 89.58 61.2961 2
      vertex 90.2326 60.8601 2
    endloop
  endfacet
  facet normal 0.555523 0.831501 0
    outer loop
      vertex 89.58 61.2961 2
      vertex 90.2326 60.8601 0
      vertex 89.58 61.2961 0
    endloop
  endfacet
  facet normal -0.997861 0.0653688 -1.14914e-18
    outer loop
      vertex -92.58 56.1 0
      vertex -92.5287 56.8831 2
      vertex -92.5287 56.8831 0
    endloop
  endfacet
  facet normal -0.997861 0.0653688 -1.14914e-18
    outer loop
      vertex -92.5287 56.8831 2
      vertex -92.58 56.1 0
      vertex -92.58 56.1 2
    endloop
  endfacet
  facet normal -0.555523 -0.831501 0
    outer loop
      vertex -90.2326 -60.8601 0
      vertex -89.58 -61.2961 2
      vertex -90.2326 -60.8601 2
    endloop
  endfacet
  facet normal -0.555523 -0.831501 -0
    outer loop
      vertex -89.58 -61.2961 2
      vertex -90.2326 -60.8601 0
      vertex -89.58 -61.2961 0
    endloop
  endfacet
  facet normal 0.997861 0.0653688 1.14914e-18
    outer loop
      vertex 92.58 56.1 2
      vertex 92.5287 56.8831 0
      vertex 92.5287 56.8831 2
    endloop
  endfacet
  facet normal 0.997861 0.0653688 1.14914e-18
    outer loop
      vertex 92.5287 56.8831 0
      vertex 92.58 56.1 2
      vertex 92.58 56.1 0
    endloop
  endfacet
  facet normal -0.195185 0.980766 0
    outer loop
      vertex -87.3631 62.0487 0
      vertex -88.1329 61.8955 2
      vertex -87.3631 62.0487 2
    endloop
  endfacet
  facet normal -0.195185 0.980766 0
    outer loop
      vertex -88.1329 61.8955 2
      vertex -87.3631 62.0487 0
      vertex -88.1329 61.8955 0
    endloop
  endfacet
  facet normal -0.442365 -0.896835 0
    outer loop
      vertex -89.58 -61.2961 0
      vertex -88.8761 -61.6433 2
      vertex -89.58 -61.2961 2
    endloop
  endfacet
  facet normal -0.442365 -0.896835 -0
    outer loop
      vertex -88.8761 -61.6433 2
      vertex -89.58 -61.2961 0
      vertex -88.8761 -61.6433 0
    endloop
  endfacet
  facet normal 0.195185 0.980766 -0
    outer loop
      vertex 88.1329 61.8955 0
      vertex 87.3631 62.0487 2
      vertex 88.1329 61.8955 2
    endloop
  endfacet
  facet normal 0.195185 0.980766 0
    outer loop
      vertex 87.3631 62.0487 2
      vertex 88.1329 61.8955 0
      vertex 87.3631 62.0487 0
    endloop
  endfacet
  facet normal 0.751787 -0.659406 8.31822e-18
    outer loop
      vertex 90.8226 -60.3426 2
      vertex 91.3401 -59.7526 0
      vertex 91.3401 -59.7526 2
    endloop
  endfacet
  facet normal 0.751787 -0.659406 8.31822e-18
    outer loop
      vertex 91.3401 -59.7526 0
      vertex 90.8226 -60.3426 2
      vertex 90.8226 -60.3426 0
    endloop
  endfacet
  facet normal -0.555523 0.831501 0
    outer loop
      vertex -89.58 61.2961 0
      vertex -90.2326 60.8601 2
      vertex -89.58 61.2961 2
    endloop
  endfacet
  facet normal -0.555523 0.831501 0
    outer loop
      vertex -90.2326 60.8601 2
      vertex -89.58 61.2961 0
      vertex -90.2326 60.8601 0
    endloop
  endfacet
  facet normal 0.321345 -0.946962 0
    outer loop
      vertex 88.1329 -61.8955 0
      vertex 88.8761 -61.6433 2
      vertex 88.1329 -61.8955 2
    endloop
  endfacet
  facet normal 0.321345 -0.946962 0
    outer loop
      vertex 88.8761 -61.6433 2
      vertex 88.1329 -61.8955 0
      vertex 88.8761 -61.6433 0
    endloop
  endfacet
  facet normal -0.321345 0.946962 0
    outer loop
      vertex -88.1329 61.8955 0
      vertex -88.8761 61.6433 2
      vertex -88.1329 61.8955 2
    endloop
  endfacet
  facet normal -0.321345 0.946962 0
    outer loop
      vertex -88.8761 61.6433 2
      vertex -88.1329 61.8955 0
      vertex -88.8761 61.6433 0
    endloop
  endfacet
  facet normal -0.946962 -0.321345 -6.7364e-18
    outer loop
      vertex -92.1233 -58.3961 0
      vertex -92.3755 -57.6529 2
      vertex -92.3755 -57.6529 0
    endloop
  endfacet
  facet normal -0.946962 -0.321345 -6.7364e-18
    outer loop
      vertex -92.3755 -57.6529 2
      vertex -92.1233 -58.3961 0
      vertex -92.1233 -58.3961 2
    endloop
  endfacet
  facet normal -0.896835 -0.442365 -4.71932e-19
    outer loop
      vertex -91.7761 -59.1 0
      vertex -92.1233 -58.3961 2
      vertex -92.1233 -58.3961 0
    endloop
  endfacet
  facet normal -0.896835 -0.442365 -4.71932e-19
    outer loop
      vertex -92.1233 -58.3961 2
      vertex -91.7761 -59.1 0
      vertex -91.7761 -59.1 2
    endloop
  endfacet
  facet normal 0.321345 0.946962 -0
    outer loop
      vertex 88.8761 61.6433 0
      vertex 88.1329 61.8955 2
      vertex 88.8761 61.6433 2
    endloop
  endfacet
  facet normal 0.321345 0.946962 0
    outer loop
      vertex 88.1329 61.8955 2
      vertex 88.8761 61.6433 0
      vertex 88.1329 61.8955 0
    endloop
  endfacet
  facet normal 0.831501 0.555523 3.71547e-18
    outer loop
      vertex 91.7761 59.1 2
      vertex 91.3401 59.7526 0
      vertex 91.3401 59.7526 2
    endloop
  endfacet
  facet normal 0.831501 0.555523 3.71547e-18
    outer loop
      vertex 91.3401 59.7526 0
      vertex 91.7761 59.1 2
      vertex 91.7761 59.1 0
    endloop
  endfacet
  facet normal 0.997861 -0.0653688 -1.14914e-18
    outer loop
      vertex 92.5287 -56.8831 2
      vertex 92.58 -56.1 0
      vertex 92.58 -56.1 2
    endloop
  endfacet
  facet normal 0.997861 -0.0653688 -1.14914e-18
    outer loop
      vertex 92.58 -56.1 0
      vertex 92.5287 -56.8831 2
      vertex 92.5287 -56.8831 0
    endloop
  endfacet
  facet normal 0.831501 -0.555523 -3.71547e-18
    outer loop
      vertex 91.3401 -59.7526 2
      vertex 91.7761 -59.1 0
      vertex 91.7761 -59.1 2
    endloop
  endfacet
  facet normal 0.831501 -0.555523 -3.71547e-18
    outer loop
      vertex 91.7761 -59.1 0
      vertex 91.3401 -59.7526 2
      vertex 91.3401 -59.7526 0
    endloop
  endfacet
  facet normal 0.980766 -0.195185 1.87468e-18
    outer loop
      vertex 92.3755 -57.6529 2
      vertex 92.5287 -56.8831 0
      vertex 92.5287 -56.8831 2
    endloop
  endfacet
  facet normal 0.980766 -0.195185 1.87468e-18
    outer loop
      vertex 92.5287 -56.8831 0
      vertex 92.3755 -57.6529 2
      vertex 92.3755 -57.6529 0
    endloop
  endfacet
  facet normal 0.442365 -0.896835 0
    outer loop
      vertex 88.8761 -61.6433 0
      vertex 89.58 -61.2961 2
      vertex 88.8761 -61.6433 2
    endloop
  endfacet
  facet normal 0.442365 -0.896835 0
    outer loop
      vertex 89.58 -61.2961 2
      vertex 88.8761 -61.6433 0
      vertex 89.58 -61.2961 0
    endloop
  endfacet
  facet normal 0.195185 -0.980766 0
    outer loop
      vertex 87.3631 -62.0487 0
      vertex 88.1329 -61.8955 2
      vertex 87.3631 -62.0487 2
    endloop
  endfacet
  facet normal 0.195185 -0.980766 0
    outer loop
      vertex 88.1329 -61.8955 2
      vertex 87.3631 -62.0487 0
      vertex 88.1329 -61.8955 0
    endloop
  endfacet
  facet normal -0.659406 -0.751787 0
    outer loop
      vertex -90.8226 -60.3426 0
      vertex -90.2326 -60.8601 2
      vertex -90.8226 -60.3426 2
    endloop
  endfacet
  facet normal -0.659406 -0.751787 -0
    outer loop
      vertex -90.2326 -60.8601 2
      vertex -90.8226 -60.3426 0
      vertex -90.2326 -60.8601 0
    endloop
  endfacet
  facet normal 0.659406 0.751787 -0
    outer loop
      vertex 90.8226 60.3426 0
      vertex 90.2326 60.8601 2
      vertex 90.8226 60.3426 2
    endloop
  endfacet
  facet normal 0.659406 0.751787 0
    outer loop
      vertex 90.2326 60.8601 2
      vertex 90.8226 60.3426 0
      vertex 90.2326 60.8601 0
    endloop
  endfacet
  facet normal 0.896835 -0.442365 4.71932e-19
    outer loop
      vertex 91.7761 -59.1 2
      vertex 92.1233 -58.3961 0
      vertex 92.1233 -58.3961 2
    endloop
  endfacet
  facet normal 0.896835 -0.442365 4.71932e-19
    outer loop
      vertex 92.1233 -58.3961 0
      vertex 91.7761 -59.1 2
      vertex 91.7761 -59.1 0
    endloop
  endfacet
  facet normal 0.751787 0.659406 -8.31822e-18
    outer loop
      vertex 91.3401 59.7526 2
      vertex 90.8226 60.3426 0
      vertex 90.8226 60.3426 2
    endloop
  endfacet
  facet normal 0.751787 0.659406 -8.31822e-18
    outer loop
      vertex 90.8226 60.3426 0
      vertex 91.3401 59.7526 2
      vertex 91.3401 59.7526 0
    endloop
  endfacet
  facet normal 0.555523 -0.831501 0
    outer loop
      vertex 89.58 -61.2961 0
      vertex 90.2326 -60.8601 2
      vertex 89.58 -61.2961 2
    endloop
  endfacet
  facet normal 0.555523 -0.831501 0
    outer loop
      vertex 90.2326 -60.8601 2
      vertex 89.58 -61.2961 0
      vertex 90.2326 -60.8601 0
    endloop
  endfacet
  facet normal 0.946962 -0.321345 6.7364e-18
    outer loop
      vertex 92.1233 -58.3961 2
      vertex 92.3755 -57.6529 0
      vertex 92.3755 -57.6529 2
    endloop
  endfacet
  facet normal 0.946962 -0.321345 6.7364e-18
    outer loop
      vertex 92.3755 -57.6529 0
      vertex 92.1233 -58.3961 2
      vertex 92.1233 -58.3961 0
    endloop
  endfacet
  facet normal 0 0 -1
    outer loop
      vertex -86.1229 0.439992 0
      vertex -74.45 40 0
      vertex -86.0795 0.221894 0
    endloop
  endfacet
  facet normal 0 0 -1
    outer loop
      vertex -74.45 40 0
      vertex -86.0795 56.0781 0
      vertex -86.065 56.3 0
    endloop
  endfacet
  facet normal 0 0 -1
    outer loop
      vertex -86.1944 0.650561 0
      vertex -74.45 40 0
      vertex -86.1229 0.439992 0
    endloop
  endfacet
  facet normal 0 0 -1
    outer loop
      vertex -74.45 40 0
      vertex -86.1229 55.86 0
      vertex -86.0795 56.0781 0
    endloop
  endfacet
  facet normal 0 0 -1
    outer loop
      vertex -86.2928 0.849999 0
      vertex -74.45 40 0
      vertex -86.1944 0.650561 0
    endloop
  endfacet
  facet normal 0 0 -1
    outer loop
      vertex -74.45 40 0
      vertex -86.1944 55.6494 0
      vertex -86.1229 55.86 0
    endloop
  endfacet
  facet normal 0 0 -1
    outer loop
      vertex -86.4163 1.03489 0
      vertex -74.45 40 0
      vertex -86.2928 0.849999 0
    endloop
  endfacet
  facet normal 0 0 -1
    outer loop
      vertex -74.45 40 0
      vertex -86.2928 55.45 0
      vertex -86.1944 55.6494 0
    endloop
  endfacet
  facet normal 0 0 -1
    outer loop
      vertex -86.5629 1.20208 0
      vertex -74.45 40 0
      vertex -86.4163 1.03489 0
    endloop
  endfacet
  facet normal 0 0 -1
    outer loop
      vertex -74.45 40 0
      vertex -86.4163 55.2651 0
      vertex -86.2928 55.45 0
    endloop
  endfacet
  facet normal 0 0 -1
    outer loop
      vertex -86.7301 1.3487 0
      vertex -74.45 40 0
      vertex -86.5629 1.20208 0
    endloop
  endfacet
  facet normal 0 0 -1
    outer loop
      vertex -74.45 40 0
      vertex -86.5629 55.0979 0
      vertex -86.4163 55.2651 0
    endloop
  endfacet
  facet normal 0 0 -1
    outer loop
      vertex -86.915 1.47224 0
      vertex -74.45 40 0
      vertex -86.7301 1.3487 0
    endloop
  endfacet
  facet normal 0 0 -1
    outer loop
      vertex -74.45 40 0
      vertex -86.7301 54.9513 0
      vertex -86.5629 55.0979 0
    endloop
  endfacet
  facet normal 0 0 -1
    outer loop
      vertex -87.1144 1.57059 0
      vertex -74.45 40 0
      vertex -86.915 1.47224 0
    endloop
  endfacet
  facet normal 0 0 -1
    outer loop
      vertex -74.45 40 0
      vertex -86.915 54.8278 0
      vertex -86.7301 54.9513 0
    endloop
  endfacet
  facet normal 0 0 -1
    outer loop
      vertex -87.325 1.64207 0
      vertex -74.45 40 0
      vertex -87.1144 1.57059 0
    endloop
  endfacet
  facet normal 0 0 -1
    outer loop
      vertex -74.45 40 0
      vertex -87.1144 54.7294 0
      vertex -86.915 54.8278 0
    endloop
  endfacet
  facet normal 0 0 -1
    outer loop
      vertex -87.5431 1.68546 0
      vertex -74.45 40 0
      vertex -87.325 1.64207 0
    endloop
  endfacet
  facet normal 0 0 -1
    outer loop
      vertex -74.45 40 0
      vertex -87.325 54.6579 0
      vertex -87.1144 54.7294 0
    endloop
  endfacet
  facet normal 0 0 -1
    outer loop
      vertex -87.765 1.7 0
      vertex -74.45 40 0
      vertex -87.5431 1.68546 0
    endloop
  endfacet
  facet normal 0 0 -1
    outer loop
      vertex -74.45 40 0
      vertex -87.5431 54.6145 0
      vertex -87.325 54.6579 0
    endloop
  endfacet
  facet normal 0 0 -1
    outer loop
      vertex -87.9869 1.68546 0
      vertex -74.45 40 0
      vertex -87.765 1.7 0
    endloop
  endfacet
  facet normal 0 0 -1
    outer loop
      vertex -74.45 40 0
      vertex -87.765 54.6 0
      vertex -87.5431 54.6145 0
    endloop
  endfacet
  facet normal 0 0 -1
    outer loop
      vertex -88.205 1.64207 0
      vertex -74.45 40 0
      vertex -87.9869 1.68546 0
    endloop
  endfacet
  facet normal 0 0 -1
    outer loop
      vertex -74.45 40 0
      vertex -87.9869 54.6145 0
      vertex -87.765 54.6 0
    endloop
  endfacet
  facet normal 0 0 -1
    outer loop
      vertex -88.4156 1.57059 0
      vertex -74.45 40 0
      vertex -88.205 1.64207 0
    endloop
  endfacet
  facet normal 0 0 -1
    outer loop
      vertex -74.45 40 0
      vertex -88.205 54.6579 0
      vertex -87.9869 54.6145 0
    endloop
  endfacet
  facet normal 0 0 -1
    outer loop
      vertex -92.58 56.1 0
      vertex -74.45 40 0
      vertex -88.4156 1.57059 0
    endloop
  endfacet
  facet normal 0 0 -1
    outer loop
      vertex -74.45 40 0
      vertex -88.4156 54.7294 0
      vertex -88.205 54.6579 0
    endloop
  endfacet
  facet normal 0 0 -1
    outer loop
      vertex -92.58 56.1 0
      vertex -88.4156 1.57059 0
      vertex -88.615 1.47224 0
    endloop
  endfacet
  facet normal 0 0 -1
    outer loop
      vertex -74.45 40 0
      vertex -92.58 56.1 0
      vertex -88.4156 54.7294 0
    endloop
  endfacet
  facet normal 0 0 -1
    outer loop
      vertex -92.58 56.1 0
      vertex -88.615 1.47224 0
      vertex -88.7999 1.3487 0
    endloop
  endfacet
  facet normal 0 0 -1
    outer loop
      vertex -88.4156 54.7294 0
      vertex -92.58 56.1 0
      vertex -88.615 54.8278 0
    endloop
  endfacet
  facet normal 0 0 -1
    outer loop
      vertex -92.58 56.1 0
      vertex -88.7999 1.3487 0
      vertex -88.9671 1.20208 0
    endloop
  endfacet
  facet normal 0 0 -1
    outer loop
      vertex -88.615 54.8278 0
      vertex -92.58 56.1 0
      vertex -88.7999 54.9513 0
    endloop
  endfacet
  facet normal 0 0 -1
    outer loop
      vertex -92.58 56.1 0
      vertex -88.9671 1.20208 0
      vertex -89.1137 1.03489 0
    endloop
  endfacet
  facet normal 0 0 -1
    outer loop
      vertex -88.7999 54.9513 0
      vertex -92.58 56.1 0
      vertex -88.9671 55.0979 0
    endloop
  endfacet
  facet normal 0 0 -1
    outer loop
      vertex -92.58 56.1 0
      vertex -89.1137 1.03489 0
      vertex -89.2372 0.849999 0
    endloop
  endfacet
  facet normal 0 0 -1
    outer loop
      vertex -88.9671 55.0979 0
      vertex -92.58 56.1 0
      vertex -89.1137 55.2651 0
    endloop
  endfacet
  facet normal 0 0 -1
    outer loop
      vertex -92.58 56.1 0
      vertex -89.2372 0.849999 0
      vertex -89.3356 0.650561 0
    endloop
  endfacet
  facet normal 0 0 -1
    outer loop
      vertex -89.1137 55.2651 0
      vertex -92.58 56.1 0
      vertex -89.2372 55.45 0
    endloop
  endfacet
  facet normal 0 0 -1
    outer loop
      vertex -92.58 56.1 0
      vertex -89.3356 0.650561 0
      vertex -89.4071 0.439992 0
    endloop
  endfacet
  facet normal 0 0 -1
    outer loop
      vertex -89.2372 55.45 0
      vertex -92.58 56.1 0
      vertex -89.3356 55.6494 0
    endloop
  endfacet
  facet normal 0 0 -1
    outer loop
      vertex -92.58 56.1 0
      vertex -89.4071 0.439992 0
      vertex -89.4505 0.221894 0
    endloop
  endfacet
  facet normal 0 0 -1
    outer loop
      vertex -89.3356 55.6494 0
      vertex -92.58 56.1 0
      vertex -89.4071 55.86 0
    endloop
  endfacet
  facet normal 0 0 -1
    outer loop
      vertex -92.58 56.1 0
      vertex -89.4505 0.221894 0
      vertex -89.465 0 0
    endloop
  endfacet
  facet normal 0 0 -1
    outer loop
      vertex -89.4071 55.86 0
      vertex -92.58 56.1 0
      vertex -89.4505 56.0781 0
    endloop
  endfacet
  facet normal -0 0 -1
    outer loop
      vertex -73.8642 -41.4142 0
      vertex -86.7301 -54.9513 0
      vertex -74.0367 -41.2175 0
    endloop
  endfacet
  facet normal 0 0 -1
    outer loop
      vertex -74.45 -40 0
      vertex -86.0795 -0.221894 0
      vertex -86.065 0 0
    endloop
  endfacet
  facet normal 0 0 -1
    outer loop
      vertex -86.915 -54.8278 0
      vertex -74.0367 -41.2175 0
      vertex -86.7301 -54.9513 0
    endloop
  endfacet
  facet normal 0 0 -1
    outer loop
      vertex -74.45 -40 0
      vertex -86.1229 -0.439992 0
      vertex -86.0795 -0.221894 0
    endloop
  endfacet
  facet normal -0 0 -1
    outer loop
      vertex -74.0367 -41.2175 0
      vertex -86.915 -54.8278 0
      vertex -74.1821 -41 0
    endloop
  endfacet
  facet normal 0 0 -1
    outer loop
      vertex -74.45 -40 0
      vertex -86.1944 -0.650561 0
      vertex -86.1229 -0.439992 0
    endloop
  endfacet
  facet normal 0 0 -1
    outer loop
      vertex -87.1144 -54.7294 0
      vertex -74.1821 -41 0
      vertex -86.915 -54.8278 0
    endloop
  endfacet
  facet normal 0 0 -1
    outer loop
      vertex -74.45 -40 0
      vertex -86.2928 -0.849999 0
      vertex -86.1944 -0.650561 0
    endloop
  endfacet
  facet normal -0 0 -1
    outer loop
      vertex -74.1821 -41 0
      vertex -87.1144 -54.7294 0
      vertex -74.2978 -40.7654 0
    endloop
  endfacet
  facet normal 0 0 -1
    outer loop
      vertex -74.45 -40 0
      vertex -86.4163 -1.03489 0
      vertex -86.2928 -0.849999 0
    endloop
  endfacet
  facet normal 0 0 -1
    outer loop
      vertex -87.325 -54.6579 0
      vertex -74.2978 -40.7654 0
      vertex -87.1144 -54.7294 0
    endloop
  endfacet
  facet normal 0 0 -1
    outer loop
      vertex -74.45 -40 0
      vertex -86.5629 -1.20208 0
      vertex -86.4163 -1.03489 0
    endloop
  endfacet
  facet normal -0 0 -1
    outer loop
      vertex -74.2978 -40.7654 0
      vertex -87.325 -54.6579 0
      vertex -74.3819 -40.5176 0
    endloop
  endfacet
  facet normal 0 0 -1
    outer loop
      vertex -74.45 -40 0
      vertex -86.7301 -1.3487 0
      vertex -86.5629 -1.20208 0
    endloop
  endfacet
  facet normal 0 0 -1
    outer loop
      vertex -87.5431 -54.6145 0
      vertex -74.3819 -40.5176 0
      vertex -87.325 -54.6579 0
    endloop
  endfacet
  facet normal 0 0 -1
    outer loop
      vertex -74.45 -40 0
      vertex -86.915 -1.47224 0
      vertex -86.7301 -1.3487 0
    endloop
  endfacet
  facet normal -0 0 -1
    outer loop
      vertex -74.3819 -40.5176 0
      vertex -87.5431 -54.6145 0
      vertex -74.4329 -40.261 0
    endloop
  endfacet
  facet normal 0 0 -1
    outer loop
      vertex -74.45 -40 0
      vertex -87.1144 -1.57059 0
      vertex -86.915 -1.47224 0
    endloop
  endfacet
  facet normal 0 0 -1
    outer loop
      vertex -87.765 -54.6 0
      vertex -74.4329 -40.261 0
      vertex -87.5431 -54.6145 0
    endloop
  endfacet
  facet normal 0 0 -1
    outer loop
      vertex -74.45 -40 0
      vertex -87.325 -1.64207 0
      vertex -87.1144 -1.57059 0
    endloop
  endfacet
  facet normal -0 0 -1
    outer loop
      vertex -74.4329 -40.261 0
      vertex -87.765 -54.6 0
      vertex -74.45 -40 0
    endloop
  endfacet
  facet normal 0 0 -1
    outer loop
      vertex -74.45 -40 0
      vertex -87.5431 -1.68546 0
      vertex -87.325 -1.64207 0
    endloop
  endfacet
  facet normal 0 0 -1
    outer loop
      vertex -87.9869 -54.6145 0
      vertex -74.45 -40 0
      vertex -87.765 -54.6 0
    endloop
  endfacet
  facet normal 0 0 -1
    outer loop
      vertex -74.45 -40 0
      vertex -87.765 -1.7 0
      vertex -87.5431 -1.68546 0
    endloop
  endfacet
  facet normal 0 0 -1
    outer loop
      vertex -88.205 -54.6579 0
      vertex -74.45 -40 0
      vertex -87.9869 -54.6145 0
    endloop
  endfacet
  facet normal 0 0 -1
    outer loop
      vertex -74.45 -40 0
      vertex -87.9869 -1.68546 0
      vertex -87.765 -1.7 0
    endloop
  endfacet
  facet normal 0 0 -1
    outer loop
      vertex -88.4156 -54.7294 0
      vertex -74.45 -40 0
      vertex -88.205 -54.6579 0
    endloop
  endfacet
  facet normal 0 0 -1
    outer loop
      vertex -74.45 -40 0
      vertex -88.205 -1.64207 0
      vertex -87.9869 -1.68546 0
    endloop
  endfacet
  facet normal 0 0 -1
    outer loop
      vertex -92.58 -56.1 0
      vertex -74.45 -40 0
      vertex -88.4156 -54.7294 0
    endloop
  endfacet
  facet normal 0 0 -1
    outer loop
      vertex -74.45 -40 0
      vertex -88.4156 -1.57059 0
      vertex -88.205 -1.64207 0
    endloop
  endfacet
  facet normal 0 0 -1
    outer loop
      vertex -92.58 -56.1 0
      vertex -88.4156 -54.7294 0
      vertex -88.615 -54.8278 0
    endloop
  endfacet
  facet normal -0 0 -1
    outer loop
      vertex -74.45 -40 0
      vertex -92.58 -56.1 0
      vertex -88.4156 -1.57059 0
    endloop
  endfacet
  facet normal 0 0 -1
    outer loop
      vertex -92.58 -56.1 0
      vertex -88.615 -54.8278 0
      vertex -88.7999 -54.9513 0
    endloop
  endfacet
  facet normal -0 0 -1
    outer loop
      vertex -88.4156 -1.57059 0
      vertex -92.58 -56.1 0
      vertex -88.615 -1.47224 0
    endloop
  endfacet
  facet normal 0 0 -1
    outer loop
      vertex -92.58 -56.1 0
      vertex -88.7999 -54.9513 0
      vertex -88.9671 -55.0979 0
    endloop
  endfacet
  facet normal -0 0 -1
    outer loop
      vertex -88.615 -1.47224 0
      vertex -92.58 -56.1 0
      vertex -88.7999 -1.3487 0
    endloop
  endfacet
  facet normal 0 0 -1
    outer loop
      vertex -92.58 -56.1 0
      vertex -88.9671 -55.0979 0
      vertex -89.1137 -55.2651 0
    endloop
  endfacet
  facet normal -0 0 -1
    outer loop
      vertex -88.7999 -1.3487 0
      vertex -92.58 -56.1 0
      vertex -88.9671 -1.20208 0
    endloop
  endfacet
  facet normal 0 0 -1
    outer loop
      vertex -92.58 -56.1 0
      vertex -89.1137 -55.2651 0
      vertex -89.2372 -55.45 0
    endloop
  endfacet
  facet normal -0 0 -1
    outer loop
      vertex -88.9671 -1.20208 0
      vertex -92.58 -56.1 0
      vertex -89.1137 -1.03489 0
    endloop
  endfacet
  facet normal 0 0 -1
    outer loop
      vertex -92.58 -56.1 0
      vertex -89.2372 -55.45 0
      vertex -89.3356 -55.6494 0
    endloop
  endfacet
  facet normal -0 0 -1
    outer loop
      vertex -89.1137 -1.03489 0
      vertex -92.58 -56.1 0
      vertex -89.2372 -0.849999 0
    endloop
  endfacet
  facet normal 0 0 -1
    outer loop
      vertex -92.58 -56.1 0
      vertex -89.3356 -55.6494 0
      vertex -89.4071 -55.86 0
    endloop
  endfacet
  facet normal -0 0 -1
    outer loop
      vertex -89.2372 -0.849999 0
      vertex -92.58 -56.1 0
      vertex -89.3356 -0.650561 0
    endloop
  endfacet
  facet normal 0 0 -1
    outer loop
      vertex -92.58 -56.1 0
      vertex -89.4071 -55.86 0
      vertex -89.4505 -56.0781 0
    endloop
  endfacet
  facet normal -0 0 -1
    outer loop
      vertex -89.3356 -0.650561 0
      vertex -92.58 -56.1 0
      vertex -89.4071 -0.439992 0
    endloop
  endfacet
  facet normal 0 0 -1
    outer loop
      vertex -92.58 -56.1 0
      vertex -89.4505 -56.0781 0
      vertex -89.465 -56.3 0
    endloop
  endfacet
  facet normal -0 0 -1
    outer loop
      vertex -89.4071 -0.439992 0
      vertex -92.58 -56.1 0
      vertex -89.4505 -0.221894 0
    endloop
  endfacet
  facet normal 0 0 -1
    outer loop
      vertex 72.45 42 0
      vertex 1.68546 56.0781 0
      vertex 1.7 56.3 0
    endloop
  endfacet
  facet normal 0 0 -1
    outer loop
      vertex 72.45 42 0
      vertex 1.64207 55.86 0
      vertex 1.68546 56.0781 0
    endloop
  endfacet
  facet normal 0 0 -1
    outer loop
      vertex 72.45 42 0
      vertex 1.57059 55.6494 0
      vertex 1.64207 55.86 0
    endloop
  endfacet
  facet normal 0 0 -1
    outer loop
      vertex 72.45 42 0
      vertex 1.47224 55.45 0
      vertex 1.57059 55.6494 0
    endloop
  endfacet
  facet normal 0 0 -1
    outer loop
      vertex 72.45 42 0
      vertex 1.3487 55.2651 0
      vertex 1.47224 55.45 0
    endloop
  endfacet
  facet normal 0 0 -1
    outer loop
      vertex 72.45 42 0
      vertex 1.20208 55.0979 0
      vertex 1.3487 55.2651 0
    endloop
  endfacet
  facet normal 0 0 -1
    outer loop
      vertex 72.45 42 0
      vertex 1.03489 54.9513 0
      vertex 1.20208 55.0979 0
    endloop
  endfacet
  facet normal 0 0 -1
    outer loop
      vertex 72.45 42 0
      vertex 0.849999 54.8278 0
      vertex 1.03489 54.9513 0
    endloop
  endfacet
  facet normal 0 0 -1
    outer loop
      vertex 72.45 42 0
      vertex 0.650561 54.7294 0
      vertex 0.849999 54.8278 0
    endloop
  endfacet
  facet normal 0 0 -1
    outer loop
      vertex 72.45 42 0
      vertex 0.439992 54.6579 0
      vertex 0.650561 54.7294 0
    endloop
  endfacet
  facet normal 0 0 -1
    outer loop
      vertex 72.45 42 0
      vertex 0.221894 54.6145 0
      vertex 0.439992 54.6579 0
    endloop
  endfacet
  facet normal 0 0 -1
    outer loop
      vertex 72.45 42 0
      vertex 0 54.6 0
      vertex 0.221894 54.6145 0
    endloop
  endfacet
  facet normal 0 0 -1
    outer loop
      vertex -72.45 42 0
      vertex 0 54.6 0
      vertex 72.45 42 0
    endloop
  endfacet
  facet normal -0 0 -1
    outer loop
      vertex -1.68546 56.0781 0
      vertex -72.45 42 0
      vertex -1.7 56.3 0
    endloop
  endfacet
  facet normal -0 0 -1
    outer loop
      vertex -1.64207 55.86 0
      vertex -72.45 42 0
      vertex -1.68546 56.0781 0
    endloop
  endfacet
  facet normal -0 0 -1
    outer loop
      vertex -1.57059 55.6494 0
      vertex -72.45 42 0
      vertex -1.64207 55.86 0
    endloop
  endfacet
  facet normal -0 0 -1
    outer loop
      vertex -1.47224 55.45 0
      vertex -72.45 42 0
      vertex -1.57059 55.6494 0
    endloop
  endfacet
  facet normal -0 0 -1
    outer loop
      vertex -1.3487 55.2651 0
      vertex -72.45 42 0
      vertex -1.47224 55.45 0
    endloop
  endfacet
  facet normal -0 0 -1
    outer loop
      vertex -1.20208 55.0979 0
      vertex -72.45 42 0
      vertex -1.3487 55.2651 0
    endloop
  endfacet
  facet normal -0 0 -1
    outer loop
      vertex -1.03489 54.9513 0
      vertex -72.45 42 0
      vertex -1.20208 55.0979 0
    endloop
  endfacet
  facet normal -0 0 -1
    outer loop
      vertex -0.849999 54.8278 0
      vertex -72.45 42 0
      vertex -1.03489 54.9513 0
    endloop
  endfacet
  facet normal -0 0 -1
    outer loop
      vertex -0.650561 54.7294 0
      vertex -72.45 42 0
      vertex -0.849999 54.8278 0
    endloop
  endfacet
  facet normal -0 0 -1
    outer loop
      vertex -0.439992 54.6579 0
      vertex -72.45 42 0
      vertex -0.650561 54.7294 0
    endloop
  endfacet
  facet normal -0 0 -1
    outer loop
      vertex -0.221894 54.6145 0
      vertex -72.45 42 0
      vertex -0.439992 54.6579 0
    endloop
  endfacet
  facet normal -0 0 -1
    outer loop
      vertex 0 54.6 0
      vertex -72.45 42 0
      vertex -0.221894 54.6145 0
    endloop
  endfacet
  facet normal 0 0 -1
    outer loop
      vertex 89.4071 0.439992 0
      vertex 92.58 56.1 0
      vertex 89.4505 0.221894 0
    endloop
  endfacet
  facet normal -0 0 -1
    outer loop
      vertex 92.58 56.1 0
      vertex 89.4505 56.0781 0
      vertex 89.465 56.3 0
    endloop
  endfacet
  facet normal 0 0 -1
    outer loop
      vertex 89.3356 0.650561 0
      vertex 92.58 56.1 0
      vertex 89.4071 0.439992 0
    endloop
  endfacet
  facet normal 0 0 -1
    outer loop
      vertex 92.58 56.1 0
      vertex 89.4071 55.86 0
      vertex 89.4505 56.0781 0
    endloop
  endfacet
  facet normal 0 0 -1
    outer loop
      vertex 89.2372 0.849999 0
      vertex 92.58 56.1 0
      vertex 89.3356 0.650561 0
    endloop
  endfacet
  facet normal 0 0 -1
    outer loop
      vertex 92.58 56.1 0
      vertex 89.3356 55.6494 0
      vertex 89.4071 55.86 0
    endloop
  endfacet
  facet normal 0 0 -1
    outer loop
      vertex 89.1137 1.03489 0
      vertex 92.58 56.1 0
      vertex 89.2372 0.849999 0
    endloop
  endfacet
  facet normal 0 0 -1
    outer loop
      vertex 92.58 56.1 0
      vertex 89.2372 55.45 0
      vertex 89.3356 55.6494 0
    endloop
  endfacet
  facet normal 0 0 -1
    outer loop
      vertex 88.9671 1.20208 0
      vertex 92.58 56.1 0
      vertex 89.1137 1.03489 0
    endloop
  endfacet
  facet normal 0 0 -1
    outer loop
      vertex 92.58 56.1 0
      vertex 89.1137 55.2651 0
      vertex 89.2372 55.45 0
    endloop
  endfacet
  facet normal 0 0 -1
    outer loop
      vertex 88.7999 1.3487 0
      vertex 92.58 56.1 0
      vertex 88.9671 1.20208 0
    endloop
  endfacet
  facet normal 0 0 -1
    outer loop
      vertex 92.58 56.1 0
      vertex 88.9671 55.0979 0
      vertex 89.1137 55.2651 0
    endloop
  endfacet
  facet normal 0 0 -1
    outer loop
      vertex 88.615 1.47224 0
      vertex 92.58 56.1 0
      vertex 88.7999 1.3487 0
    endloop
  endfacet
  facet normal 0 0 -1
    outer loop
      vertex 92.58 56.1 0
      vertex 88.7999 54.9513 0
      vertex 88.9671 55.0979 0
    endloop
  endfacet
  facet normal 0 0 -1
    outer loop
      vertex 88.4156 1.57059 0
      vertex 92.58 56.1 0
      vertex 88.615 1.47224 0
    endloop
  endfacet
  facet normal 0 0 -1
    outer loop
      vertex 92.58 56.1 0
      vertex 88.615 54.8278 0
      vertex 88.7999 54.9513 0
    endloop
  endfacet
  facet normal 0 0 -1
    outer loop
      vertex 74.45 40 0
      vertex 92.58 56.1 0
      vertex 88.4156 1.57059 0
    endloop
  endfacet
  facet normal 0 0 -1
    outer loop
      vertex 92.58 56.1 0
      vertex 88.4156 54.7294 0
      vertex 88.615 54.8278 0
    endloop
  endfacet
  facet normal 0 0 -1
    outer loop
      vertex 74.45 40 0
      vertex 88.4156 1.57059 0
      vertex 88.205 1.64207 0
    endloop
  endfacet
  facet normal 0 0 -1
    outer loop
      vertex 92.58 56.1 0
      vertex 74.45 40 0
      vertex 88.4156 54.7294 0
    endloop
  endfacet
  facet normal 0 0 -1
    outer loop
      vertex 74.45 40 0
      vertex 88.205 1.64207 0
      vertex 87.9869 1.68546 0
    endloop
  endfacet
  facet normal 0 0 -1
    outer loop
      vertex 88.4156 54.7294 0
      vertex 74.45 40 0
      vertex 88.205 54.6579 0
    endloop
  endfacet
  facet normal 0 0 -1
    outer loop
      vertex 74.45 40 0
      vertex 87.9869 1.68546 0
      vertex 87.765 1.7 0
    endloop
  endfacet
  facet normal 0 0 -1
    outer loop
      vertex 88.205 54.6579 0
      vertex 74.45 40 0
      vertex 87.9869 54.6145 0
    endloop
  endfacet
  facet normal 0 0 -1
    outer loop
      vertex 74.45 40 0
      vertex 87.765 1.7 0
      vertex 87.5431 1.68546 0
    endloop
  endfacet
  facet normal 0 0 -1
    outer loop
      vertex 87.9869 54.6145 0
      vertex 74.45 40 0
      vertex 87.765 54.6 0
    endloop
  endfacet
  facet normal 0 0 -1
    outer loop
      vertex 74.45 40 0
      vertex 87.5431 1.68546 0
      vertex 87.325 1.64207 0
    endloop
  endfacet
  facet normal 0 0 -1
    outer loop
      vertex 74.4329 40.261 0
      vertex 87.765 54.6 0
      vertex 74.45 40 0
    endloop
  endfacet
  facet normal 0 0 -1
    outer loop
      vertex 74.45 40 0
      vertex 87.325 1.64207 0
      vertex 87.1144 1.57059 0
    endloop
  endfacet
  facet normal -0 0 -1
    outer loop
      vertex 87.765 54.6 0
      vertex 74.4329 40.261 0
      vertex 87.5431 54.6145 0
    endloop
  endfacet
  facet normal 0 0 -1
    outer loop
      vertex 74.45 40 0
      vertex 87.1144 1.57059 0
      vertex 86.915 1.47224 0
    endloop
  endfacet
  facet normal 0 0 -1
    outer loop
      vertex 74.3819 40.5176 0
      vertex 87.5431 54.6145 0
      vertex 74.4329 40.261 0
    endloop
  endfacet
  facet normal 0 0 -1
    outer loop
      vertex 74.45 40 0
      vertex 86.915 1.47224 0
      vertex 86.7301 1.3487 0
    endloop
  endfacet
  facet normal -0 0 -1
    outer loop
      vertex 87.5431 54.6145 0
      vertex 74.3819 40.5176 0
      vertex 87.325 54.6579 0
    endloop
  endfacet
  facet normal 0 0 -1
    outer loop
      vertex 74.45 40 0
      vertex 86.7301 1.3487 0
      vertex 86.5629 1.20208 0
    endloop
  endfacet
  facet normal 0 0 -1
    outer loop
      vertex 74.2978 40.7654 0
      vertex 87.325 54.6579 0
      vertex 74.3819 40.5176 0
    endloop
  endfacet
  facet normal 0 0 -1
    outer loop
      vertex 74.45 40 0
      vertex 86.5629 1.20208 0
      vertex 86.4163 1.03489 0
    endloop
  endfacet
  facet normal -0 0 -1
    outer loop
      vertex 87.325 54.6579 0
      vertex 74.2978 40.7654 0
      vertex 87.1144 54.7294 0
    endloop
  endfacet
  facet normal 0 0 -1
    outer loop
      vertex 74.45 40 0
      vertex 86.4163 1.03489 0
      vertex 86.2928 0.849999 0
    endloop
  endfacet
  facet normal 0 0 -1
    outer loop
      vertex 74.1821 41 0
      vertex 87.1144 54.7294 0
      vertex 74.2978 40.7654 0
    endloop
  endfacet
  facet normal 0 0 -1
    outer loop
      vertex 74.45 40 0
      vertex 86.2928 0.849999 0
      vertex 86.1944 0.650561 0
    endloop
  endfacet
  facet normal -0 0 -1
    outer loop
      vertex 87.1144 54.7294 0
      vertex 74.1821 41 0
      vertex 86.915 54.8278 0
    endloop
  endfacet
  facet normal 0 0 -1
    outer loop
      vertex 74.45 40 0
      vertex 86.1944 0.650561 0
      vertex 86.1229 0.439992 0
    endloop
  endfacet
  facet normal 0 0 -1
    outer loop
      vertex 74.0367 41.2175 0
      vertex 86.915 54.8278 0
      vertex 74.1821 41 0
    endloop
  endfacet
  facet normal 0 0 -1
    outer loop
      vertex 74.45 40 0
      vertex 86.1229 0.439992 0
      vertex 86.0795 0.221894 0
    endloop
  endfacet
  facet normal -0 0 -1
    outer loop
      vertex 86.915 54.8278 0
      vertex 74.0367 41.2175 0
      vertex 86.7301 54.9513 0
    endloop
  endfacet
  facet normal 0 0 -1
    outer loop
      vertex 74.45 40 0
      vertex 86.0795 0.221894 0
      vertex 86.065 0 0
    endloop
  endfacet
  facet normal 0 0 -1
    outer loop
      vertex 73.8642 41.4142 0
      vertex 86.7301 54.9513 0
      vertex 74.0367 41.2175 0
    endloop
  endfacet
  facet normal 0 0 -1
    outer loop
      vertex 89.4071 -55.86 0
      vertex 92.58 -56.1 0
      vertex 89.4505 -56.0781 0
    endloop
  endfacet
  facet normal 0 0 -1
    outer loop
      vertex 92.58 -56.1 0
      vertex 89.4505 -0.221894 0
      vertex 89.465 0 0
    endloop
  endfacet
  facet normal 0 0 -1
    outer loop
      vertex 89.3356 -55.6494 0
      vertex 92.58 -56.1 0
      vertex 89.4071 -55.86 0
    endloop
  endfacet
  facet normal 0 0 -1
    outer loop
      vertex 92.58 -56.1 0
      vertex 89.4071 -0.439992 0
      vertex 89.4505 -0.221894 0
    endloop
  endfacet
  facet normal 0 0 -1
    outer loop
      vertex 89.2372 -55.45 0
      vertex 92.58 -56.1 0
      vertex 89.3356 -55.6494 0
    endloop
  endfacet
  facet normal 0 0 -1
    outer loop
      vertex 92.58 -56.1 0
      vertex 89.3356 -0.650561 0
      vertex 89.4071 -0.439992 0
    endloop
  endfacet
  facet normal 0 0 -1
    outer loop
      vertex 89.1137 -55.2651 0
      vertex 92.58 -56.1 0
      vertex 89.2372 -55.45 0
    endloop
  endfacet
  facet normal 0 0 -1
    outer loop
      vertex 92.58 -56.1 0
      vertex 89.2372 -0.849999 0
      vertex 89.3356 -0.650561 0
    endloop
  endfacet
  facet normal 0 0 -1
    outer loop
      vertex 88.9671 -55.0979 0
      vertex 92.58 -56.1 0
      vertex 89.1137 -55.2651 0
    endloop
  endfacet
  facet normal 0 0 -1
    outer loop
      vertex 92.58 -56.1 0
      vertex 89.1137 -1.03489 0
      vertex 89.2372 -0.849999 0
    endloop
  endfacet
  facet normal 0 0 -1
    outer loop
      vertex 88.7999 -54.9513 0
      vertex 92.58 -56.1 0
      vertex 88.9671 -55.0979 0
    endloop
  endfacet
  facet normal 0 0 -1
    outer loop
      vertex 92.58 -56.1 0
      vertex 88.9671 -1.20208 0
      vertex 89.1137 -1.03489 0
    endloop
  endfacet
  facet normal 0 0 -1
    outer loop
      vertex 88.615 -54.8278 0
      vertex 92.58 -56.1 0
      vertex 88.7999 -54.9513 0
    endloop
  endfacet
  facet normal 0 0 -1
    outer loop
      vertex 92.58 -56.1 0
      vertex 88.7999 -1.3487 0
      vertex 88.9671 -1.20208 0
    endloop
  endfacet
  facet normal 0 0 -1
    outer loop
      vertex 88.4156 -54.7294 0
      vertex 92.58 -56.1 0
      vertex 88.615 -54.8278 0
    endloop
  endfacet
  facet normal 0 0 -1
    outer loop
      vertex 92.58 -56.1 0
      vertex 88.615 -1.47224 0
      vertex 88.7999 -1.3487 0
    endloop
  endfacet
  facet normal 0 0 -1
    outer loop
      vertex 74.45 -40 0
      vertex 92.58 -56.1 0
      vertex 88.4156 -54.7294 0
    endloop
  endfacet
  facet normal 0 0 -1
    outer loop
      vertex 92.58 -56.1 0
      vertex 88.4156 -1.57059 0
      vertex 88.615 -1.47224 0
    endloop
  endfacet
  facet normal 0 0 -1
    outer loop
      vertex 74.45 -40 0
      vertex 88.4156 -54.7294 0
      vertex 88.205 -54.6579 0
    endloop
  endfacet
  facet normal 0 0 -1
    outer loop
      vertex 92.58 -56.1 0
      vertex 74.45 -40 0
      vertex 88.4156 -1.57059 0
    endloop
  endfacet
  facet normal 0 0 -1
    outer loop
      vertex 74.45 -40 0
      vertex 88.205 -54.6579 0
      vertex 87.9869 -54.6145 0
    endloop
  endfacet
  facet normal 0 0 -1
    outer loop
      vertex 88.4156 -1.57059 0
      vertex 74.45 -40 0
      vertex 88.205 -1.64207 0
    endloop
  endfacet
  facet normal 0 0 -1
    outer loop
      vertex 74.45 -40 0
      vertex 87.9869 -54.6145 0
      vertex 87.765 -54.6 0
    endloop
  endfacet
  facet normal 0 0 -1
    outer loop
      vertex 88.205 -1.64207 0
      vertex 74.45 -40 0
      vertex 87.9869 -1.68546 0
    endloop
  endfacet
  facet normal 0 0 -1
    outer loop
      vertex 74.4329 -40.261 0
      vertex 87.765 -54.6 0
      vertex 87.5431 -54.6145 0
    endloop
  endfacet
  facet normal 0 0 -1
    outer loop
      vertex 87.9869 -1.68546 0
      vertex 74.45 -40 0
      vertex 87.765 -1.7 0
    endloop
  endfacet
  facet normal 0 0 -1
    outer loop
      vertex 74.3819 -40.5176 0
      vertex 87.5431 -54.6145 0
      vertex 87.325 -54.6579 0
    endloop
  endfacet
  facet normal -0 0 -1
    outer loop
      vertex 87.765 -1.7 0
      vertex 74.45 -40 0
      vertex 87.5431 -1.68546 0
    endloop
  endfacet
  facet normal 0 0 -1
    outer loop
      vertex 74.2978 -40.7654 0
      vertex 87.325 -54.6579 0
      vertex 87.1144 -54.7294 0
    endloop
  endfacet
  facet normal -0 0 -1
    outer loop
      vertex 87.5431 -1.68546 0
      vertex 74.45 -40 0
      vertex 87.325 -1.64207 0
    endloop
  endfacet
  facet normal 0 0 -1
    outer loop
      vertex 74.1821 -41 0
      vertex 87.1144 -54.7294 0
      vertex 86.915 -54.8278 0
    endloop
  endfacet
  facet normal -0 0 -1
    outer loop
      vertex 87.325 -1.64207 0
      vertex 74.45 -40 0
      vertex 87.1144 -1.57059 0
    endloop
  endfacet
  facet normal 0 0 -1
    outer loop
      vertex 74.0367 -41.2175 0
      vertex 86.915 -54.8278 0
      vertex 86.7301 -54.9513 0
    endloop
  endfacet
  facet normal -0 0 -1
    outer loop
      vertex 87.1144 -1.57059 0
      vertex 74.45 -40 0
      vertex 86.915 -1.47224 0
    endloop
  endfacet
  facet normal 0 0 -1
    outer loop
      vertex 73.8642 -41.4142 0
      vertex 86.7301 -54.9513 0
      vertex 86.5629 -55.0979 0
    endloop
  endfacet
  facet normal -0 0 -1
    outer loop
      vertex 86.915 -1.47224 0
      vertex 74.45 -40 0
      vertex 86.7301 -1.3487 0
    endloop
  endfacet
  facet normal 0 0 -1
    outer loop
      vertex 73.6675 -41.5867 0
      vertex 86.5629 -55.0979 0
      vertex 86.4163 -55.2651 0
    endloop
  endfacet
  facet normal -0 0 -1
    outer loop
      vertex 86.7301 -1.3487 0
      vertex 74.45 -40 0
      vertex 86.5629 -1.20208 0
    endloop
  endfacet
  facet normal 0 0 -1
    outer loop
      vertex 73.45 -41.7321 0
      vertex 86.4163 -55.2651 0
      vertex 86.2928 -55.45 0
    endloop
  endfacet
  facet normal -0 0 -1
    outer loop
      vertex 86.5629 -1.20208 0
      vertex 74.45 -40 0
      vertex 86.4163 -1.03489 0
    endloop
  endfacet
  facet normal 0 0 -1
    outer loop
      vertex 73.2154 -41.8478 0
      vertex 86.2928 -55.45 0
      vertex 86.1944 -55.6494 0
    endloop
  endfacet
  facet normal -0 0 -1
    outer loop
      vertex 86.4163 -1.03489 0
      vertex 74.45 -40 0
      vertex 86.2928 -0.849999 0
    endloop
  endfacet
  facet normal 0 0 -1
    outer loop
      vertex 72.9676 -41.9319 0
      vertex 86.1944 -55.6494 0
      vertex 86.1229 -55.86 0
    endloop
  endfacet
  facet normal -0 0 -1
    outer loop
      vertex 86.2928 -0.849999 0
      vertex 74.45 -40 0
      vertex 86.1944 -0.650561 0
    endloop
  endfacet
  facet normal 0 0 -1
    outer loop
      vertex 72.711 -41.9829 0
      vertex 86.1229 -55.86 0
      vertex 86.0795 -56.0781 0
    endloop
  endfacet
  facet normal -0 0 -1
    outer loop
      vertex 86.1944 -0.650561 0
      vertex 74.45 -40 0
      vertex 86.1229 -0.439992 0
    endloop
  endfacet
  facet normal 0 0 -1
    outer loop
      vertex 72.45 -42 0
      vertex 86.0795 -56.0781 0
      vertex 86.065 -56.3 0
    endloop
  endfacet
  facet normal -0 0 -1
    outer loop
      vertex 86.1229 -0.439992 0
      vertex 74.45 -40 0
      vertex 86.0795 -0.221894 0
    endloop
  endfacet
  facet normal 0 0 -1
    outer loop
      vertex 89.465 -56.3 0
      vertex 92.58 -56.1 0
      vertex 92.5287 -56.8831 0
    endloop
  endfacet
  facet normal 0 0 -1
    outer loop
      vertex 92.58 -56.1 0
      vertex 89.465 0 0
      vertex 92.58 56.1 0
    endloop
  endfacet
  facet normal 0 0 -1
    outer loop
      vertex 89.4071 -56.74 0
      vertex 92.5287 -56.8831 0
      vertex 92.3755 -57.6529 0
    endloop
  endfacet
  facet normal 0 0 -1
    outer loop
      vertex 89.4505 0.221894 0
      vertex 92.58 56.1 0
      vertex 89.465 0 0
    endloop
  endfacet
  facet normal 0 0 -1
    outer loop
      vertex 89.3356 -56.9506 0
      vertex 92.3755 -57.6529 0
      vertex 92.1233 -58.3961 0
    endloop
  endfacet
  facet normal 0 0 -1
    outer loop
      vertex 92.58 56.1 0
      vertex 89.465 56.3 0
      vertex 92.5287 56.8831 0
    endloop
  endfacet
  facet normal 0 0 -1
    outer loop
      vertex 89.2372 -57.15 0
      vertex 92.1233 -58.3961 0
      vertex 91.7761 -59.1 0
    endloop
  endfacet
  facet normal 0 0 -1
    outer loop
      vertex 89.4505 56.5219 0
      vertex 92.5287 56.8831 0
      vertex 89.465 56.3 0
    endloop
  endfacet
  facet normal 0 0 -1
    outer loop
      vertex 88.9671 -57.5021 0
      vertex 91.7761 -59.1 0
      vertex 91.3401 -59.7526 0
    endloop
  endfacet
  facet normal 0 0 -1
    outer loop
      vertex 89.4071 56.74 0
      vertex 92.5287 56.8831 0
      vertex 89.4505 56.5219 0
    endloop
  endfacet
  facet normal 0 0 -1
    outer loop
      vertex 88.7999 -57.6487 0
      vertex 91.3401 -59.7526 0
      vertex 90.8226 -60.3426 0
    endloop
  endfacet
  facet normal -0 0 -1
    outer loop
      vertex 92.5287 56.8831 0
      vertex 89.4071 56.74 0
      vertex 92.3755 57.6529 0
    endloop
  endfacet
  facet normal 0 0 -1
    outer loop
      vertex 88.615 -57.7722 0
      vertex 90.8226 -60.3426 0
      vertex 90.2326 -60.8601 0
    endloop
  endfacet
  facet normal 0 0 -1
    outer loop
      vertex 89.3356 56.9506 0
      vertex 92.3755 57.6529 0
      vertex 89.4071 56.74 0
    endloop
  endfacet
  facet normal 0 0 -1
    outer loop
      vertex 88.4156 -57.8706 0
      vertex 90.2326 -60.8601 0
      vertex 89.58 -61.2961 0
    endloop
  endfacet
  facet normal -0 0 -1
    outer loop
      vertex 92.3755 57.6529 0
      vertex 89.3356 56.9506 0
      vertex 92.1233 58.3961 0
    endloop
  endfacet
  facet normal 0 0 -1
    outer loop
      vertex 89.4505 -56.0781 0
      vertex 92.58 -56.1 0
      vertex 89.465 -56.3 0
    endloop
  endfacet
  facet normal 0 0 -1
    outer loop
      vertex 92.5287 -56.8831 0
      vertex 89.4505 -56.5219 0
      vertex 89.465 -56.3 0
    endloop
  endfacet
  facet normal 0 0 -1
    outer loop
      vertex 92.5287 -56.8831 0
      vertex 89.4071 -56.74 0
      vertex 89.4505 -56.5219 0
    endloop
  endfacet
  facet normal 0 0 -1
    outer loop
      vertex 92.3755 -57.6529 0
      vertex 89.3356 -56.9506 0
      vertex 89.4071 -56.74 0
    endloop
  endfacet
  facet normal 0 0 -1
    outer loop
      vertex 92.1233 -58.3961 0
      vertex 89.2372 -57.15 0
      vertex 89.3356 -56.9506 0
    endloop
  endfacet
  facet normal 0 0 -1
    outer loop
      vertex 91.7761 -59.1 0
      vertex 89.1137 -57.3349 0
      vertex 89.2372 -57.15 0
    endloop
  endfacet
  facet normal 0 0 -1
    outer loop
      vertex 91.7761 -59.1 0
      vertex 88.9671 -57.5021 0
      vertex 89.1137 -57.3349 0
    endloop
  endfacet
  facet normal 0 0 -1
    outer loop
      vertex 87.9869 -57.9855 0
      vertex 89.58 -61.2961 0
      vertex 88.8761 -61.6433 0
    endloop
  endfacet
  facet normal 0 0 -1
    outer loop
      vertex 91.3401 -59.7526 0
      vertex 88.7999 -57.6487 0
      vertex 88.9671 -57.5021 0
    endloop
  endfacet
  facet normal 0 0 -1
    outer loop
      vertex 90.8226 -60.3426 0
      vertex 88.615 -57.7722 0
      vertex 88.7999 -57.6487 0
    endloop
  endfacet
  facet normal 0 0 -1
    outer loop
      vertex 90.2326 -60.8601 0
      vertex 88.4156 -57.8706 0
      vertex 88.615 -57.7722 0
    endloop
  endfacet
  facet normal 0 0 -1
    outer loop
      vertex 89.58 -61.2961 0
      vertex 88.205 -57.9421 0
      vertex 88.4156 -57.8706 0
    endloop
  endfacet
  facet normal 0 0 -1
    outer loop
      vertex 87.765 -58 0
      vertex 88.8761 -61.6433 0
      vertex 88.1329 -61.8955 0
    endloop
  endfacet
  facet normal 0 0 -1
    outer loop
      vertex 89.58 -61.2961 0
      vertex 87.9869 -57.9855 0
      vertex 88.205 -57.9421 0
    endloop
  endfacet
  facet normal 0 0 -1
    outer loop
      vertex 88.8761 -61.6433 0
      vertex 87.765 -58 0
      vertex 87.9869 -57.9855 0
    endloop
  endfacet
  facet normal 0 0 -1
    outer loop
      vertex 88.1329 -61.8955 0
      vertex 87.5431 -57.9855 0
      vertex 87.765 -58 0
    endloop
  endfacet
  facet normal 0 0 -1
    outer loop
      vertex 87.3631 -62.0487 0
      vertex 87.5431 -57.9855 0
      vertex 88.1329 -61.8955 0
    endloop
  endfacet
  facet normal 0 0 -1
    outer loop
      vertex 87.3631 -62.0487 0
      vertex 87.325 -57.9421 0
      vertex 87.5431 -57.9855 0
    endloop
  endfacet
  facet normal 0 0 -1
    outer loop
      vertex 86.58 -62.1 0
      vertex 87.325 -57.9421 0
      vertex 87.3631 -62.0487 0
    endloop
  endfacet
  facet normal -0 0 -1
    outer loop
      vertex 87.325 -57.9421 0
      vertex 86.58 -62.1 0
      vertex 87.1144 -57.8706 0
    endloop
  endfacet
  facet normal -0 0 -1
    outer loop
      vertex 87.1144 -57.8706 0
      vertex 86.58 -62.1 0
      vertex 86.915 -57.7722 0
    endloop
  endfacet
  facet normal -0 0 -1
    outer loop
      vertex 86.915 -57.7722 0
      vertex 86.58 -62.1 0
      vertex 86.7301 -57.6487 0
    endloop
  endfacet
  facet normal 0 0 -1
    outer loop
      vertex 86.58 -62.1 0
      vertex 86.5629 -57.5021 0
      vertex 86.7301 -57.6487 0
    endloop
  endfacet
  facet normal 0 0 -1
    outer loop
      vertex 86.58 -62.1 0
      vertex 86.4163 -57.3349 0
      vertex 86.5629 -57.5021 0
    endloop
  endfacet
  facet normal 0 0 -1
    outer loop
      vertex 86.58 -62.1 0
      vertex 86.2928 -57.15 0
      vertex 86.4163 -57.3349 0
    endloop
  endfacet
  facet normal 0 0 -1
    outer loop
      vertex 86.58 -62.1 0
      vertex 86.1944 -56.9506 0
      vertex 86.2928 -57.15 0
    endloop
  endfacet
  facet normal 0 0 -1
    outer loop
      vertex 86.58 -62.1 0
      vertex 86.1229 -56.74 0
      vertex 86.1944 -56.9506 0
    endloop
  endfacet
  facet normal 0 0 -1
    outer loop
      vertex 72.45 -42 0
      vertex 86.1229 -56.74 0
      vertex 86.58 -62.1 0
    endloop
  endfacet
  facet normal -0 0 -1
    outer loop
      vertex 86.0795 -0.221894 0
      vertex 74.45 -40 0
      vertex 86.065 0 0
    endloop
  endfacet
  facet normal 0 0 -1
    outer loop
      vertex 74.45 40 0
      vertex 86.065 0 0
      vertex 74.45 -40 0
    endloop
  endfacet
  facet normal 0 0 -1
    outer loop
      vertex 72.45 -42 0
      vertex 86.065 -56.3 0
      vertex 86.0795 -56.5219 0
    endloop
  endfacet
  facet normal 0 0 -1
    outer loop
      vertex 86.1229 -56.74 0
      vertex 72.45 -42 0
      vertex 86.0795 -56.5219 0
    endloop
  endfacet
  facet normal 0 0 -1
    outer loop
      vertex 87.765 -54.6 0
      vertex 74.4329 -40.261 0
      vertex 74.45 -40 0
    endloop
  endfacet
  facet normal 0 0 -1
    outer loop
      vertex 87.5431 -54.6145 0
      vertex 74.3819 -40.5176 0
      vertex 74.4329 -40.261 0
    endloop
  endfacet
  facet normal 0 0 -1
    outer loop
      vertex 87.325 -54.6579 0
      vertex 74.2978 -40.7654 0
      vertex 74.3819 -40.5176 0
    endloop
  endfacet
  facet normal 0 0 -1
    outer loop
      vertex 87.1144 -54.7294 0
      vertex 74.1821 -41 0
      vertex 74.2978 -40.7654 0
    endloop
  endfacet
  facet normal 0 0 -1
    outer loop
      vertex 86.915 -54.8278 0
      vertex 74.0367 -41.2175 0
      vertex 74.1821 -41 0
    endloop
  endfacet
  facet normal 0 0 -1
    outer loop
      vertex 86.7301 -54.9513 0
      vertex 73.8642 -41.4142 0
      vertex 74.0367 -41.2175 0
    endloop
  endfacet
  facet normal 0 0 -1
    outer loop
      vertex 86.5629 -55.0979 0
      vertex 73.6675 -41.5867 0
      vertex 73.8642 -41.4142 0
    endloop
  endfacet
  facet normal 0 0 -1
    outer loop
      vertex 86.4163 -55.2651 0
      vertex 73.45 -41.7321 0
      vertex 73.6675 -41.5867 0
    endloop
  endfacet
  facet normal 0 0 -1
    outer loop
      vertex 86.2928 -55.45 0
      vertex 73.2154 -41.8478 0
      vertex 73.45 -41.7321 0
    endloop
  endfacet
  facet normal 0 0 -1
    outer loop
      vertex 86.1944 -55.6494 0
      vertex 72.9676 -41.9319 0
      vertex 73.2154 -41.8478 0
    endloop
  endfacet
  facet normal 0 0 -1
    outer loop
      vertex 86.1229 -55.86 0
      vertex 72.711 -41.9829 0
      vertex 72.9676 -41.9319 0
    endloop
  endfacet
  facet normal 0 0 -1
    outer loop
      vertex 86.0795 -56.0781 0
      vertex 72.45 -42 0
      vertex 72.711 -41.9829 0
    endloop
  endfacet
  facet normal 0 0 -1
    outer loop
      vertex 86.58 -62.1 0
      vertex 18 -60 0
      vertex 72.45 -42 0
    endloop
  endfacet
  facet normal 0 0 -1
    outer loop
      vertex 86.58 -62.1 0
      vertex -18 -60 0
      vertex 18 -60 0
    endloop
  endfacet
  facet normal 0 0 -1
    outer loop
      vertex -18 -60 0
      vertex -72.45 -42 0
      vertex -18 -42 0
    endloop
  endfacet
  facet normal 0 0 -1
    outer loop
      vertex -86.58 -62.1 0
      vertex -72.45 -42 0
      vertex -18 -60 0
    endloop
  endfacet
  facet normal 0 -0 -1
    outer loop
      vertex -86.1229 -56.74 0
      vertex -72.45 -42 0
      vertex -86.58 -62.1 0
    endloop
  endfacet
  facet normal 0 0 -1
    outer loop
      vertex -86.7301 -54.9513 0
      vertex -73.8642 -41.4142 0
      vertex -86.5629 -55.0979 0
    endloop
  endfacet
  facet normal -0 0 -1
    outer loop
      vertex -73.6675 -41.5867 0
      vertex -86.5629 -55.0979 0
      vertex -73.8642 -41.4142 0
    endloop
  endfacet
  facet normal 0 0 -1
    outer loop
      vertex -86.5629 -55.0979 0
      vertex -73.6675 -41.5867 0
      vertex -86.4163 -55.2651 0
    endloop
  endfacet
  facet normal -0 0 -1
    outer loop
      vertex -73.45 -41.7321 0
      vertex -86.4163 -55.2651 0
      vertex -73.6675 -41.5867 0
    endloop
  endfacet
  facet normal 0 0 -1
    outer loop
      vertex -86.4163 -55.2651 0
      vertex -73.45 -41.7321 0
      vertex -86.2928 -55.45 0
    endloop
  endfacet
  facet normal -0 0 -1
    outer loop
      vertex -73.2154 -41.8478 0
      vertex -86.2928 -55.45 0
      vertex -73.45 -41.7321 0
    endloop
  endfacet
  facet normal 0 0 -1
    outer loop
      vertex -86.2928 -55.45 0
      vertex -73.2154 -41.8478 0
      vertex -86.1944 -55.6494 0
    endloop
  endfacet
  facet normal -0 0 -1
    outer loop
      vertex -72.9676 -41.9319 0
      vertex -86.1944 -55.6494 0
      vertex -73.2154 -41.8478 0
    endloop
  endfacet
  facet normal 0 0 -1
    outer loop
      vertex -86.1944 -55.6494 0
      vertex -72.9676 -41.9319 0
      vertex -86.1229 -55.86 0
    endloop
  endfacet
  facet normal -0 0 -1
    outer loop
      vertex -72.711 -41.9829 0
      vertex -86.1229 -55.86 0
      vertex -72.9676 -41.9319 0
    endloop
  endfacet
  facet normal 0 0 -1
    outer loop
      vertex -86.1229 -55.86 0
      vertex -72.711 -41.9829 0
      vertex -86.0795 -56.0781 0
    endloop
  endfacet
  facet normal 0 -0 -1
    outer loop
      vertex -86.0795 -56.5219 0
      vertex -72.45 -42 0
      vertex -86.1229 -56.74 0
    endloop
  endfacet
  facet normal -0 0 -1
    outer loop
      vertex -72.45 -42 0
      vertex -86.0795 -56.0781 0
      vertex -72.711 -41.9829 0
    endloop
  endfacet
  facet normal 0 -0 -1
    outer loop
      vertex -86.065 -56.3 0
      vertex -72.45 -42 0
      vertex -86.0795 -56.5219 0
    endloop
  endfacet
  facet normal 0 0 -1
    outer loop
      vertex -86.0795 -56.0781 0
      vertex -72.45 -42 0
      vertex -86.065 -56.3 0
    endloop
  endfacet
  facet normal 0 0 -1
    outer loop
      vertex -86.1229 -56.74 0
      vertex -86.58 -62.1 0
      vertex -86.1944 -56.9506 0
    endloop
  endfacet
  facet normal 0 0 -1
    outer loop
      vertex -86.1944 -56.9506 0
      vertex -86.58 -62.1 0
      vertex -86.2928 -57.15 0
    endloop
  endfacet
  facet normal 0 0 -1
    outer loop
      vertex -86.2928 -57.15 0
      vertex -86.58 -62.1 0
      vertex -86.4163 -57.3349 0
    endloop
  endfacet
  facet normal 0 0 -1
    outer loop
      vertex -86.58 -62.1 0
      vertex -18 -60 0
      vertex 86.58 -62.1 0
    endloop
  endfacet
  facet normal 0 0 -1
    outer loop
      vertex -86.4163 -57.3349 0
      vertex -86.58 -62.1 0
      vertex -86.5629 -57.5021 0
    endloop
  endfacet
  facet normal 0 0 -1
    outer loop
      vertex -86.58 -62.1 0
      vertex -86.7301 -57.6487 0
      vertex -86.5629 -57.5021 0
    endloop
  endfacet
  facet normal 0 0 -1
    outer loop
      vertex -86.58 -62.1 0
      vertex -86.915 -57.7722 0
      vertex -86.7301 -57.6487 0
    endloop
  endfacet
  facet normal 0 0 -1
    outer loop
      vertex -86.58 -62.1 0
      vertex -87.1144 -57.8706 0
      vertex -86.915 -57.7722 0
    endloop
  endfacet
  facet normal 0 0 -1
    outer loop
      vertex -86.58 -62.1 0
      vertex -87.325 -57.9421 0
      vertex -87.1144 -57.8706 0
    endloop
  endfacet
  facet normal 0 0 -1
    outer loop
      vertex -87.3631 -62.0487 0
      vertex -87.325 -57.9421 0
      vertex -86.58 -62.1 0
    endloop
  endfacet
  facet normal 0 0 -1
    outer loop
      vertex -87.3631 -62.0487 0
      vertex -87.5431 -57.9855 0
      vertex -87.325 -57.9421 0
    endloop
  endfacet
  facet normal 0 0 -1
    outer loop
      vertex -88.1329 -61.8955 0
      vertex -87.5431 -57.9855 0
      vertex -87.3631 -62.0487 0
    endloop
  endfacet
  facet normal 0 0 -1
    outer loop
      vertex -87.5431 -57.9855 0
      vertex -88.1329 -61.8955 0
      vertex -87.765 -58 0
    endloop
  endfacet
  facet normal 0 0 -1
    outer loop
      vertex -88.8761 -61.6433 0
      vertex -87.765 -58 0
      vertex -88.1329 -61.8955 0
    endloop
  endfacet
  facet normal -0 0 -1
    outer loop
      vertex -87.765 -58 0
      vertex -88.8761 -61.6433 0
      vertex -87.9869 -57.9855 0
    endloop
  endfacet
  facet normal 0 0 -1
    outer loop
      vertex -89.58 -61.2961 0
      vertex -87.9869 -57.9855 0
      vertex -88.8761 -61.6433 0
    endloop
  endfacet
  facet normal -0 0 -1
    outer loop
      vertex -87.9869 -57.9855 0
      vertex -89.58 -61.2961 0
      vertex -88.205 -57.9421 0
    endloop
  endfacet
  facet normal -0 0 -1
    outer loop
      vertex -88.205 -57.9421 0
      vertex -89.58 -61.2961 0
      vertex -88.4156 -57.8706 0
    endloop
  endfacet
  facet normal 0 0 -1
    outer loop
      vertex -90.2326 -60.8601 0
      vertex -88.4156 -57.8706 0
      vertex -89.58 -61.2961 0
    endloop
  endfacet
  facet normal -0 0 -1
    outer loop
      vertex -88.4156 -57.8706 0
      vertex -90.2326 -60.8601 0
      vertex -88.615 -57.7722 0
    endloop
  endfacet
  facet normal 0 0 -1
    outer loop
      vertex -90.8226 -60.3426 0
      vertex -88.615 -57.7722 0
      vertex -90.2326 -60.8601 0
    endloop
  endfacet
  facet normal -0 0 -1
    outer loop
      vertex -88.615 -57.7722 0
      vertex -90.8226 -60.3426 0
      vertex -88.7999 -57.6487 0
    endloop
  endfacet
  facet normal 0 0 -1
    outer loop
      vertex -91.3401 -59.7526 0
      vertex -88.7999 -57.6487 0
      vertex -90.8226 -60.3426 0
    endloop
  endfacet
  facet normal -0 0 -1
    outer loop
      vertex -88.7999 -57.6487 0
      vertex -91.3401 -59.7526 0
      vertex -88.9671 -57.5021 0
    endloop
  endfacet
  facet normal 0 0 -1
    outer loop
      vertex -91.7761 -59.1 0
      vertex -88.9671 -57.5021 0
      vertex -91.3401 -59.7526 0
    endloop
  endfacet
  facet normal -0 0 -1
    outer loop
      vertex -89.4505 -0.221894 0
      vertex -92.58 -56.1 0
      vertex -89.465 0 0
    endloop
  endfacet
  facet normal 0 0 -1
    outer loop
      vertex -92.1233 -58.3961 0
      vertex -89.2372 -57.15 0
      vertex -91.7761 -59.1 0
    endloop
  endfacet
  facet normal -0 0 -1
    outer loop
      vertex -89.1137 -57.3349 0
      vertex -91.7761 -59.1 0
      vertex -89.2372 -57.15 0
    endloop
  endfacet
  facet normal -0 0 -1
    outer loop
      vertex -88.9671 -57.5021 0
      vertex -91.7761 -59.1 0
      vertex -89.1137 -57.3349 0
    endloop
  endfacet
  facet normal 0 0 -1
    outer loop
      vertex 89.2372 57.15 0
      vertex 92.1233 58.3961 0
      vertex 89.3356 56.9506 0
    endloop
  endfacet
  facet normal -0 0 -1
    outer loop
      vertex 92.1233 58.3961 0
      vertex 89.2372 57.15 0
      vertex 91.7761 59.1 0
    endloop
  endfacet
  facet normal 0 0 -1
    outer loop
      vertex 89.1137 57.3349 0
      vertex 91.7761 59.1 0
      vertex 89.2372 57.15 0
    endloop
  endfacet
  facet normal 0 0 -1
    outer loop
      vertex 88.9671 57.5021 0
      vertex 91.7761 59.1 0
      vertex 89.1137 57.3349 0
    endloop
  endfacet
  facet normal -0 0 -1
    outer loop
      vertex 91.7761 59.1 0
      vertex 88.9671 57.5021 0
      vertex 91.3401 59.7526 0
    endloop
  endfacet
  facet normal 0 0 -1
    outer loop
      vertex 88.7999 57.6487 0
      vertex 91.3401 59.7526 0
      vertex 88.9671 57.5021 0
    endloop
  endfacet
  facet normal -0 0 -1
    outer loop
      vertex 91.3401 59.7526 0
      vertex 88.7999 57.6487 0
      vertex 90.8226 60.3426 0
    endloop
  endfacet
  facet normal 0 0 -1
    outer loop
      vertex 88.615 57.7722 0
      vertex 90.8226 60.3426 0
      vertex 88.7999 57.6487 0
    endloop
  endfacet
  facet normal -0 0 -1
    outer loop
      vertex 90.8226 60.3426 0
      vertex 88.615 57.7722 0
      vertex 90.2326 60.8601 0
    endloop
  endfacet
  facet normal 0 0 -1
    outer loop
      vertex 88.4156 57.8706 0
      vertex 90.2326 60.8601 0
      vertex 88.615 57.7722 0
    endloop
  endfacet
  facet normal -0 0 -1
    outer loop
      vertex 90.2326 60.8601 0
      vertex 88.4156 57.8706 0
      vertex 89.58 61.2961 0
    endloop
  endfacet
  facet normal 0 0 -1
    outer loop
      vertex 88.205 57.9421 0
      vertex 89.58 61.2961 0
      vertex 88.4156 57.8706 0
    endloop
  endfacet
  facet normal 0 0 -1
    outer loop
      vertex 87.9869 57.9855 0
      vertex 89.58 61.2961 0
      vertex 88.205 57.9421 0
    endloop
  endfacet
  facet normal -0 0 -1
    outer loop
      vertex 89.58 61.2961 0
      vertex 87.9869 57.9855 0
      vertex 88.8761 61.6433 0
    endloop
  endfacet
  facet normal 0 0 -1
    outer loop
      vertex 87.765 58 0
      vertex 88.8761 61.6433 0
      vertex 87.9869 57.9855 0
    endloop
  endfacet
  facet normal -0 0 -1
    outer loop
      vertex 88.8761 61.6433 0
      vertex 87.765 58 0
      vertex 88.1329 61.8955 0
    endloop
  endfacet
  facet normal 0 0 -1
    outer loop
      vertex 87.5431 57.9855 0
      vertex 88.1329 61.8955 0
      vertex 87.765 58 0
    endloop
  endfacet
  facet normal 0 0 -1
    outer loop
      vertex 87.5431 57.9855 0
      vertex 87.3631 62.0487 0
      vertex 88.1329 61.8955 0
    endloop
  endfacet
  facet normal 0 0 -1
    outer loop
      vertex 87.325 57.9421 0
      vertex 87.3631 62.0487 0
      vertex 87.5431 57.9855 0
    endloop
  endfacet
  facet normal 0 0 -1
    outer loop
      vertex 86.58 62.1 0
      vertex 87.325 57.9421 0
      vertex 87.1144 57.8706 0
    endloop
  endfacet
  facet normal 0 0 -1
    outer loop
      vertex 86.58 62.1 0
      vertex 87.1144 57.8706 0
      vertex 86.915 57.7722 0
    endloop
  endfacet
  facet normal 0 0 -1
    outer loop
      vertex 86.58 62.1 0
      vertex 86.915 57.7722 0
      vertex 86.7301 57.6487 0
    endloop
  endfacet
  facet normal 0 0 -1
    outer loop
      vertex 87.325 57.9421 0
      vertex 86.58 62.1 0
      vertex 87.3631 62.0487 0
    endloop
  endfacet
  facet normal 0 0 -1
    outer loop
      vertex 86.5629 57.5021 0
      vertex 86.58 62.1 0
      vertex 86.7301 57.6487 0
    endloop
  endfacet
  facet normal 0 0 -1
    outer loop
      vertex 86.4163 57.3349 0
      vertex 86.58 62.1 0
      vertex 86.5629 57.5021 0
    endloop
  endfacet
  facet normal 0 0 -1
    outer loop
      vertex 86.2928 57.15 0
      vertex 86.58 62.1 0
      vertex 86.4163 57.3349 0
    endloop
  endfacet
  facet normal 0 0 -1
    outer loop
      vertex 86.1944 56.9506 0
      vertex 86.58 62.1 0
      vertex 86.2928 57.15 0
    endloop
  endfacet
  facet normal 0 0 -1
    outer loop
      vertex 86.1229 56.74 0
      vertex 86.58 62.1 0
      vertex 86.1944 56.9506 0
    endloop
  endfacet
  facet normal 0 0 -1
    outer loop
      vertex 72.45 42 0
      vertex 86.1229 56.74 0
      vertex 86.0795 56.5219 0
    endloop
  endfacet
  facet normal -0 0 -1
    outer loop
      vertex 86.7301 54.9513 0
      vertex 73.8642 41.4142 0
      vertex 86.5629 55.0979 0
    endloop
  endfacet
  facet normal 0 0 -1
    outer loop
      vertex 73.6675 41.5867 0
      vertex 86.5629 55.0979 0
      vertex 73.8642 41.4142 0
    endloop
  endfacet
  facet normal -0 0 -1
    outer loop
      vertex 86.5629 55.0979 0
      vertex 73.6675 41.5867 0
      vertex 86.4163 55.2651 0
    endloop
  endfacet
  facet normal 0 0 -1
    outer loop
      vertex 73.45 41.7321 0
      vertex 86.4163 55.2651 0
      vertex 73.6675 41.5867 0
    endloop
  endfacet
  facet normal -0 0 -1
    outer loop
      vertex 86.4163 55.2651 0
      vertex 73.45 41.7321 0
      vertex 86.2928 55.45 0
    endloop
  endfacet
  facet normal 0 0 -1
    outer loop
      vertex 73.2154 41.8478 0
      vertex 86.2928 55.45 0
      vertex 73.45 41.7321 0
    endloop
  endfacet
  facet normal -0 0 -1
    outer loop
      vertex 86.2928 55.45 0
      vertex 73.2154 41.8478 0
      vertex 86.1944 55.6494 0
    endloop
  endfacet
  facet normal 0 0 -1
    outer loop
      vertex 72.9676 41.9319 0
      vertex 86.1944 55.6494 0
      vertex 73.2154 41.8478 0
    endloop
  endfacet
  facet normal -0 0 -1
    outer loop
      vertex 86.1944 55.6494 0
      vertex 72.9676 41.9319 0
      vertex 86.1229 55.86 0
    endloop
  endfacet
  facet normal 0 0 -1
    outer loop
      vertex 72.711 41.9829 0
      vertex 86.1229 55.86 0
      vertex 72.9676 41.9319 0
    endloop
  endfacet
  facet normal -0 0 -1
    outer loop
      vertex 86.1229 55.86 0
      vertex 72.711 41.9829 0
      vertex 86.0795 56.0781 0
    endloop
  endfacet
  facet normal 0 0 -1
    outer loop
      vertex 72.45 42 0
      vertex 86.0795 56.0781 0
      vertex 72.711 41.9829 0
    endloop
  endfacet
  facet normal -0 0 -1
    outer loop
      vertex 86.0795 56.0781 0
      vertex 72.45 42 0
      vertex 86.065 56.3 0
    endloop
  endfacet
  facet normal -0 0 -1
    outer loop
      vertex 86.065 56.3 0
      vertex 72.45 42 0
      vertex 86.0795 56.5219 0
    endloop
  endfacet
  facet normal -0 0 -1
    outer loop
      vertex 86.1229 56.74 0
      vertex 72.45 42 0
      vertex 86.58 62.1 0
    endloop
  endfacet
  facet normal 0 0 -1
    outer loop
      vertex 1.68546 56.5219 0
      vertex 72.45 42 0
      vertex 1.7 56.3 0
    endloop
  endfacet
  facet normal 0 0 -1
    outer loop
      vertex 1.64207 56.74 0
      vertex 72.45 42 0
      vertex 1.68546 56.5219 0
    endloop
  endfacet
  facet normal 0 0 -1
    outer loop
      vertex 1.57059 56.9506 0
      vertex 72.45 42 0
      vertex 1.64207 56.74 0
    endloop
  endfacet
  facet normal 0 0 -1
    outer loop
      vertex 72.45 42 0
      vertex 1.57059 56.9506 0
      vertex 86.58 62.1 0
    endloop
  endfacet
  facet normal 0 0 -1
    outer loop
      vertex 1.47224 57.15 0
      vertex 86.58 62.1 0
      vertex 1.57059 56.9506 0
    endloop
  endfacet
  facet normal 0 0 -1
    outer loop
      vertex 1.3487 57.3349 0
      vertex 86.58 62.1 0
      vertex 1.47224 57.15 0
    endloop
  endfacet
  facet normal 0 0 -1
    outer loop
      vertex 1.20208 57.5021 0
      vertex 86.58 62.1 0
      vertex 1.3487 57.3349 0
    endloop
  endfacet
  facet normal 0 0 -1
    outer loop
      vertex 1.03489 57.6487 0
      vertex 86.58 62.1 0
      vertex 1.20208 57.5021 0
    endloop
  endfacet
  facet normal 0 0 -1
    outer loop
      vertex 0.849999 57.7722 0
      vertex 86.58 62.1 0
      vertex 1.03489 57.6487 0
    endloop
  endfacet
  facet normal 0 0 -1
    outer loop
      vertex 0.650561 57.8706 0
      vertex 86.58 62.1 0
      vertex 0.849999 57.7722 0
    endloop
  endfacet
  facet normal 0 0 -1
    outer loop
      vertex 0.439992 57.9421 0
      vertex 86.58 62.1 0
      vertex 0.650561 57.8706 0
    endloop
  endfacet
  facet normal 0 0 -1
    outer loop
      vertex 0.221894 57.9855 0
      vertex 86.58 62.1 0
      vertex 0.439992 57.9421 0
    endloop
  endfacet
  facet normal 0 0 -1
    outer loop
      vertex 0 58 0
      vertex 86.58 62.1 0
      vertex 0.221894 57.9855 0
    endloop
  endfacet
  facet normal 0 0 -1
    outer loop
      vertex -72.45 42 0
      vertex -1.68546 56.5219 0
      vertex -1.7 56.3 0
    endloop
  endfacet
  facet normal 0 0 -1
    outer loop
      vertex -72.45 42 0
      vertex -1.64207 56.74 0
      vertex -1.68546 56.5219 0
    endloop
  endfacet
  facet normal 0 0 -1
    outer loop
      vertex -72.45 42 0
      vertex -1.57059 56.9506 0
      vertex -1.64207 56.74 0
    endloop
  endfacet
  facet normal 0 0 -1
    outer loop
      vertex -72.45 42 0
      vertex -1.47224 57.15 0
      vertex -1.57059 56.9506 0
    endloop
  endfacet
  facet normal 0 0 -1
    outer loop
      vertex -86.58 62.1 0
      vertex -1.47224 57.15 0
      vertex -72.45 42 0
    endloop
  endfacet
  facet normal 0 0 -1
    outer loop
      vertex -1.47224 57.15 0
      vertex -86.58 62.1 0
      vertex -1.3487 57.3349 0
    endloop
  endfacet
  facet normal 0 0 -1
    outer loop
      vertex -1.3487 57.3349 0
      vertex -86.58 62.1 0
      vertex -1.20208 57.5021 0
    endloop
  endfacet
  facet normal 0 0 -1
    outer loop
      vertex -1.20208 57.5021 0
      vertex -86.58 62.1 0
      vertex -1.03489 57.6487 0
    endloop
  endfacet
  facet normal 0 0 -1
    outer loop
      vertex -1.03489 57.6487 0
      vertex -86.58 62.1 0
      vertex -0.849999 57.7722 0
    endloop
  endfacet
  facet normal 0 0 -1
    outer loop
      vertex -0.849999 57.7722 0
      vertex -86.58 62.1 0
      vertex -0.650561 57.8706 0
    endloop
  endfacet
  facet normal 0 0 -1
    outer loop
      vertex -86.065 56.3 0
      vertex -72.45 42 0
      vertex -72.711 41.9829 0
    endloop
  endfacet
  facet normal 0 0 -1
    outer loop
      vertex -86.065 56.3 0
      vertex -72.711 41.9829 0
      vertex -72.9676 41.9319 0
    endloop
  endfacet
  facet normal 0 0 -1
    outer loop
      vertex -74.45 -40 0
      vertex -86.065 0 0
      vertex -74.45 40 0
    endloop
  endfacet
  facet normal 0 0 -1
    outer loop
      vertex -86.0795 0.221894 0
      vertex -74.45 40 0
      vertex -86.065 0 0
    endloop
  endfacet
  facet normal 0 0 -1
    outer loop
      vertex -74.45 40 0
      vertex -86.065 56.3 0
      vertex -74.4329 40.261 0
    endloop
  endfacet
  facet normal 0 0 -1
    outer loop
      vertex -74.4329 40.261 0
      vertex -86.065 56.3 0
      vertex -74.3819 40.5176 0
    endloop
  endfacet
  facet normal 0 0 -1
    outer loop
      vertex -86.065 56.3 0
      vertex -74.2978 40.7654 0
      vertex -74.3819 40.5176 0
    endloop
  endfacet
  facet normal 0 0 -1
    outer loop
      vertex -86.065 56.3 0
      vertex -74.1821 41 0
      vertex -74.2978 40.7654 0
    endloop
  endfacet
  facet normal 0 0 -1
    outer loop
      vertex -86.065 56.3 0
      vertex -74.0367 41.2175 0
      vertex -74.1821 41 0
    endloop
  endfacet
  facet normal 0 0 -1
    outer loop
      vertex -86.065 56.3 0
      vertex -73.8642 41.4142 0
      vertex -74.0367 41.2175 0
    endloop
  endfacet
  facet normal 0 0 -1
    outer loop
      vertex -86.065 56.3 0
      vertex -73.6675 41.5867 0
      vertex -73.8642 41.4142 0
    endloop
  endfacet
  facet normal 0 0 -1
    outer loop
      vertex -86.065 56.3 0
      vertex -73.45 41.7321 0
      vertex -73.6675 41.5867 0
    endloop
  endfacet
  facet normal 0 0 -1
    outer loop
      vertex -86.065 56.3 0
      vertex -73.2154 41.8478 0
      vertex -73.45 41.7321 0
    endloop
  endfacet
  facet normal 0 0 -1
    outer loop
      vertex -86.065 56.3 0
      vertex -72.9676 41.9319 0
      vertex -73.2154 41.8478 0
    endloop
  endfacet
  facet normal 0 0 -1
    outer loop
      vertex -72.45 42 0
      vertex -86.065 56.3 0
      vertex -86.0795 56.5219 0
    endloop
  endfacet
  facet normal 0 0 -1
    outer loop
      vertex -72.45 42 0
      vertex -86.0795 56.5219 0
      vertex -86.1229 56.74 0
    endloop
  endfacet
  facet normal 0 0 -1
    outer loop
      vertex -0.650561 57.8706 0
      vertex -86.58 62.1 0
      vertex -0.439992 57.9421 0
    endloop
  endfacet
  facet normal 0 0 -1
    outer loop
      vertex -0.439992 57.9421 0
      vertex -86.58 62.1 0
      vertex -0.221894 57.9855 0
    endloop
  endfacet
  facet normal 0 0 -1
    outer loop
      vertex -0.221894 57.9855 0
      vertex -86.58 62.1 0
      vertex 0 58 0
    endloop
  endfacet
  facet normal 0 0 -1
    outer loop
      vertex -72.45 42 0
      vertex -86.1229 56.74 0
      vertex -86.58 62.1 0
    endloop
  endfacet
  facet normal 0 0 -1
    outer loop
      vertex -86.58 62.1 0
      vertex -86.1229 56.74 0
      vertex -86.1944 56.9506 0
    endloop
  endfacet
  facet normal 0 0 -1
    outer loop
      vertex -86.58 62.1 0
      vertex -86.1944 56.9506 0
      vertex -86.2928 57.15 0
    endloop
  endfacet
  facet normal 0 0 -1
    outer loop
      vertex -86.58 62.1 0
      vertex -86.2928 57.15 0
      vertex -86.4163 57.3349 0
    endloop
  endfacet
  facet normal 0 0 -1
    outer loop
      vertex -86.58 62.1 0
      vertex -86.4163 57.3349 0
      vertex -86.5629 57.5021 0
    endloop
  endfacet
  facet normal 0 0 -1
    outer loop
      vertex 0 58 0
      vertex -86.58 62.1 0
      vertex 86.58 62.1 0
    endloop
  endfacet
  facet normal 0 0 -1
    outer loop
      vertex -86.7301 57.6487 0
      vertex -86.58 62.1 0
      vertex -86.5629 57.5021 0
    endloop
  endfacet
  facet normal 0 0 -1
    outer loop
      vertex -86.915 57.7722 0
      vertex -86.58 62.1 0
      vertex -86.7301 57.6487 0
    endloop
  endfacet
  facet normal 0 0 -1
    outer loop
      vertex -87.1144 57.8706 0
      vertex -86.58 62.1 0
      vertex -86.915 57.7722 0
    endloop
  endfacet
  facet normal 0 0 -1
    outer loop
      vertex -87.325 57.9421 0
      vertex -86.58 62.1 0
      vertex -87.1144 57.8706 0
    endloop
  endfacet
  facet normal 0 0 -1
    outer loop
      vertex -87.325 57.9421 0
      vertex -87.3631 62.0487 0
      vertex -86.58 62.1 0
    endloop
  endfacet
  facet normal 0 0 -1
    outer loop
      vertex -87.5431 57.9855 0
      vertex -87.3631 62.0487 0
      vertex -87.325 57.9421 0
    endloop
  endfacet
  facet normal 0 0 -1
    outer loop
      vertex -88.1329 61.8955 0
      vertex -87.5431 57.9855 0
      vertex -87.765 58 0
    endloop
  endfacet
  facet normal 0 0 -1
    outer loop
      vertex -88.8761 61.6433 0
      vertex -87.765 58 0
      vertex -87.9869 57.9855 0
    endloop
  endfacet
  facet normal 0 0 -1
    outer loop
      vertex -87.5431 57.9855 0
      vertex -88.1329 61.8955 0
      vertex -87.3631 62.0487 0
    endloop
  endfacet
  facet normal 0 0 -1
    outer loop
      vertex -89.58 61.2961 0
      vertex -87.9869 57.9855 0
      vertex -88.205 57.9421 0
    endloop
  endfacet
  facet normal 0 0 -1
    outer loop
      vertex -89.58 61.2961 0
      vertex -88.205 57.9421 0
      vertex -88.4156 57.8706 0
    endloop
  endfacet
  facet normal 0 0 -1
    outer loop
      vertex -90.2326 60.8601 0
      vertex -88.4156 57.8706 0
      vertex -88.615 57.7722 0
    endloop
  endfacet
  facet normal 0 0 -1
    outer loop
      vertex -90.8226 60.3426 0
      vertex -88.615 57.7722 0
      vertex -88.7999 57.6487 0
    endloop
  endfacet
  facet normal 0 0 -1
    outer loop
      vertex -87.765 58 0
      vertex -88.8761 61.6433 0
      vertex -88.1329 61.8955 0
    endloop
  endfacet
  facet normal 0 0 -1
    outer loop
      vertex -91.3401 59.7526 0
      vertex -88.7999 57.6487 0
      vertex -88.9671 57.5021 0
    endloop
  endfacet
  facet normal 0 0 -1
    outer loop
      vertex -91.7761 59.1 0
      vertex -88.9671 57.5021 0
      vertex -89.1137 57.3349 0
    endloop
  endfacet
  facet normal 0 0 -1
    outer loop
      vertex -91.7761 59.1 0
      vertex -89.1137 57.3349 0
      vertex -89.2372 57.15 0
    endloop
  endfacet
  facet normal 0 0 -1
    outer loop
      vertex -92.1233 58.3961 0
      vertex -89.2372 57.15 0
      vertex -89.3356 56.9506 0
    endloop
  endfacet
  facet normal 0 0 -1
    outer loop
      vertex -92.3755 57.6529 0
      vertex -89.3356 56.9506 0
      vertex -89.4071 56.74 0
    endloop
  endfacet
  facet normal 0 0 -1
    outer loop
      vertex -92.5287 56.8831 0
      vertex -89.4071 56.74 0
      vertex -89.4505 56.5219 0
    endloop
  endfacet
  facet normal 0 0 -1
    outer loop
      vertex -87.9869 57.9855 0
      vertex -89.58 61.2961 0
      vertex -88.8761 61.6433 0
    endloop
  endfacet
  facet normal 0 0 -1
    outer loop
      vertex -92.5287 56.8831 0
      vertex -89.4505 56.5219 0
      vertex -89.465 56.3 0
    endloop
  endfacet
  facet normal 0 0 -1
    outer loop
      vertex -92.58 56.1 0
      vertex -89.465 0 0
      vertex -92.58 -56.1 0
    endloop
  endfacet
  facet normal -0 0 -1
    outer loop
      vertex -89.2372 -57.15 0
      vertex -92.1233 -58.3961 0
      vertex -89.3356 -56.9506 0
    endloop
  endfacet
  facet normal 0 0 -1
    outer loop
      vertex -89.4505 56.0781 0
      vertex -92.58 56.1 0
      vertex -89.465 56.3 0
    endloop
  endfacet
  facet normal 0 0 -1
    outer loop
      vertex -92.3755 -57.6529 0
      vertex -89.3356 -56.9506 0
      vertex -92.1233 -58.3961 0
    endloop
  endfacet
  facet normal 0 -0 -1
    outer loop
      vertex -92.5287 56.8831 0
      vertex -89.465 56.3 0
      vertex -92.58 56.1 0
    endloop
  endfacet
  facet normal -0 0 -1
    outer loop
      vertex -89.3356 -56.9506 0
      vertex -92.3755 -57.6529 0
      vertex -89.4071 -56.74 0
    endloop
  endfacet
  facet normal 0 0 -1
    outer loop
      vertex -88.4156 57.8706 0
      vertex -90.2326 60.8601 0
      vertex -89.58 61.2961 0
    endloop
  endfacet
  facet normal 0 0 -1
    outer loop
      vertex -92.5287 -56.8831 0
      vertex -89.4071 -56.74 0
      vertex -92.3755 -57.6529 0
    endloop
  endfacet
  facet normal 0 0 -1
    outer loop
      vertex -88.615 57.7722 0
      vertex -90.8226 60.3426 0
      vertex -90.2326 60.8601 0
    endloop
  endfacet
  facet normal -0 0 -1
    outer loop
      vertex -89.4071 -56.74 0
      vertex -92.5287 -56.8831 0
      vertex -89.4505 -56.5219 0
    endloop
  endfacet
  facet normal 0 0 -1
    outer loop
      vertex -88.7999 57.6487 0
      vertex -91.3401 59.7526 0
      vertex -90.8226 60.3426 0
    endloop
  endfacet
  facet normal -0 0 -1
    outer loop
      vertex -89.4505 -56.5219 0
      vertex -92.5287 -56.8831 0
      vertex -89.465 -56.3 0
    endloop
  endfacet
  facet normal 0 0 -1
    outer loop
      vertex -88.9671 57.5021 0
      vertex -91.7761 59.1 0
      vertex -91.3401 59.7526 0
    endloop
  endfacet
  facet normal -0 0 -1
    outer loop
      vertex -89.465 -56.3 0
      vertex -92.5287 -56.8831 0
      vertex -92.58 -56.1 0
    endloop
  endfacet
  facet normal 0 0 -1
    outer loop
      vertex -89.2372 57.15 0
      vertex -92.1233 58.3961 0
      vertex -91.7761 59.1 0
    endloop
  endfacet
  facet normal 0 0 -1
    outer loop
      vertex -89.3356 56.9506 0
      vertex -92.3755 57.6529 0
      vertex -92.1233 58.3961 0
    endloop
  endfacet
  facet normal 0 0 -1
    outer loop
      vertex -89.4071 56.74 0
      vertex -92.5287 56.8831 0
      vertex -92.3755 57.6529 0
    endloop
  endfacet
  facet normal -0 0 -1
    outer loop
      vertex 72.45 -42 0
      vertex 18 -60 0
      vertex 18 -42 0
    endloop
  endfacet
  facet normal 0.0653771 -0.997861 0
    outer loop
      vertex 80.25 -49.8 2
      vertex 80.511 -49.7829 3.3
      vertex 80.25 -49.8 3.3
    endloop
  endfacet
  facet normal 0.0653771 -0.997861 0
    outer loop
      vertex 80.511 -49.7829 3.3
      vertex 80.25 -49.8 2
      vertex 80.511 -49.7829 2
    endloop
  endfacet
  facet normal 0.94695 0.321382 -2.34645e-18
    outer loop
      vertex 82.1819 48.3176 3.3
      vertex 82.0978 48.5654 2
      vertex 82.0978 48.5654 3.3
    endloop
  endfacet
  facet normal 0.94695 0.321382 -2.34645e-18
    outer loop
      vertex 82.0978 48.5654 2
      vertex 82.1819 48.3176 3.3
      vertex 82.1819 48.3176 2
    endloop
  endfacet
  facet normal -1 0 0
    outer loop
      vertex -82.25 -47.8 2
      vertex -82.25 47.8 3.3
      vertex -82.25 47.8 2
    endloop
  endfacet
  facet normal -1 -0 0
    outer loop
      vertex -82.25 47.8 3.3
      vertex -82.25 -47.8 2
      vertex -82.25 -47.8 3.3
    endloop
  endfacet
  facet normal 0.997861 0.0653771 -6.27878e-20
    outer loop
      vertex 82.25 47.8 3.3
      vertex 82.2329 48.061 2
      vertex 82.2329 48.061 3.3
    endloop
  endfacet
  facet normal 0.997861 0.0653771 -6.27878e-20
    outer loop
      vertex 82.2329 48.061 2
      vertex 82.25 47.8 3.3
      vertex 82.25 47.8 2
    endloop
  endfacet
  facet normal -0.0653771 -0.997861 0
    outer loop
      vertex -80.511 -49.7829 2
      vertex -80.25 -49.8 3.3
      vertex -80.511 -49.7829 3.3
    endloop
  endfacet
  facet normal -0.0653771 -0.997861 -0
    outer loop
      vertex -80.25 -49.8 3.3
      vertex -80.511 -49.7829 2
      vertex -80.25 -49.8 2
    endloop
  endfacet
  facet normal -0.997861 0.0653771 6.27878e-20
    outer loop
      vertex -82.25 47.8 2
      vertex -82.2329 48.061 3.3
      vertex -82.2329 48.061 2
    endloop
  endfacet
  facet normal -0.997861 0.0653771 6.27878e-20
    outer loop
      vertex -82.2329 48.061 3.3
      vertex -82.25 47.8 2
      vertex -82.25 47.8 3.3
    endloop
  endfacet
  facet normal -0.751842 -0.659343 -8.29e-18
    outer loop
      vertex -81.6642 -49.2142 2
      vertex -81.8367 -49.0175 3.3
      vertex -81.8367 -49.0175 2
    endloop
  endfacet
  facet normal -0.751842 -0.659343 -8.29e-18
    outer loop
      vertex -81.8367 -49.0175 3.3
      vertex -81.6642 -49.2142 2
      vertex -81.6642 -49.2142 3.3
    endloop
  endfacet
  facet normal -0.94695 0.321382 2.34645e-18
    outer loop
      vertex -82.1819 48.3176 2
      vertex -82.0978 48.5654 3.3
      vertex -82.0978 48.5654 2
    endloop
  endfacet
  facet normal -0.94695 0.321382 2.34645e-18
    outer loop
      vertex -82.0978 48.5654 3.3
      vertex -82.1819 48.3176 2
      vertex -82.1819 48.3176 3.3
    endloop
  endfacet
  facet normal 0 -1 0
    outer loop
      vertex 18 -49.8 2
      vertex 80.25 -49.8 3.3
      vertex 18 -49.8 3.3
    endloop
  endfacet
  facet normal 0 -1 -0
    outer loop
      vertex 80.25 -49.8 3.3
      vertex 18 -49.8 2
      vertex 80.25 -49.8 2
    endloop
  endfacet
  facet normal 0 -1 0
    outer loop
      vertex -80.25 -49.8 2
      vertex -18 -49.8 3.3
      vertex -80.25 -49.8 3.3
    endloop
  endfacet
  facet normal 0 -1 -0
    outer loop
      vertex -18 -49.8 3.3
      vertex -80.25 -49.8 2
      vertex -18 -49.8 2
    endloop
  endfacet
  facet normal -0.442621 0.896709 0
    outer loop
      vertex -81.0154 49.6478 2
      vertex -81.25 49.532 3.3
      vertex -81.0154 49.6478 3.3
    endloop
  endfacet
  facet normal -0.442621 0.896709 0
    outer loop
      vertex -81.25 49.532 3.3
      vertex -81.0154 49.6478 2
      vertex -81.25 49.532 2
    endloop
  endfacet
  facet normal -0.831344 -0.555758 -6.98427e-18
    outer loop
      vertex -81.8367 -49.0175 2
      vertex -81.9821 -48.8 3.3
      vertex -81.9821 -48.8 2
    endloop
  endfacet
  facet normal -0.831344 -0.555758 -6.98427e-18
    outer loop
      vertex -81.9821 -48.8 3.3
      vertex -81.8367 -49.0175 2
      vertex -81.8367 -49.0175 3.3
    endloop
  endfacet
  facet normal 0.980815 0.19494 -1.39316e-18
    outer loop
      vertex 82.2329 48.061 3.3
      vertex 82.1819 48.3176 2
      vertex 82.1819 48.3176 3.3
    endloop
  endfacet
  facet normal 0.980815 0.19494 -1.39316e-18
    outer loop
      vertex 82.1819 48.3176 2
      vertex 82.2329 48.061 3.3
      vertex 82.2329 48.061 2
    endloop
  endfacet
  facet normal 0 1 -0
    outer loop
      vertex 80.25 49.8 2
      vertex -80.25 49.8 3.3
      vertex 80.25 49.8 3.3
    endloop
  endfacet
  facet normal 0 1 0
    outer loop
      vertex -80.25 49.8 3.3
      vertex 80.25 49.8 2
      vertex -80.25 49.8 2
    endloop
  endfacet
  facet normal -0.195308 -0.980742 0
    outer loop
      vertex -80.7676 -49.7318 2
      vertex -80.511 -49.7829 3.3
      vertex -80.7676 -49.7318 3.3
    endloop
  endfacet
  facet normal -0.195308 -0.980742 -0
    outer loop
      vertex -80.511 -49.7829 3.3
      vertex -80.7676 -49.7318 2
      vertex -80.511 -49.7829 2
    endloop
  endfacet
  facet normal 0.0653771 0.997861 -0
    outer loop
      vertex 80.511 49.7829 2
      vertex 80.25 49.8 3.3
      vertex 80.511 49.7829 3.3
    endloop
  endfacet
  facet normal 0.0653771 0.997861 0
    outer loop
      vertex 80.25 49.8 3.3
      vertex 80.511 49.7829 2
      vertex 80.25 49.8 2
    endloop
  endfacet
  facet normal -0.195308 0.980742 0
    outer loop
      vertex -80.511 49.7829 2
      vertex -80.7676 49.7318 3.3
      vertex -80.511 49.7829 3.3
    endloop
  endfacet
  facet normal -0.195308 0.980742 0
    outer loop
      vertex -80.7676 49.7318 3.3
      vertex -80.511 49.7829 2
      vertex -80.7676 49.7318 2
    endloop
  endfacet
  facet normal 0.195308 0.980742 -0
    outer loop
      vertex 80.7676 49.7318 2
      vertex 80.511 49.7829 3.3
      vertex 80.7676 49.7318 3.3
    endloop
  endfacet
  facet normal 0.195308 0.980742 0
    outer loop
      vertex 80.511 49.7829 3.3
      vertex 80.7676 49.7318 2
      vertex 80.511 49.7829 2
    endloop
  endfacet
  facet normal -0.442621 -0.896709 0
    outer loop
      vertex -81.25 -49.532 2
      vertex -81.0154 -49.6478 3.3
      vertex -81.25 -49.532 3.3
    endloop
  endfacet
  facet normal -0.442621 -0.896709 -0
    outer loop
      vertex -81.0154 -49.6478 3.3
      vertex -81.25 -49.532 2
      vertex -81.0154 -49.6478 2
    endloop
  endfacet
  facet normal -0.0653771 0.997861 0
    outer loop
      vertex -80.25 49.8 2
      vertex -80.511 49.7829 3.3
      vertex -80.25 49.8 3.3
    endloop
  endfacet
  facet normal -0.0653771 0.997861 0
    outer loop
      vertex -80.511 49.7829 3.3
      vertex -80.25 49.8 2
      vertex -80.511 49.7829 2
    endloop
  endfacet
  facet normal -0.980815 0.19494 1.39316e-18
    outer loop
      vertex -82.2329 48.061 2
      vertex -82.1819 48.3176 3.3
      vertex -82.1819 48.3176 2
    endloop
  endfacet
  facet normal -0.980815 0.19494 1.39316e-18
    outer loop
      vertex -82.1819 48.3176 3.3
      vertex -82.2329 48.061 2
      vertex -82.2329 48.061 3.3
    endloop
  endfacet
  facet normal 0.321039 0.947066 -0
    outer loop
      vertex 81.0154 49.6478 2
      vertex 80.7676 49.7318 3.3
      vertex 81.0154 49.6478 3.3
    endloop
  endfacet
  facet normal 0.321039 0.947066 0
    outer loop
      vertex 80.7676 49.7318 3.3
      vertex 81.0154 49.6478 2
      vertex 80.7676 49.7318 2
    endloop
  endfacet
  facet normal 0.659343 0.751842 -0
    outer loop
      vertex 81.6642 49.2142 2
      vertex 81.4675 49.3867 3.3
      vertex 81.6642 49.2142 3.3
    endloop
  endfacet
  facet normal 0.659343 0.751842 0
    outer loop
      vertex 81.4675 49.3867 3.3
      vertex 81.6642 49.2142 2
      vertex 81.4675 49.3867 2
    endloop
  endfacet
  facet normal 0.442621 0.896709 -0
    outer loop
      vertex 81.25 49.532 2
      vertex 81.0154 49.6478 3.3
      vertex 81.25 49.532 3.3
    endloop
  endfacet
  facet normal 0.442621 0.896709 0
    outer loop
      vertex 81.0154 49.6478 3.3
      vertex 81.25 49.532 2
      vertex 81.0154 49.6478 2
    endloop
  endfacet
  facet normal -0.321039 -0.947066 0
    outer loop
      vertex -81.0154 -49.6478 2
      vertex -80.7676 -49.7318 3.3
      vertex -81.0154 -49.6478 3.3
    endloop
  endfacet
  facet normal -0.321039 -0.947066 -0
    outer loop
      vertex -80.7676 -49.7318 3.3
      vertex -81.0154 -49.6478 2
      vertex -80.7676 -49.7318 2
    endloop
  endfacet
  facet normal -0.997861 -0.0653771 -6.27878e-20
    outer loop
      vertex -82.2329 -48.061 2
      vertex -82.25 -47.8 3.3
      vertex -82.25 -47.8 2
    endloop
  endfacet
  facet normal -0.997861 -0.0653771 -6.27878e-20
    outer loop
      vertex -82.25 -47.8 3.3
      vertex -82.2329 -48.061 2
      vertex -82.2329 -48.061 3.3
    endloop
  endfacet
  facet normal 0.555494 0.831521 -0
    outer loop
      vertex 81.4675 49.3867 2
      vertex 81.25 49.532 3.3
      vertex 81.4675 49.3867 3.3
    endloop
  endfacet
  facet normal 0.555494 0.831521 0
    outer loop
      vertex 81.25 49.532 3.3
      vertex 81.4675 49.3867 2
      vertex 81.25 49.532 2
    endloop
  endfacet
  facet normal -0.659343 0.751842 0
    outer loop
      vertex -81.4675 49.3867 2
      vertex -81.6642 49.2142 3.3
      vertex -81.4675 49.3867 3.3
    endloop
  endfacet
  facet normal -0.659343 0.751842 0
    outer loop
      vertex -81.6642 49.2142 3.3
      vertex -81.4675 49.3867 2
      vertex -81.6642 49.2142 2
    endloop
  endfacet
  facet normal -0.980815 -0.19494 -1.39316e-18
    outer loop
      vertex -82.1819 -48.3176 2
      vertex -82.2329 -48.061 3.3
      vertex -82.2329 -48.061 2
    endloop
  endfacet
  facet normal -0.980815 -0.19494 -1.39316e-18
    outer loop
      vertex -82.2329 -48.061 3.3
      vertex -82.1819 -48.3176 2
      vertex -82.1819 -48.3176 3.3
    endloop
  endfacet
  facet normal 0.831344 0.555758 -6.98427e-18
    outer loop
      vertex 81.9821 48.8 3.3
      vertex 81.8367 49.0175 2
      vertex 81.8367 49.0175 3.3
    endloop
  endfacet
  facet normal 0.831344 0.555758 -6.98427e-18
    outer loop
      vertex 81.8367 49.0175 2
      vertex 81.9821 48.8 3.3
      vertex 81.9821 48.8 2
    endloop
  endfacet
  facet normal 0.831344 -0.555758 6.98427e-18
    outer loop
      vertex 81.8367 -49.0175 3.3
      vertex 81.9821 -48.8 2
      vertex 81.9821 -48.8 3.3
    endloop
  endfacet
  facet normal 0.831344 -0.555758 6.98427e-18
    outer loop
      vertex 81.9821 -48.8 2
      vertex 81.8367 -49.0175 3.3
      vertex 81.8367 -49.0175 2
    endloop
  endfacet
  facet normal -0.89686 -0.442314 1.81991e-18
    outer loop
      vertex -81.9821 -48.8 2
      vertex -82.0978 -48.5654 3.3
      vertex -82.0978 -48.5654 2
    endloop
  endfacet
  facet normal -0.89686 -0.442314 1.81991e-18
    outer loop
      vertex -82.0978 -48.5654 3.3
      vertex -81.9821 -48.8 2
      vertex -81.9821 -48.8 3.3
    endloop
  endfacet
  facet normal 1 -0 0
    outer loop
      vertex 82.25 -47.8 3.3
      vertex 82.25 47.8 2
      vertex 82.25 47.8 3.3
    endloop
  endfacet
  facet normal 1 0 0
    outer loop
      vertex 82.25 47.8 2
      vertex 82.25 -47.8 3.3
      vertex 82.25 -47.8 2
    endloop
  endfacet
  facet normal 0.997861 -0.0653771 6.27878e-20
    outer loop
      vertex 82.2329 -48.061 3.3
      vertex 82.25 -47.8 2
      vertex 82.25 -47.8 3.3
    endloop
  endfacet
  facet normal 0.997861 -0.0653771 6.27878e-20
    outer loop
      vertex 82.25 -47.8 2
      vertex 82.2329 -48.061 3.3
      vertex 82.2329 -48.061 2
    endloop
  endfacet
  facet normal -0.555494 0.831521 0
    outer loop
      vertex -81.25 49.532 2
      vertex -81.4675 49.3867 3.3
      vertex -81.25 49.532 3.3
    endloop
  endfacet
  facet normal -0.555494 0.831521 0
    outer loop
      vertex -81.4675 49.3867 3.3
      vertex -81.25 49.532 2
      vertex -81.4675 49.3867 2
    endloop
  endfacet
  facet normal -0.831344 0.555758 6.98427e-18
    outer loop
      vertex -81.9821 48.8 2
      vertex -81.8367 49.0175 3.3
      vertex -81.8367 49.0175 2
    endloop
  endfacet
  facet normal -0.831344 0.555758 6.98427e-18
    outer loop
      vertex -81.8367 49.0175 3.3
      vertex -81.9821 48.8 2
      vertex -81.9821 48.8 3.3
    endloop
  endfacet
  facet normal 0 0 1
    outer loop
      vertex 80.25 49.8 3.3
      vertex 82.25 47.8 3.3
      vertex 82.2329 48.061 3.3
    endloop
  endfacet
  facet normal 0 0 1
    outer loop
      vertex 82.25 47.8 3.3
      vertex 74.45 40 3.3
      vertex 82.25 -47.8 3.3
    endloop
  endfacet
  facet normal 0 0 1
    outer loop
      vertex 80.25 49.8 3.3
      vertex 82.2329 48.061 3.3
      vertex 82.1819 48.3176 3.3
    endloop
  endfacet
  facet normal -0 0 1
    outer loop
      vertex 74.45 -40 3.3
      vertex 82.25 -47.8 3.3
      vertex 74.45 40 3.3
    endloop
  endfacet
  facet normal 0 0 1
    outer loop
      vertex 80.25 49.8 3.3
      vertex 82.1819 48.3176 3.3
      vertex 82.0978 48.5654 3.3
    endloop
  endfacet
  facet normal -0 0 1
    outer loop
      vertex 74.4329 -40.261 3.3
      vertex 82.25 -47.8 3.3
      vertex 74.45 -40 3.3
    endloop
  endfacet
  facet normal 0 0 1
    outer loop
      vertex 80.25 49.8 3.3
      vertex 82.0978 48.5654 3.3
      vertex 81.9821 48.8 3.3
    endloop
  endfacet
  facet normal -0 0 1
    outer loop
      vertex 74.3819 -40.5176 3.3
      vertex 82.25 -47.8 3.3
      vertex 74.4329 -40.261 3.3
    endloop
  endfacet
  facet normal 0 0 1
    outer loop
      vertex 80.25 49.8 3.3
      vertex 81.9821 48.8 3.3
      vertex 81.8367 49.0175 3.3
    endloop
  endfacet
  facet normal -0 0 1
    outer loop
      vertex 74.2978 -40.7654 3.3
      vertex 82.25 -47.8 3.3
      vertex 74.3819 -40.5176 3.3
    endloop
  endfacet
  facet normal 0 0 1
    outer loop
      vertex 80.25 49.8 3.3
      vertex 81.8367 49.0175 3.3
      vertex 81.6642 49.2142 3.3
    endloop
  endfacet
  facet normal -0 0 1
    outer loop
      vertex 74.1821 -41 3.3
      vertex 82.25 -47.8 3.3
      vertex 74.2978 -40.7654 3.3
    endloop
  endfacet
  facet normal 0 0 1
    outer loop
      vertex 80.25 49.8 3.3
      vertex 81.6642 49.2142 3.3
      vertex 81.4675 49.3867 3.3
    endloop
  endfacet
  facet normal -0 0 1
    outer loop
      vertex 74.0367 -41.2175 3.3
      vertex 82.25 -47.8 3.3
      vertex 74.1821 -41 3.3
    endloop
  endfacet
  facet normal 0 0 1
    outer loop
      vertex 80.25 49.8 3.3
      vertex 81.4675 49.3867 3.3
      vertex 81.25 49.532 3.3
    endloop
  endfacet
  facet normal -0 0 1
    outer loop
      vertex 73.8642 -41.4142 3.3
      vertex 82.25 -47.8 3.3
      vertex 74.0367 -41.2175 3.3
    endloop
  endfacet
  facet normal 0 0 1
    outer loop
      vertex 80.25 49.8 3.3
      vertex 81.25 49.532 3.3
      vertex 81.0154 49.6478 3.3
    endloop
  endfacet
  facet normal 0 -0 1
    outer loop
      vertex 80.25 -49.8 3.3
      vertex 82.25 -47.8 3.3
      vertex 73.8642 -41.4142 3.3
    endloop
  endfacet
  facet normal 0 0 1
    outer loop
      vertex 80.25 49.8 3.3
      vertex 81.0154 49.6478 3.3
      vertex 80.7676 49.7318 3.3
    endloop
  endfacet
  facet normal 0 0 1
    outer loop
      vertex 82.2329 -48.061 3.3
      vertex 80.25 -49.8 3.3
      vertex 82.1819 -48.3176 3.3
    endloop
  endfacet
  facet normal 0 0 1
    outer loop
      vertex 80.25 49.8 3.3
      vertex 80.7676 49.7318 3.3
      vertex 80.511 49.7829 3.3
    endloop
  endfacet
  facet normal 0 0 1
    outer loop
      vertex 82.1819 -48.3176 3.3
      vertex 80.25 -49.8 3.3
      vertex 82.0978 -48.5654 3.3
    endloop
  endfacet
  facet normal 0 0 1
    outer loop
      vertex 82.25 47.8 3.3
      vertex 80.25 49.8 3.3
      vertex 73.8642 41.4142 3.3
    endloop
  endfacet
  facet normal 0 0 1
    outer loop
      vertex 82.0978 -48.5654 3.3
      vertex 80.25 -49.8 3.3
      vertex 81.9821 -48.8 3.3
    endloop
  endfacet
  facet normal 0 0 1
    outer loop
      vertex 81.8367 -49.0175 3.3
      vertex 80.25 -49.8 3.3
      vertex 81.6642 -49.2142 3.3
    endloop
  endfacet
  facet normal 0 0 1
    outer loop
      vertex 82.25 47.8 3.3
      vertex 74.4329 40.261 3.3
      vertex 74.45 40 3.3
    endloop
  endfacet
  facet normal 0 0 1
    outer loop
      vertex 82.25 47.8 3.3
      vertex 74.3819 40.5176 3.3
      vertex 74.4329 40.261 3.3
    endloop
  endfacet
  facet normal 0 0 1
    outer loop
      vertex 82.25 47.8 3.3
      vertex 74.2978 40.7654 3.3
      vertex 74.3819 40.5176 3.3
    endloop
  endfacet
  facet normal 0 0 1
    outer loop
      vertex 82.25 47.8 3.3
      vertex 74.1821 41 3.3
      vertex 74.2978 40.7654 3.3
    endloop
  endfacet
  facet normal 0 0 1
    outer loop
      vertex 82.25 47.8 3.3
      vertex 74.0367 41.2175 3.3
      vertex 74.1821 41 3.3
    endloop
  endfacet
  facet normal 0 0 1
    outer loop
      vertex 82.25 47.8 3.3
      vertex 73.8642 41.4142 3.3
      vertex 74.0367 41.2175 3.3
    endloop
  endfacet
  facet normal 0 0 1
    outer loop
      vertex 80.25 49.8 3.3
      vertex 73.6675 41.5867 3.3
      vertex 73.8642 41.4142 3.3
    endloop
  endfacet
  facet normal 0 0 1
    outer loop
      vertex 80.25 49.8 3.3
      vertex 73.45 41.7321 3.3
      vertex 73.6675 41.5867 3.3
    endloop
  endfacet
  facet normal 0 0 1
    outer loop
      vertex 80.25 49.8 3.3
      vertex 73.2154 41.8478 3.3
      vertex 73.45 41.7321 3.3
    endloop
  endfacet
  facet normal 0 0 1
    outer loop
      vertex 80.25 49.8 3.3
      vertex 72.9676 41.9319 3.3
      vertex 73.2154 41.8478 3.3
    endloop
  endfacet
  facet normal 0 0 1
    outer loop
      vertex 80.25 49.8 3.3
      vertex 72.711 41.9829 3.3
      vertex 72.9676 41.9319 3.3
    endloop
  endfacet
  facet normal 0 0 1
    outer loop
      vertex 80.25 49.8 3.3
      vertex 72.45 42 3.3
      vertex 72.711 41.9829 3.3
    endloop
  endfacet
  facet normal 0 0 1
    outer loop
      vertex 80.25 49.8 3.3
      vertex -72.45 42 3.3
      vertex 72.45 42 3.3
    endloop
  endfacet
  facet normal 0 0 1
    outer loop
      vertex -74.4329 40.261 3.3
      vertex -82.25 47.8 3.3
      vertex -74.45 40 3.3
    endloop
  endfacet
  facet normal 0 0 1
    outer loop
      vertex -74.3819 40.5176 3.3
      vertex -82.25 47.8 3.3
      vertex -74.4329 40.261 3.3
    endloop
  endfacet
  facet normal 0 0 1
    outer loop
      vertex -74.2978 40.7654 3.3
      vertex -82.25 47.8 3.3
      vertex -74.3819 40.5176 3.3
    endloop
  endfacet
  facet normal 0 0 1
    outer loop
      vertex -74.1821 41 3.3
      vertex -82.25 47.8 3.3
      vertex -74.2978 40.7654 3.3
    endloop
  endfacet
  facet normal 0 0 1
    outer loop
      vertex -74.0367 41.2175 3.3
      vertex -82.25 47.8 3.3
      vertex -74.1821 41 3.3
    endloop
  endfacet
  facet normal 0 0 1
    outer loop
      vertex -73.8642 41.4142 3.3
      vertex -82.25 47.8 3.3
      vertex -74.0367 41.2175 3.3
    endloop
  endfacet
  facet normal -0 0 1
    outer loop
      vertex -82.25 47.8 3.3
      vertex -73.8642 41.4142 3.3
      vertex -80.25 49.8 3.3
    endloop
  endfacet
  facet normal 0 0 1
    outer loop
      vertex -73.6675 41.5867 3.3
      vertex -80.25 49.8 3.3
      vertex -73.8642 41.4142 3.3
    endloop
  endfacet
  facet normal 0 0 1
    outer loop
      vertex -73.45 41.7321 3.3
      vertex -80.25 49.8 3.3
      vertex -73.6675 41.5867 3.3
    endloop
  endfacet
  facet normal 0 0 1
    outer loop
      vertex -73.2154 41.8478 3.3
      vertex -80.25 49.8 3.3
      vertex -73.45 41.7321 3.3
    endloop
  endfacet
  facet normal 0 0 1
    outer loop
      vertex -72.9676 41.9319 3.3
      vertex -80.25 49.8 3.3
      vertex -73.2154 41.8478 3.3
    endloop
  endfacet
  facet normal 0 0 1
    outer loop
      vertex -72.711 41.9829 3.3
      vertex -80.25 49.8 3.3
      vertex -72.9676 41.9319 3.3
    endloop
  endfacet
  facet normal 0 0 1
    outer loop
      vertex -72.45 42 3.3
      vertex -80.25 49.8 3.3
      vertex -72.711 41.9829 3.3
    endloop
  endfacet
  facet normal -0 0 1
    outer loop
      vertex -80.25 49.8 3.3
      vertex -72.45 42 3.3
      vertex 80.25 49.8 3.3
    endloop
  endfacet
  facet normal 0 0 1
    outer loop
      vertex 81.6642 -49.2142 3.3
      vertex 80.25 -49.8 3.3
      vertex 81.4675 -49.3867 3.3
    endloop
  endfacet
  facet normal 0 0 1
    outer loop
      vertex 81.4675 -49.3867 3.3
      vertex 80.25 -49.8 3.3
      vertex 81.25 -49.532 3.3
    endloop
  endfacet
  facet normal 0 0 1
    outer loop
      vertex 81.25 -49.532 3.3
      vertex 80.25 -49.8 3.3
      vertex 81.0154 -49.6478 3.3
    endloop
  endfacet
  facet normal 0 0 1
    outer loop
      vertex 80.7676 -49.7318 3.3
      vertex 80.25 -49.8 3.3
      vertex 80.511 -49.7829 3.3
    endloop
  endfacet
  facet normal 0 0 1
    outer loop
      vertex 81.0154 -49.6478 3.3
      vertex 80.25 -49.8 3.3
      vertex 80.7676 -49.7318 3.3
    endloop
  endfacet
  facet normal 0 0 1
    outer loop
      vertex 81.9821 -48.8 3.3
      vertex 80.25 -49.8 3.3
      vertex 81.8367 -49.0175 3.3
    endloop
  endfacet
  facet normal 0 0 1
    outer loop
      vertex 82.25 -47.8 3.3
      vertex 80.25 -49.8 3.3
      vertex 82.2329 -48.061 3.3
    endloop
  endfacet
  facet normal -0 0 1
    outer loop
      vertex 73.6675 -41.5867 3.3
      vertex 80.25 -49.8 3.3
      vertex 73.8642 -41.4142 3.3
    endloop
  endfacet
  facet normal -0 0 1
    outer loop
      vertex 73.45 -41.7321 3.3
      vertex 80.25 -49.8 3.3
      vertex 73.6675 -41.5867 3.3
    endloop
  endfacet
  facet normal -0 0 1
    outer loop
      vertex 73.2154 -41.8478 3.3
      vertex 80.25 -49.8 3.3
      vertex 73.45 -41.7321 3.3
    endloop
  endfacet
  facet normal -0 0 1
    outer loop
      vertex 72.9676 -41.9319 3.3
      vertex 80.25 -49.8 3.3
      vertex 73.2154 -41.8478 3.3
    endloop
  endfacet
  facet normal -0 0 1
    outer loop
      vertex 72.711 -41.9829 3.3
      vertex 80.25 -49.8 3.3
      vertex 72.9676 -41.9319 3.3
    endloop
  endfacet
  facet normal -0 0 1
    outer loop
      vertex 72.45 -42 3.3
      vertex 80.25 -49.8 3.3
      vertex 72.711 -41.9829 3.3
    endloop
  endfacet
  facet normal 0 0 1
    outer loop
      vertex 18 -49.8 3.3
      vertex 72.45 -42 3.3
      vertex 18 -42 3.3
    endloop
  endfacet
  facet normal 0 0 1
    outer loop
      vertex 72.45 -42 3.3
      vertex 18 -49.8 3.3
      vertex 80.25 -49.8 3.3
    endloop
  endfacet
  facet normal -0 0 1
    outer loop
      vertex -72.45 -42 3.3
      vertex -18 -49.8 3.3
      vertex -18 -42 3.3
    endloop
  endfacet
  facet normal 0 0 1
    outer loop
      vertex -80.25 -49.8 3.3
      vertex -72.45 -42 3.3
      vertex -72.711 -41.9829 3.3
    endloop
  endfacet
  facet normal 0 0 1
    outer loop
      vertex -72.45 -42 3.3
      vertex -80.25 -49.8 3.3
      vertex -18 -49.8 3.3
    endloop
  endfacet
  facet normal 0 0 1
    outer loop
      vertex -72.9676 -41.9319 3.3
      vertex -80.25 -49.8 3.3
      vertex -72.711 -41.9829 3.3
    endloop
  endfacet
  facet normal 0 0 1
    outer loop
      vertex -73.2154 -41.8478 3.3
      vertex -80.25 -49.8 3.3
      vertex -72.9676 -41.9319 3.3
    endloop
  endfacet
  facet normal 0 0 1
    outer loop
      vertex -73.45 -41.7321 3.3
      vertex -80.25 -49.8 3.3
      vertex -73.2154 -41.8478 3.3
    endloop
  endfacet
  facet normal 0 0 1
    outer loop
      vertex -73.6675 -41.5867 3.3
      vertex -80.25 -49.8 3.3
      vertex -73.45 -41.7321 3.3
    endloop
  endfacet
  facet normal 0 0 1
    outer loop
      vertex -73.8642 -41.4142 3.3
      vertex -80.25 -49.8 3.3
      vertex -73.6675 -41.5867 3.3
    endloop
  endfacet
  facet normal 0 0 1
    outer loop
      vertex -82.25 -47.8 3.3
      vertex -73.8642 -41.4142 3.3
      vertex -74.0367 -41.2175 3.3
    endloop
  endfacet
  facet normal 0 0 1
    outer loop
      vertex -82.25 -47.8 3.3
      vertex -74.0367 -41.2175 3.3
      vertex -74.1821 -41 3.3
    endloop
  endfacet
  facet normal 0 0 1
    outer loop
      vertex -82.25 -47.8 3.3
      vertex -74.1821 -41 3.3
      vertex -74.2978 -40.7654 3.3
    endloop
  endfacet
  facet normal 0 0 1
    outer loop
      vertex -82.25 -47.8 3.3
      vertex -74.2978 -40.7654 3.3
      vertex -74.3819 -40.5176 3.3
    endloop
  endfacet
  facet normal 0 0 1
    outer loop
      vertex -82.25 -47.8 3.3
      vertex -74.3819 -40.5176 3.3
      vertex -74.4329 -40.261 3.3
    endloop
  endfacet
  facet normal 0 0 1
    outer loop
      vertex -82.25 -47.8 3.3
      vertex -74.4329 -40.261 3.3
      vertex -74.45 -40 3.3
    endloop
  endfacet
  facet normal 0 0 1
    outer loop
      vertex -74.45 40 3.3
      vertex -82.25 47.8 3.3
      vertex -74.45 -40 3.3
    endloop
  endfacet
  facet normal 0 0 1
    outer loop
      vertex -82.25 47.8 3.3
      vertex -80.25 49.8 3.3
      vertex -80.511 49.7829 3.3
    endloop
  endfacet
  facet normal 0 0 1
    outer loop
      vertex -82.25 -47.8 3.3
      vertex -74.45 -40 3.3
      vertex -82.25 47.8 3.3
    endloop
  endfacet
  facet normal 0 0 1
    outer loop
      vertex -82.25 47.8 3.3
      vertex -80.511 49.7829 3.3
      vertex -80.7676 49.7318 3.3
    endloop
  endfacet
  facet normal 0 0 1
    outer loop
      vertex -73.8642 -41.4142 3.3
      vertex -82.25 -47.8 3.3
      vertex -80.25 -49.8 3.3
    endloop
  endfacet
  facet normal 0 0 1
    outer loop
      vertex -82.25 47.8 3.3
      vertex -80.7676 49.7318 3.3
      vertex -81.0154 49.6478 3.3
    endloop
  endfacet
  facet normal 0 0 1
    outer loop
      vertex -80.25 -49.8 3.3
      vertex -82.25 -47.8 3.3
      vertex -80.511 -49.7829 3.3
    endloop
  endfacet
  facet normal 0 0 1
    outer loop
      vertex -82.25 47.8 3.3
      vertex -81.0154 49.6478 3.3
      vertex -81.25 49.532 3.3
    endloop
  endfacet
  facet normal 0 0 1
    outer loop
      vertex -80.511 -49.7829 3.3
      vertex -82.25 -47.8 3.3
      vertex -80.7676 -49.7318 3.3
    endloop
  endfacet
  facet normal 0 0 1
    outer loop
      vertex -82.25 47.8 3.3
      vertex -81.25 49.532 3.3
      vertex -81.4675 49.3867 3.3
    endloop
  endfacet
  facet normal 0 0 1
    outer loop
      vertex -80.7676 -49.7318 3.3
      vertex -82.25 -47.8 3.3
      vertex -81.0154 -49.6478 3.3
    endloop
  endfacet
  facet normal 0 0 1
    outer loop
      vertex -82.25 47.8 3.3
      vertex -81.4675 49.3867 3.3
      vertex -81.6642 49.2142 3.3
    endloop
  endfacet
  facet normal 0 0 1
    outer loop
      vertex -81.0154 -49.6478 3.3
      vertex -82.25 -47.8 3.3
      vertex -81.25 -49.532 3.3
    endloop
  endfacet
  facet normal 0 0 1
    outer loop
      vertex -82.25 47.8 3.3
      vertex -81.6642 49.2142 3.3
      vertex -81.8367 49.0175 3.3
    endloop
  endfacet
  facet normal 0 0 1
    outer loop
      vertex -81.25 -49.532 3.3
      vertex -82.25 -47.8 3.3
      vertex -81.4675 -49.3867 3.3
    endloop
  endfacet
  facet normal 0 0 1
    outer loop
      vertex -82.25 47.8 3.3
      vertex -81.8367 49.0175 3.3
      vertex -81.9821 48.8 3.3
    endloop
  endfacet
  facet normal 0 0 1
    outer loop
      vertex -81.4675 -49.3867 3.3
      vertex -82.25 -47.8 3.3
      vertex -81.6642 -49.2142 3.3
    endloop
  endfacet
  facet normal 0 0 1
    outer loop
      vertex -82.25 47.8 3.3
      vertex -81.9821 48.8 3.3
      vertex -82.0978 48.5654 3.3
    endloop
  endfacet
  facet normal 0 0 1
    outer loop
      vertex -81.6642 -49.2142 3.3
      vertex -82.25 -47.8 3.3
      vertex -81.8367 -49.0175 3.3
    endloop
  endfacet
  facet normal 0 0 1
    outer loop
      vertex -82.25 47.8 3.3
      vertex -82.0978 48.5654 3.3
      vertex -82.1819 48.3176 3.3
    endloop
  endfacet
  facet normal 0 0 1
    outer loop
      vertex -81.8367 -49.0175 3.3
      vertex -82.25 -47.8 3.3
      vertex -81.9821 -48.8 3.3
    endloop
  endfacet
  facet normal 0 0 1
    outer loop
      vertex -82.25 47.8 3.3
      vertex -82.1819 48.3176 3.3
      vertex -82.2329 48.061 3.3
    endloop
  endfacet
  facet normal 0 0 1
    outer loop
      vertex -81.9821 -48.8 3.3
      vertex -82.25 -47.8 3.3
      vertex -82.0978 -48.5654 3.3
    endloop
  endfacet
  facet normal 0 0 1
    outer loop
      vertex -82.0978 -48.5654 3.3
      vertex -82.25 -47.8 3.3
      vertex -82.1819 -48.3176 3.3
    endloop
  endfacet
  facet normal 0 0 1
    outer loop
      vertex -82.1819 -48.3176 3.3
      vertex -82.25 -47.8 3.3
      vertex -82.2329 -48.061 3.3
    endloop
  endfacet
  facet normal 0.321039 -0.947066 0
    outer loop
      vertex 80.7676 -49.7318 2
      vertex 81.0154 -49.6478 3.3
      vertex 80.7676 -49.7318 3.3
    endloop
  endfacet
  facet normal 0.321039 -0.947066 0
    outer loop
      vertex 81.0154 -49.6478 3.3
      vertex 80.7676 -49.7318 2
      vertex 81.0154 -49.6478 2
    endloop
  endfacet
  facet normal 0.980815 -0.19494 1.39316e-18
    outer loop
      vertex 82.1819 -48.3176 3.3
      vertex 82.2329 -48.061 2
      vertex 82.2329 -48.061 3.3
    endloop
  endfacet
  facet normal 0.980815 -0.19494 1.39316e-18
    outer loop
      vertex 82.2329 -48.061 2
      vertex 82.1819 -48.3176 3.3
      vertex 82.1819 -48.3176 2
    endloop
  endfacet
  facet normal -0.659343 -0.751842 0
    outer loop
      vertex -81.6642 -49.2142 2
      vertex -81.4675 -49.3867 3.3
      vertex -81.6642 -49.2142 3.3
    endloop
  endfacet
  facet normal -0.659343 -0.751842 -0
    outer loop
      vertex -81.4675 -49.3867 3.3
      vertex -81.6642 -49.2142 2
      vertex -81.4675 -49.3867 2
    endloop
  endfacet
  facet normal -0.321039 0.947066 0
    outer loop
      vertex -80.7676 49.7318 2
      vertex -81.0154 49.6478 3.3
      vertex -80.7676 49.7318 3.3
    endloop
  endfacet
  facet normal -0.321039 0.947066 0
    outer loop
      vertex -81.0154 49.6478 3.3
      vertex -80.7676 49.7318 2
      vertex -81.0154 49.6478 2
    endloop
  endfacet
  facet normal -0.89686 0.442314 -1.81991e-18
    outer loop
      vertex -82.0978 48.5654 2
      vertex -81.9821 48.8 3.3
      vertex -81.9821 48.8 2
    endloop
  endfacet
  facet normal -0.89686 0.442314 -1.81991e-18
    outer loop
      vertex -81.9821 48.8 3.3
      vertex -82.0978 48.5654 2
      vertex -82.0978 48.5654 3.3
    endloop
  endfacet
  facet normal 0.89686 0.442314 1.81991e-18
    outer loop
      vertex 82.0978 48.5654 3.3
      vertex 81.9821 48.8 2
      vertex 81.9821 48.8 3.3
    endloop
  endfacet
  facet normal 0.89686 0.442314 1.81991e-18
    outer loop
      vertex 81.9821 48.8 2
      vertex 82.0978 48.5654 3.3
      vertex 82.0978 48.5654 2
    endloop
  endfacet
  facet normal 0.751842 0.659343 -8.29e-18
    outer loop
      vertex 81.8367 49.0175 3.3
      vertex 81.6642 49.2142 2
      vertex 81.6642 49.2142 3.3
    endloop
  endfacet
  facet normal 0.751842 0.659343 -8.29e-18
    outer loop
      vertex 81.6642 49.2142 2
      vertex 81.8367 49.0175 3.3
      vertex 81.8367 49.0175 2
    endloop
  endfacet
  facet normal -0.94695 -0.321382 -2.34645e-18
    outer loop
      vertex -82.0978 -48.5654 2
      vertex -82.1819 -48.3176 3.3
      vertex -82.1819 -48.3176 2
    endloop
  endfacet
  facet normal -0.94695 -0.321382 -2.34645e-18
    outer loop
      vertex -82.1819 -48.3176 3.3
      vertex -82.0978 -48.5654 2
      vertex -82.0978 -48.5654 3.3
    endloop
  endfacet
  facet normal 0.659343 -0.751842 0
    outer loop
      vertex 81.4675 -49.3867 2
      vertex 81.6642 -49.2142 3.3
      vertex 81.4675 -49.3867 3.3
    endloop
  endfacet
  facet normal 0.659343 -0.751842 0
    outer loop
      vertex 81.6642 -49.2142 3.3
      vertex 81.4675 -49.3867 2
      vertex 81.6642 -49.2142 2
    endloop
  endfacet
  facet normal 0.442621 -0.896709 0
    outer loop
      vertex 81.0154 -49.6478 2
      vertex 81.25 -49.532 3.3
      vertex 81.0154 -49.6478 3.3
    endloop
  endfacet
  facet normal 0.442621 -0.896709 0
    outer loop
      vertex 81.25 -49.532 3.3
      vertex 81.0154 -49.6478 2
      vertex 81.25 -49.532 2
    endloop
  endfacet
  facet normal 0.195308 -0.980742 0
    outer loop
      vertex 80.511 -49.7829 2
      vertex 80.7676 -49.7318 3.3
      vertex 80.511 -49.7829 3.3
    endloop
  endfacet
  facet normal 0.195308 -0.980742 0
    outer loop
      vertex 80.7676 -49.7318 3.3
      vertex 80.511 -49.7829 2
      vertex 80.7676 -49.7318 2
    endloop
  endfacet
  facet normal 0.555494 -0.831521 0
    outer loop
      vertex 81.25 -49.532 2
      vertex 81.4675 -49.3867 3.3
      vertex 81.25 -49.532 3.3
    endloop
  endfacet
  facet normal 0.555494 -0.831521 0
    outer loop
      vertex 81.4675 -49.3867 3.3
      vertex 81.25 -49.532 2
      vertex 81.4675 -49.3867 2
    endloop
  endfacet
  facet normal 0.89686 -0.442314 -1.81991e-18
    outer loop
      vertex 81.9821 -48.8 3.3
      vertex 82.0978 -48.5654 2
      vertex 82.0978 -48.5654 3.3
    endloop
  endfacet
  facet normal 0.89686 -0.442314 -1.81991e-18
    outer loop
      vertex 82.0978 -48.5654 2
      vertex 81.9821 -48.8 3.3
      vertex 81.9821 -48.8 2
    endloop
  endfacet
  facet normal -0.555494 -0.831521 0
    outer loop
      vertex -81.4675 -49.3867 2
      vertex -81.25 -49.532 3.3
      vertex -81.4675 -49.3867 3.3
    endloop
  endfacet
  facet normal -0.555494 -0.831521 -0
    outer loop
      vertex -81.25 -49.532 3.3
      vertex -81.4675 -49.3867 2
      vertex -81.25 -49.532 2
    endloop
  endfacet
  facet normal -0.751842 0.659343 8.29e-18
    outer loop
      vertex -81.8367 49.0175 2
      vertex -81.6642 49.2142 3.3
      vertex -81.6642 49.2142 2
    endloop
  endfacet
  facet normal -0.751842 0.659343 8.29e-18
    outer loop
      vertex -81.6642 49.2142 3.3
      vertex -81.8367 49.0175 2
      vertex -81.8367 49.0175 3.3
    endloop
  endfacet
  facet normal 0.751842 -0.659343 8.29e-18
    outer loop
      vertex 81.6642 -49.2142 3.3
      vertex 81.8367 -49.0175 2
      vertex 81.8367 -49.0175 3.3
    endloop
  endfacet
  facet normal 0.751842 -0.659343 8.29e-18
    outer loop
      vertex 81.8367 -49.0175 2
      vertex 81.6642 -49.2142 3.3
      vertex 81.6642 -49.2142 2
    endloop
  endfacet
  facet normal 0.94695 -0.321382 2.34645e-18
    outer loop
      vertex 82.0978 -48.5654 3.3
      vertex 82.1819 -48.3176 2
      vertex 82.1819 -48.3176 3.3
    endloop
  endfacet
  facet normal 0.94695 -0.321382 2.34645e-18
    outer loop
      vertex 82.1819 -48.3176 2
      vertex 82.0978 -48.5654 3.3
      vertex 82.0978 -48.5654 2
    endloop
  endfacet
  facet normal -0.98077 -0.195165 6.03019e-19
    outer loop
      vertex 89.4505 56.5219 0
      vertex 89.4071 56.74 2
      vertex 89.4071 56.74 0
    endloop
  endfacet
  facet normal -0.98077 -0.195165 6.03019e-19
    outer loop
      vertex 89.4071 56.74 2
      vertex 89.4505 56.5219 0
      vertex 89.4505 56.5219 2
    endloop
  endfacet
  facet normal -0.997872 -0.0652057 4.4081e-19
    outer loop
      vertex 89.465 56.3 0
      vertex 89.4505 56.5219 2
      vertex 89.4505 56.5219 0
    endloop
  endfacet
  facet normal -0.997872 -0.0652057 4.4081e-19
    outer loop
      vertex 89.4505 56.5219 2
      vertex 89.465 56.3 0
      vertex 89.465 56.3 2
    endloop
  endfacet
  facet normal -0.946915 -0.321484 -1.76917e-18
    outer loop
      vertex 89.4071 56.74 0
      vertex 89.3356 56.9506 2
      vertex 89.3356 56.9506 0
    endloop
  endfacet
  facet normal -0.946915 -0.321484 -1.76917e-18
    outer loop
      vertex 89.3356 56.9506 2
      vertex 89.4071 56.74 0
      vertex 89.4071 56.74 2
    endloop
  endfacet
  facet normal 0.98077 -0.195165 -6.03019e-19
    outer loop
      vertex 86.0795 56.5219 2
      vertex 86.1229 56.74 0
      vertex 86.1229 56.74 2
    endloop
  endfacet
  facet normal 0.98077 -0.195165 -6.03019e-19
    outer loop
      vertex 86.1229 56.74 0
      vertex 86.0795 56.5219 2
      vertex 86.0795 56.5219 0
    endloop
  endfacet
  facet normal -0.321484 -0.946915 0
    outer loop
      vertex 88.205 57.9421 0
      vertex 88.4156 57.8706 2
      vertex 88.205 57.9421 2
    endloop
  endfacet
  facet normal -0.321484 -0.946915 -0
    outer loop
      vertex 88.4156 57.8706 2
      vertex 88.205 57.9421 0
      vertex 88.4156 57.8706 0
    endloop
  endfacet
  facet normal -0.659268 0.751908 0
    outer loop
      vertex 88.9671 55.0979 0
      vertex 88.7999 54.9513 2
      vertex 88.9671 55.0979 2
    endloop
  endfacet
  facet normal -0.659268 0.751908 0
    outer loop
      vertex 88.7999 54.9513 2
      vertex 88.9671 55.0979 0
      vertex 88.7999 54.9513 0
    endloop
  endfacet
  facet normal 0.896754 0.44253 -3.29727e-18
    outer loop
      vertex 86.2928 55.45 2
      vertex 86.1944 55.6494 0
      vertex 86.1944 55.6494 2
    endloop
  endfacet
  facet normal 0.896754 0.44253 -3.29727e-18
    outer loop
      vertex 86.1944 55.6494 0
      vertex 86.2928 55.45 2
      vertex 86.2928 55.45 0
    endloop
  endfacet
  facet normal -0.321484 0.946915 0
    outer loop
      vertex 88.4156 54.7294 0
      vertex 88.205 54.6579 2
      vertex 88.4156 54.7294 2
    endloop
  endfacet
  facet normal -0.321484 0.946915 0
    outer loop
      vertex 88.205 54.6579 2
      vertex 88.4156 54.7294 0
      vertex 88.205 54.6579 0
    endloop
  endfacet
  facet normal -0.0652057 0.997872 0
    outer loop
      vertex 87.9869 54.6145 0
      vertex 87.765 54.6 2
      vertex 87.9869 54.6145 2
    endloop
  endfacet
  facet normal -0.0652057 0.997872 0
    outer loop
      vertex 87.765 54.6 2
      vertex 87.9869 54.6145 0
      vertex 87.765 54.6 0
    endloop
  endfacet
  facet normal -0.896754 -0.44253 -3.29727e-18
    outer loop
      vertex 89.3356 56.9506 0
      vertex 89.2372 57.15 2
      vertex 89.2372 57.15 0
    endloop
  endfacet
  facet normal -0.896754 -0.44253 -3.29727e-18
    outer loop
      vertex 89.2372 57.15 2
      vertex 89.3356 56.9506 0
      vertex 89.3356 56.9506 2
    endloop
  endfacet
  facet normal -0.751908 0.659268 2.37708e-18
    outer loop
      vertex 88.9671 55.0979 0
      vertex 89.1137 55.2651 2
      vertex 89.1137 55.2651 0
    endloop
  endfacet
  facet normal -0.751908 0.659268 2.37708e-18
    outer loop
      vertex 89.1137 55.2651 2
      vertex 88.9671 55.0979 0
      vertex 88.9671 55.0979 2
    endloop
  endfacet
  facet normal -0.946915 0.321484 1.76917e-18
    outer loop
      vertex 89.3356 55.6494 0
      vertex 89.4071 55.86 2
      vertex 89.4071 55.86 0
    endloop
  endfacet
  facet normal -0.946915 0.321484 1.76917e-18
    outer loop
      vertex 89.4071 55.86 2
      vertex 89.3356 55.6494 0
      vertex 89.3356 55.6494 2
    endloop
  endfacet
  facet normal 0.555426 0.831566 -0
    outer loop
      vertex 86.915 54.8278 0
      vertex 86.7301 54.9513 2
      vertex 86.915 54.8278 2
    endloop
  endfacet
  facet normal 0.555426 0.831566 0
    outer loop
      vertex 86.7301 54.9513 2
      vertex 86.915 54.8278 0
      vertex 86.7301 54.9513 0
    endloop
  endfacet
  facet normal -0.555426 0.831566 0
    outer loop
      vertex 88.7999 54.9513 0
      vertex 88.615 54.8278 2
      vertex 88.7999 54.9513 2
    endloop
  endfacet
  facet normal -0.555426 0.831566 0
    outer loop
      vertex 88.615 54.8278 2
      vertex 88.7999 54.9513 0
      vertex 88.615 54.8278 0
    endloop
  endfacet
  facet normal 0.321484 0.946915 -0
    outer loop
      vertex 87.325 54.6579 0
      vertex 87.1144 54.7294 2
      vertex 87.325 54.6579 2
    endloop
  endfacet
  facet normal 0.321484 0.946915 0
    outer loop
      vertex 87.1144 54.7294 2
      vertex 87.325 54.6579 0
      vertex 87.1144 54.7294 0
    endloop
  endfacet
  facet normal 0.321484 -0.946915 0
    outer loop
      vertex 87.1144 57.8706 0
      vertex 87.325 57.9421 2
      vertex 87.1144 57.8706 2
    endloop
  endfacet
  facet normal 0.321484 -0.946915 0
    outer loop
      vertex 87.325 57.9421 2
      vertex 87.1144 57.8706 0
      vertex 87.325 57.9421 0
    endloop
  endfacet
  facet normal -0.831566 -0.555426 1.20304e-18
    outer loop
      vertex 89.2372 57.15 0
      vertex 89.1137 57.3349 2
      vertex 89.1137 57.3349 0
    endloop
  endfacet
  facet normal -0.831566 -0.555426 1.20304e-18
    outer loop
      vertex 89.1137 57.3349 2
      vertex 89.2372 57.15 0
      vertex 89.2372 57.15 2
    endloop
  endfacet
  facet normal -0.195165 0.98077 0
    outer loop
      vertex 88.205 54.6579 0
      vertex 87.9869 54.6145 2
      vertex 88.205 54.6579 2
    endloop
  endfacet
  facet normal -0.195165 0.98077 0
    outer loop
      vertex 87.9869 54.6145 2
      vertex 88.205 54.6579 0
      vertex 87.9869 54.6145 0
    endloop
  endfacet
  facet normal 0.0652057 -0.997872 0
    outer loop
      vertex 87.5431 57.9855 0
      vertex 87.765 58 2
      vertex 87.5431 57.9855 2
    endloop
  endfacet
  facet normal 0.0652057 -0.997872 0
    outer loop
      vertex 87.765 58 2
      vertex 87.5431 57.9855 0
      vertex 87.765 58 0
    endloop
  endfacet
  facet normal 0.0652057 0.997872 -0
    outer loop
      vertex 87.765 54.6 0
      vertex 87.5431 54.6145 2
      vertex 87.765 54.6 2
    endloop
  endfacet
  facet normal 0.0652057 0.997872 0
    outer loop
      vertex 87.5431 54.6145 2
      vertex 87.765 54.6 0
      vertex 87.5431 54.6145 0
    endloop
  endfacet
  facet normal -0.659268 -0.751908 0
    outer loop
      vertex 88.7999 57.6487 0
      vertex 88.9671 57.5021 2
      vertex 88.7999 57.6487 2
    endloop
  endfacet
  facet normal -0.659268 -0.751908 -0
    outer loop
      vertex 88.9671 57.5021 2
      vertex 88.7999 57.6487 0
      vertex 88.9671 57.5021 0
    endloop
  endfacet
  facet normal -0.44253 0.896754 0
    outer loop
      vertex 88.615 54.8278 0
      vertex 88.4156 54.7294 2
      vertex 88.615 54.8278 2
    endloop
  endfacet
  facet normal -0.44253 0.896754 0
    outer loop
      vertex 88.4156 54.7294 2
      vertex 88.615 54.8278 0
      vertex 88.4156 54.7294 0
    endloop
  endfacet
  facet normal 0.44253 0.896754 -0
    outer loop
      vertex 87.1144 54.7294 0
      vertex 86.915 54.8278 2
      vertex 87.1144 54.7294 2
    endloop
  endfacet
  facet normal 0.44253 0.896754 0
    outer loop
      vertex 86.915 54.8278 2
      vertex 87.1144 54.7294 0
      vertex 86.915 54.8278 0
    endloop
  endfacet
  facet normal 0.44253 -0.896754 0
    outer loop
      vertex 86.915 57.7722 0
      vertex 87.1144 57.8706 2
      vertex 86.915 57.7722 2
    endloop
  endfacet
  facet normal 0.44253 -0.896754 0
    outer loop
      vertex 87.1144 57.8706 2
      vertex 86.915 57.7722 0
      vertex 87.1144 57.8706 0
    endloop
  endfacet
  facet normal -0.751908 -0.659268 3.57676e-18
    outer loop
      vertex 89.1137 57.3349 0
      vertex 88.9671 57.5021 2
      vertex 88.9671 57.5021 0
    endloop
  endfacet
  facet normal -0.751908 -0.659268 3.57676e-18
    outer loop
      vertex 88.9671 57.5021 2
      vertex 89.1137 57.3349 0
      vertex 89.1137 57.3349 2
    endloop
  endfacet
  facet normal 0.195165 -0.98077 0
    outer loop
      vertex 87.325 57.9421 0
      vertex 87.5431 57.9855 2
      vertex 87.325 57.9421 2
    endloop
  endfacet
  facet normal 0.195165 -0.98077 0
    outer loop
      vertex 87.5431 57.9855 2
      vertex 87.325 57.9421 0
      vertex 87.5431 57.9855 0
    endloop
  endfacet
  facet normal -0.896754 0.44253 3.29727e-18
    outer loop
      vertex 89.2372 55.45 0
      vertex 89.3356 55.6494 2
      vertex 89.3356 55.6494 0
    endloop
  endfacet
  facet normal -0.896754 0.44253 3.29727e-18
    outer loop
      vertex 89.3356 55.6494 2
      vertex 89.2372 55.45 0
      vertex 89.2372 55.45 2
    endloop
  endfacet
  facet normal 0.555426 -0.831566 0
    outer loop
      vertex 86.7301 57.6487 0
      vertex 86.915 57.7722 2
      vertex 86.7301 57.6487 2
    endloop
  endfacet
  facet normal 0.555426 -0.831566 0
    outer loop
      vertex 86.915 57.7722 2
      vertex 86.7301 57.6487 0
      vertex 86.915 57.7722 0
    endloop
  endfacet
  facet normal -0.98077 0.195165 -6.03019e-19
    outer loop
      vertex 89.4071 55.86 0
      vertex 89.4505 56.0781 2
      vertex 89.4505 56.0781 0
    endloop
  endfacet
  facet normal -0.98077 0.195165 -6.03019e-19
    outer loop
      vertex 89.4505 56.0781 2
      vertex 89.4071 55.86 0
      vertex 89.4071 55.86 2
    endloop
  endfacet
  facet normal -0.997872 0.0652057 -1.95586e-20
    outer loop
      vertex 89.4505 56.0781 0
      vertex 89.465 56.3 2
      vertex 89.465 56.3 0
    endloop
  endfacet
  facet normal -0.997872 0.0652057 -1.95586e-20
    outer loop
      vertex 89.465 56.3 2
      vertex 89.4505 56.0781 0
      vertex 89.4505 56.0781 2
    endloop
  endfacet
  facet normal 0.896754 -0.44253 3.29727e-18
    outer loop
      vertex 86.1944 56.9506 2
      vertex 86.2928 57.15 0
      vertex 86.2928 57.15 2
    endloop
  endfacet
  facet normal 0.896754 -0.44253 3.29727e-18
    outer loop
      vertex 86.2928 57.15 0
      vertex 86.1944 56.9506 2
      vertex 86.1944 56.9506 0
    endloop
  endfacet
  facet normal 0.997872 0.0652057 1.95586e-20
    outer loop
      vertex 86.0795 56.0781 2
      vertex 86.065 56.3 0
      vertex 86.065 56.3 2
    endloop
  endfacet
  facet normal 0.997872 0.0652057 1.95586e-20
    outer loop
      vertex 86.065 56.3 0
      vertex 86.0795 56.0781 2
      vertex 86.0795 56.0781 0
    endloop
  endfacet
  facet normal -0.0652057 -0.997872 0
    outer loop
      vertex 87.765 58 0
      vertex 87.9869 57.9855 2
      vertex 87.765 58 2
    endloop
  endfacet
  facet normal -0.0652057 -0.997872 -0
    outer loop
      vertex 87.9869 57.9855 2
      vertex 87.765 58 0
      vertex 87.9869 57.9855 0
    endloop
  endfacet
  facet normal 0.659268 -0.751908 0
    outer loop
      vertex 86.5629 57.5021 0
      vertex 86.7301 57.6487 2
      vertex 86.5629 57.5021 2
    endloop
  endfacet
  facet normal 0.659268 -0.751908 0
    outer loop
      vertex 86.7301 57.6487 2
      vertex 86.5629 57.5021 0
      vertex 86.7301 57.6487 0
    endloop
  endfacet
  facet normal -0.195165 -0.98077 0
    outer loop
      vertex 87.9869 57.9855 0
      vertex 88.205 57.9421 2
      vertex 87.9869 57.9855 2
    endloop
  endfacet
  facet normal -0.195165 -0.98077 -0
    outer loop
      vertex 88.205 57.9421 2
      vertex 87.9869 57.9855 0
      vertex 88.205 57.9421 0
    endloop
  endfacet
  facet normal -0.44253 -0.896754 0
    outer loop
      vertex 88.4156 57.8706 0
      vertex 88.615 57.7722 2
      vertex 88.4156 57.8706 2
    endloop
  endfacet
  facet normal -0.44253 -0.896754 -0
    outer loop
      vertex 88.615 57.7722 2
      vertex 88.4156 57.8706 0
      vertex 88.615 57.7722 0
    endloop
  endfacet
  facet normal -0.555426 -0.831566 0
    outer loop
      vertex 88.615 57.7722 0
      vertex 88.7999 57.6487 2
      vertex 88.615 57.7722 2
    endloop
  endfacet
  facet normal -0.555426 -0.831566 -0
    outer loop
      vertex 88.7999 57.6487 2
      vertex 88.615 57.7722 0
      vertex 88.7999 57.6487 0
    endloop
  endfacet
  facet normal 0.751908 0.659268 -2.37708e-18
    outer loop
      vertex 86.5629 55.0979 2
      vertex 86.4163 55.2651 0
      vertex 86.4163 55.2651 2
    endloop
  endfacet
  facet normal 0.751908 0.659268 -2.37708e-18
    outer loop
      vertex 86.4163 55.2651 0
      vertex 86.5629 55.0979 2
      vertex 86.5629 55.0979 0
    endloop
  endfacet
  facet normal 0.946915 -0.321484 1.76917e-18
    outer loop
      vertex 86.1229 56.74 2
      vertex 86.1944 56.9506 0
      vertex 86.1944 56.9506 2
    endloop
  endfacet
  facet normal 0.946915 -0.321484 1.76917e-18
    outer loop
      vertex 86.1944 56.9506 0
      vertex 86.1229 56.74 2
      vertex 86.1229 56.74 0
    endloop
  endfacet
  facet normal -0.831566 0.555426 -1.76476e-18
    outer loop
      vertex 89.1137 55.2651 0
      vertex 89.2372 55.45 2
      vertex 89.2372 55.45 0
    endloop
  endfacet
  facet normal -0.831566 0.555426 -1.76476e-18
    outer loop
      vertex 89.2372 55.45 2
      vertex 89.1137 55.2651 0
      vertex 89.1137 55.2651 2
    endloop
  endfacet
  facet normal 0.195165 0.98077 -0
    outer loop
      vertex 87.5431 54.6145 0
      vertex 87.325 54.6579 2
      vertex 87.5431 54.6145 2
    endloop
  endfacet
  facet normal 0.195165 0.98077 0
    outer loop
      vertex 87.325 54.6579 2
      vertex 87.5431 54.6145 0
      vertex 87.325 54.6579 0
    endloop
  endfacet
  facet normal 0.831566 0.555426 1.76476e-18
    outer loop
      vertex 86.4163 55.2651 2
      vertex 86.2928 55.45 0
      vertex 86.2928 55.45 2
    endloop
  endfacet
  facet normal 0.831566 0.555426 1.76476e-18
    outer loop
      vertex 86.2928 55.45 0
      vertex 86.4163 55.2651 2
      vertex 86.4163 55.2651 0
    endloop
  endfacet
  facet normal 0.997872 -0.0652057 -4.4081e-19
    outer loop
      vertex 86.065 56.3 2
      vertex 86.0795 56.5219 0
      vertex 86.0795 56.5219 2
    endloop
  endfacet
  facet normal 0.997872 -0.0652057 -4.4081e-19
    outer loop
      vertex 86.0795 56.5219 0
      vertex 86.065 56.3 2
      vertex 86.065 56.3 0
    endloop
  endfacet
  facet normal 0.946915 0.321484 -1.76917e-18
    outer loop
      vertex 86.1944 55.6494 2
      vertex 86.1229 55.86 0
      vertex 86.1229 55.86 2
    endloop
  endfacet
  facet normal 0.946915 0.321484 -1.76917e-18
    outer loop
      vertex 86.1229 55.86 0
      vertex 86.1944 55.6494 2
      vertex 86.1944 55.6494 0
    endloop
  endfacet
  facet normal 0.98077 0.195165 6.03019e-19
    outer loop
      vertex 86.1229 55.86 2
      vertex 86.0795 56.0781 0
      vertex 86.0795 56.0781 2
    endloop
  endfacet
  facet normal 0.98077 0.195165 6.03019e-19
    outer loop
      vertex 86.0795 56.0781 0
      vertex 86.1229 55.86 2
      vertex 86.1229 55.86 0
    endloop
  endfacet
  facet normal 0.831566 -0.555426 -1.20304e-18
    outer loop
      vertex 86.2928 57.15 2
      vertex 86.4163 57.3349 0
      vertex 86.4163 57.3349 2
    endloop
  endfacet
  facet normal 0.831566 -0.555426 -1.20304e-18
    outer loop
      vertex 86.4163 57.3349 0
      vertex 86.2928 57.15 2
      vertex 86.2928 57.15 0
    endloop
  endfacet
  facet normal 0.659268 0.751908 -0
    outer loop
      vertex 86.7301 54.9513 0
      vertex 86.5629 55.0979 2
      vertex 86.7301 54.9513 2
    endloop
  endfacet
  facet normal 0.659268 0.751908 0
    outer loop
      vertex 86.5629 55.0979 2
      vertex 86.7301 54.9513 0
      vertex 86.5629 55.0979 0
    endloop
  endfacet
  facet normal 0.751908 -0.659268 -3.57676e-18
    outer loop
      vertex 86.4163 57.3349 2
      vertex 86.5629 57.5021 0
      vertex 86.5629 57.5021 2
    endloop
  endfacet
  facet normal 0.751908 -0.659268 -3.57676e-18
    outer loop
      vertex 86.5629 57.5021 0
      vertex 86.4163 57.3349 2
      vertex 86.4163 57.3349 0
    endloop
  endfacet
  facet normal -0.98077 -0.195165 6.03019e-19
    outer loop
      vertex -86.0795 56.5219 0
      vertex -86.1229 56.74 2
      vertex -86.1229 56.74 0
    endloop
  endfacet
  facet normal -0.98077 -0.195165 6.03019e-19
    outer loop
      vertex -86.1229 56.74 2
      vertex -86.0795 56.5219 0
      vertex -86.0795 56.5219 2
    endloop
  endfacet
  facet normal -0.997872 -0.0652057 4.4081e-19
    outer loop
      vertex -86.065 56.3 0
      vertex -86.0795 56.5219 2
      vertex -86.0795 56.5219 0
    endloop
  endfacet
  facet normal -0.997872 -0.0652057 4.4081e-19
    outer loop
      vertex -86.0795 56.5219 2
      vertex -86.065 56.3 0
      vertex -86.065 56.3 2
    endloop
  endfacet
  facet normal 0.195165 0.98077 -0
    outer loop
      vertex -87.9869 54.6145 0
      vertex -88.205 54.6579 2
      vertex -87.9869 54.6145 2
    endloop
  endfacet
  facet normal 0.195165 0.98077 0
    outer loop
      vertex -88.205 54.6579 2
      vertex -87.9869 54.6145 0
      vertex -88.205 54.6579 0
    endloop
  endfacet
  facet normal -0.751908 -0.659268 3.57676e-18
    outer loop
      vertex -86.4163 57.3349 0
      vertex -86.5629 57.5021 2
      vertex -86.5629 57.5021 0
    endloop
  endfacet
  facet normal -0.751908 -0.659268 3.57676e-18
    outer loop
      vertex -86.5629 57.5021 2
      vertex -86.4163 57.3349 0
      vertex -86.4163 57.3349 2
    endloop
  endfacet
  facet normal 0.0652057 0.997872 -0
    outer loop
      vertex -87.765 54.6 0
      vertex -87.9869 54.6145 2
      vertex -87.765 54.6 2
    endloop
  endfacet
  facet normal 0.0652057 0.997872 0
    outer loop
      vertex -87.9869 54.6145 2
      vertex -87.765 54.6 0
      vertex -87.9869 54.6145 0
    endloop
  endfacet
  facet normal -0.659268 -0.751908 0
    outer loop
      vertex -86.7301 57.6487 0
      vertex -86.5629 57.5021 2
      vertex -86.7301 57.6487 2
    endloop
  endfacet
  facet normal -0.659268 -0.751908 -0
    outer loop
      vertex -86.5629 57.5021 2
      vertex -86.7301 57.6487 0
      vertex -86.5629 57.5021 0
    endloop
  endfacet
  facet normal -0.555426 0.831566 0
    outer loop
      vertex -86.7301 54.9513 0
      vertex -86.915 54.8278 2
      vertex -86.7301 54.9513 2
    endloop
  endfacet
  facet normal -0.555426 0.831566 0
    outer loop
      vertex -86.915 54.8278 2
      vertex -86.7301 54.9513 0
      vertex -86.915 54.8278 0
    endloop
  endfacet
  facet normal -0.195165 0.98077 0
    outer loop
      vertex -87.325 54.6579 0
      vertex -87.5431 54.6145 2
      vertex -87.325 54.6579 2
    endloop
  endfacet
  facet normal -0.195165 0.98077 0
    outer loop
      vertex -87.5431 54.6145 2
      vertex -87.325 54.6579 0
      vertex -87.5431 54.6145 0
    endloop
  endfacet
  facet normal 0.195165 -0.98077 0
    outer loop
      vertex -88.205 57.9421 0
      vertex -87.9869 57.9855 2
      vertex -88.205 57.9421 2
    endloop
  endfacet
  facet normal 0.195165 -0.98077 0
    outer loop
      vertex -87.9869 57.9855 2
      vertex -88.205 57.9421 0
      vertex -87.9869 57.9855 0
    endloop
  endfacet
  facet normal 0.896754 -0.44253 3.29727e-18
    outer loop
      vertex -89.3356 56.9506 2
      vertex -89.2372 57.15 0
      vertex -89.2372 57.15 2
    endloop
  endfacet
  facet normal 0.896754 -0.44253 3.29727e-18
    outer loop
      vertex -89.2372 57.15 0
      vertex -89.3356 56.9506 2
      vertex -89.3356 56.9506 0
    endloop
  endfacet
  facet normal -0.44253 0.896754 0
    outer loop
      vertex -86.915 54.8278 0
      vertex -87.1144 54.7294 2
      vertex -86.915 54.8278 2
    endloop
  endfacet
  facet normal -0.44253 0.896754 0
    outer loop
      vertex -87.1144 54.7294 2
      vertex -86.915 54.8278 0
      vertex -87.1144 54.7294 0
    endloop
  endfacet
  facet normal -0.997872 0.0652057 -1.95586e-20
    outer loop
      vertex -86.0795 56.0781 0
      vertex -86.065 56.3 2
      vertex -86.065 56.3 0
    endloop
  endfacet
  facet normal -0.997872 0.0652057 -1.95586e-20
    outer loop
      vertex -86.065 56.3 2
      vertex -86.0795 56.0781 0
      vertex -86.0795 56.0781 2
    endloop
  endfacet
  facet normal 0.997872 -0.0652057 -4.4081e-19
    outer loop
      vertex -89.465 56.3 2
      vertex -89.4505 56.5219 0
      vertex -89.4505 56.5219 2
    endloop
  endfacet
  facet normal 0.997872 -0.0652057 -4.4081e-19
    outer loop
      vertex -89.4505 56.5219 0
      vertex -89.465 56.3 2
      vertex -89.465 56.3 0
    endloop
  endfacet
  facet normal 0.659268 0.751908 -0
    outer loop
      vertex -88.7999 54.9513 0
      vertex -88.9671 55.0979 2
      vertex -88.7999 54.9513 2
    endloop
  endfacet
  facet normal 0.659268 0.751908 0
    outer loop
      vertex -88.9671 55.0979 2
      vertex -88.7999 54.9513 0
      vertex -88.9671 55.0979 0
    endloop
  endfacet
  facet normal -0.896754 -0.44253 -3.29727e-18
    outer loop
      vertex -86.1944 56.9506 0
      vertex -86.2928 57.15 2
      vertex -86.2928 57.15 0
    endloop
  endfacet
  facet normal -0.896754 -0.44253 -3.29727e-18
    outer loop
      vertex -86.2928 57.15 2
      vertex -86.1944 56.9506 0
      vertex -86.1944 56.9506 2
    endloop
  endfacet
  facet normal 0.831566 0.555426 1.76476e-18
    outer loop
      vertex -89.1137 55.2651 2
      vertex -89.2372 55.45 0
      vertex -89.2372 55.45 2
    endloop
  endfacet
  facet normal 0.831566 0.555426 1.76476e-18
    outer loop
      vertex -89.2372 55.45 0
      vertex -89.1137 55.2651 2
      vertex -89.1137 55.2651 0
    endloop
  endfacet
  facet normal -0.659268 0.751908 0
    outer loop
      vertex -86.5629 55.0979 0
      vertex -86.7301 54.9513 2
      vertex -86.5629 55.0979 2
    endloop
  endfacet
  facet normal -0.659268 0.751908 0
    outer loop
      vertex -86.7301 54.9513 2
      vertex -86.5629 55.0979 0
      vertex -86.7301 54.9513 0
    endloop
  endfacet
  facet normal -0.44253 -0.896754 0
    outer loop
      vertex -87.1144 57.8706 0
      vertex -86.915 57.7722 2
      vertex -87.1144 57.8706 2
    endloop
  endfacet
  facet normal -0.44253 -0.896754 -0
    outer loop
      vertex -86.915 57.7722 2
      vertex -87.1144 57.8706 0
      vertex -86.915 57.7722 0
    endloop
  endfacet
  facet normal 0.831566 -0.555426 -1.20304e-18
    outer loop
      vertex -89.2372 57.15 2
      vertex -89.1137 57.3349 0
      vertex -89.1137 57.3349 2
    endloop
  endfacet
  facet normal 0.831566 -0.555426 -1.20304e-18
    outer loop
      vertex -89.1137 57.3349 0
      vertex -89.2372 57.15 2
      vertex -89.2372 57.15 0
    endloop
  endfacet
  facet normal -0.751908 0.659268 2.37708e-18
    outer loop
      vertex -86.5629 55.0979 0
      vertex -86.4163 55.2651 2
      vertex -86.4163 55.2651 0
    endloop
  endfacet
  facet normal -0.751908 0.659268 2.37708e-18
    outer loop
      vertex -86.4163 55.2651 2
      vertex -86.5629 55.0979 0
      vertex -86.5629 55.0979 2
    endloop
  endfacet
  facet normal 0.896754 0.44253 -3.29727e-18
    outer loop
      vertex -89.2372 55.45 2
      vertex -89.3356 55.6494 0
      vertex -89.3356 55.6494 2
    endloop
  endfacet
  facet normal 0.896754 0.44253 -3.29727e-18
    outer loop
      vertex -89.3356 55.6494 0
      vertex -89.2372 55.45 2
      vertex -89.2372 55.45 0
    endloop
  endfacet
  facet normal 0.659268 -0.751908 0
    outer loop
      vertex -88.9671 57.5021 0
      vertex -88.7999 57.6487 2
      vertex -88.9671 57.5021 2
    endloop
  endfacet
  facet normal 0.659268 -0.751908 0
    outer loop
      vertex -88.7999 57.6487 2
      vertex -88.9671 57.5021 0
      vertex -88.7999 57.6487 0
    endloop
  endfacet
  facet normal -0.555426 -0.831566 0
    outer loop
      vertex -86.915 57.7722 0
      vertex -86.7301 57.6487 2
      vertex -86.915 57.7722 2
    endloop
  endfacet
  facet normal -0.555426 -0.831566 -0
    outer loop
      vertex -86.7301 57.6487 2
      vertex -86.915 57.7722 0
      vertex -86.7301 57.6487 0
    endloop
  endfacet
  facet normal -0.831566 -0.555426 1.20304e-18
    outer loop
      vertex -86.2928 57.15 0
      vertex -86.4163 57.3349 2
      vertex -86.4163 57.3349 0
    endloop
  endfacet
  facet normal -0.831566 -0.555426 1.20304e-18
    outer loop
      vertex -86.4163 57.3349 2
      vertex -86.2928 57.15 0
      vertex -86.2928 57.15 2
    endloop
  endfacet
  facet normal 0.98077 -0.195165 -6.03019e-19
    outer loop
      vertex -89.4505 56.5219 2
      vertex -89.4071 56.74 0
      vertex -89.4071 56.74 2
    endloop
  endfacet
  facet normal 0.98077 -0.195165 -6.03019e-19
    outer loop
      vertex -89.4071 56.74 0
      vertex -89.4505 56.5219 2
      vertex -89.4505 56.5219 0
    endloop
  endfacet
  facet normal -0.321484 0.946915 0
    outer loop
      vertex -87.1144 54.7294 0
      vertex -87.325 54.6579 2
      vertex -87.1144 54.7294 2
    endloop
  endfacet
  facet normal -0.321484 0.946915 0
    outer loop
      vertex -87.325 54.6579 2
      vertex -87.1144 54.7294 0
      vertex -87.325 54.6579 0
    endloop
  endfacet
  facet normal 0.751908 0.659268 -2.37708e-18
    outer loop
      vertex -88.9671 55.0979 2
      vertex -89.1137 55.2651 0
      vertex -89.1137 55.2651 2
    endloop
  endfacet
  facet normal 0.751908 0.659268 -2.37708e-18
    outer loop
      vertex -89.1137 55.2651 0
      vertex -88.9671 55.0979 2
      vertex -88.9671 55.0979 0
    endloop
  endfacet
  facet normal -0.0652057 -0.997872 0
    outer loop
      vertex -87.765 58 0
      vertex -87.5431 57.9855 2
      vertex -87.765 58 2
    endloop
  endfacet
  facet normal -0.0652057 -0.997872 -0
    outer loop
      vertex -87.5431 57.9855 2
      vertex -87.765 58 0
      vertex -87.5431 57.9855 0
    endloop
  endfacet
  facet normal 0.751908 -0.659268 -3.57676e-18
    outer loop
      vertex -89.1137 57.3349 2
      vertex -88.9671 57.5021 0
      vertex -88.9671 57.5021 2
    endloop
  endfacet
  facet normal 0.751908 -0.659268 -3.57676e-18
    outer loop
      vertex -88.9671 57.5021 0
      vertex -89.1137 57.3349 2
      vertex -89.1137 57.3349 0
    endloop
  endfacet
  facet normal 0.321484 -0.946915 0
    outer loop
      vertex -88.4156 57.8706 0
      vertex -88.205 57.9421 2
      vertex -88.4156 57.8706 2
    endloop
  endfacet
  facet normal 0.321484 -0.946915 0
    outer loop
      vertex -88.205 57.9421 2
      vertex -88.4156 57.8706 0
      vertex -88.205 57.9421 0
    endloop
  endfacet
  facet normal -0.98077 0.195165 -6.03019e-19
    outer loop
      vertex -86.1229 55.86 0
      vertex -86.0795 56.0781 2
      vertex -86.0795 56.0781 0
    endloop
  endfacet
  facet normal -0.98077 0.195165 -6.03019e-19
    outer loop
      vertex -86.0795 56.0781 2
      vertex -86.1229 55.86 0
      vertex -86.1229 55.86 2
    endloop
  endfacet
  facet normal -0.831566 0.555426 -1.76476e-18
    outer loop
      vertex -86.4163 55.2651 0
      vertex -86.2928 55.45 2
      vertex -86.2928 55.45 0
    endloop
  endfacet
  facet normal -0.831566 0.555426 -1.76476e-18
    outer loop
      vertex -86.2928 55.45 2
      vertex -86.4163 55.2651 0
      vertex -86.4163 55.2651 2
    endloop
  endfacet
  facet normal 0.44253 -0.896754 0
    outer loop
      vertex -88.615 57.7722 0
      vertex -88.4156 57.8706 2
      vertex -88.615 57.7722 2
    endloop
  endfacet
  facet normal 0.44253 -0.896754 0
    outer loop
      vertex -88.4156 57.8706 2
      vertex -88.615 57.7722 0
      vertex -88.4156 57.8706 0
    endloop
  endfacet
  facet normal -0.946915 0.321484 1.76917e-18
    outer loop
      vertex -86.1944 55.6494 0
      vertex -86.1229 55.86 2
      vertex -86.1229 55.86 0
    endloop
  endfacet
  facet normal -0.946915 0.321484 1.76917e-18
    outer loop
      vertex -86.1229 55.86 2
      vertex -86.1944 55.6494 0
      vertex -86.1944 55.6494 2
    endloop
  endfacet
  facet normal -0.321484 -0.946915 0
    outer loop
      vertex -87.325 57.9421 0
      vertex -87.1144 57.8706 2
      vertex -87.325 57.9421 2
    endloop
  endfacet
  facet normal -0.321484 -0.946915 -0
    outer loop
      vertex -87.1144 57.8706 2
      vertex -87.325 57.9421 0
      vertex -87.1144 57.8706 0
    endloop
  endfacet
  facet normal 0.997872 0.0652057 1.95586e-20
    outer loop
      vertex -89.4505 56.0781 2
      vertex -89.465 56.3 0
      vertex -89.465 56.3 2
    endloop
  endfacet
  facet normal 0.997872 0.0652057 1.95586e-20
    outer loop
      vertex -89.465 56.3 0
      vertex -89.4505 56.0781 2
      vertex -89.4505 56.0781 0
    endloop
  endfacet
  facet normal -0.946915 -0.321484 -1.76917e-18
    outer loop
      vertex -86.1229 56.74 0
      vertex -86.1944 56.9506 2
      vertex -86.1944 56.9506 0
    endloop
  endfacet
  facet normal -0.946915 -0.321484 -1.76917e-18
    outer loop
      vertex -86.1944 56.9506 2
      vertex -86.1229 56.74 0
      vertex -86.1229 56.74 2
    endloop
  endfacet
  facet normal 0.555426 -0.831566 0
    outer loop
      vertex -88.7999 57.6487 0
      vertex -88.615 57.7722 2
      vertex -88.7999 57.6487 2
    endloop
  endfacet
  facet normal 0.555426 -0.831566 0
    outer loop
      vertex -88.615 57.7722 2
      vertex -88.7999 57.6487 0
      vertex -88.615 57.7722 0
    endloop
  endfacet
  facet normal 0.0652057 -0.997872 0
    outer loop
      vertex -87.9869 57.9855 0
      vertex -87.765 58 2
      vertex -87.9869 57.9855 2
    endloop
  endfacet
  facet normal 0.0652057 -0.997872 0
    outer loop
      vertex -87.765 58 2
      vertex -87.9869 57.9855 0
      vertex -87.765 58 0
    endloop
  endfacet
  facet normal -0.195165 -0.98077 0
    outer loop
      vertex -87.5431 57.9855 0
      vertex -87.325 57.9421 2
      vertex -87.5431 57.9855 2
    endloop
  endfacet
  facet normal -0.195165 -0.98077 -0
    outer loop
      vertex -87.325 57.9421 2
      vertex -87.5431 57.9855 0
      vertex -87.325 57.9421 0
    endloop
  endfacet
  facet normal 0.98077 0.195165 6.03019e-19
    outer loop
      vertex -89.4071 55.86 2
      vertex -89.4505 56.0781 0
      vertex -89.4505 56.0781 2
    endloop
  endfacet
  facet normal 0.98077 0.195165 6.03019e-19
    outer loop
      vertex -89.4505 56.0781 0
      vertex -89.4071 55.86 2
      vertex -89.4071 55.86 0
    endloop
  endfacet
  facet normal 0.946915 0.321484 -1.76917e-18
    outer loop
      vertex -89.3356 55.6494 2
      vertex -89.4071 55.86 0
      vertex -89.4071 55.86 2
    endloop
  endfacet
  facet normal 0.946915 0.321484 -1.76917e-18
    outer loop
      vertex -89.4071 55.86 0
      vertex -89.3356 55.6494 2
      vertex -89.3356 55.6494 0
    endloop
  endfacet
  facet normal -0.0652057 0.997872 0
    outer loop
      vertex -87.5431 54.6145 0
      vertex -87.765 54.6 2
      vertex -87.5431 54.6145 2
    endloop
  endfacet
  facet normal -0.0652057 0.997872 0
    outer loop
      vertex -87.765 54.6 2
      vertex -87.5431 54.6145 0
      vertex -87.765 54.6 0
    endloop
  endfacet
  facet normal 0.946915 -0.321484 1.76917e-18
    outer loop
      vertex -89.4071 56.74 2
      vertex -89.3356 56.9506 0
      vertex -89.3356 56.9506 2
    endloop
  endfacet
  facet normal 0.946915 -0.321484 1.76917e-18
    outer loop
      vertex -89.3356 56.9506 0
      vertex -89.4071 56.74 2
      vertex -89.4071 56.74 0
    endloop
  endfacet
  facet normal 0.321484 0.946915 -0
    outer loop
      vertex -88.205 54.6579 0
      vertex -88.4156 54.7294 2
      vertex -88.205 54.6579 2
    endloop
  endfacet
  facet normal 0.321484 0.946915 0
    outer loop
      vertex -88.4156 54.7294 2
      vertex -88.205 54.6579 0
      vertex -88.4156 54.7294 0
    endloop
  endfacet
  facet normal -0.896754 0.44253 3.29727e-18
    outer loop
      vertex -86.2928 55.45 0
      vertex -86.1944 55.6494 2
      vertex -86.1944 55.6494 0
    endloop
  endfacet
  facet normal -0.896754 0.44253 3.29727e-18
    outer loop
      vertex -86.1944 55.6494 2
      vertex -86.2928 55.45 0
      vertex -86.2928 55.45 2
    endloop
  endfacet
  facet normal 0.44253 0.896754 -0
    outer loop
      vertex -88.4156 54.7294 0
      vertex -88.615 54.8278 2
      vertex -88.4156 54.7294 2
    endloop
  endfacet
  facet normal 0.44253 0.896754 0
    outer loop
      vertex -88.615 54.8278 2
      vertex -88.4156 54.7294 0
      vertex -88.615 54.8278 0
    endloop
  endfacet
  facet normal 0.555426 0.831566 -0
    outer loop
      vertex -88.615 54.8278 0
      vertex -88.7999 54.9513 2
      vertex -88.615 54.8278 2
    endloop
  endfacet
  facet normal 0.555426 0.831566 0
    outer loop
      vertex -88.7999 54.9513 2
      vertex -88.615 54.8278 0
      vertex -88.7999 54.9513 0
    endloop
  endfacet
  facet normal -0.98077 -0.195165 6.03019e-19
    outer loop
      vertex 89.4505 -56.0781 0
      vertex 89.4071 -55.86 2
      vertex 89.4071 -55.86 0
    endloop
  endfacet
  facet normal -0.98077 -0.195165 6.03019e-19
    outer loop
      vertex 89.4071 -55.86 2
      vertex 89.4505 -56.0781 0
      vertex 89.4505 -56.0781 2
    endloop
  endfacet
  facet normal -0.997872 -0.0652057 1.95586e-20
    outer loop
      vertex 89.465 -56.3 0
      vertex 89.4505 -56.0781 2
      vertex 89.4505 -56.0781 0
    endloop
  endfacet
  facet normal -0.997872 -0.0652057 1.95586e-20
    outer loop
      vertex 89.4505 -56.0781 2
      vertex 89.465 -56.3 0
      vertex 89.465 -56.3 2
    endloop
  endfacet
  facet normal -0.946915 -0.321484 -1.76917e-18
    outer loop
      vertex 89.4071 -55.86 0
      vertex 89.3356 -55.6494 2
      vertex 89.3356 -55.6494 0
    endloop
  endfacet
  facet normal -0.946915 -0.321484 -1.76917e-18
    outer loop
      vertex 89.3356 -55.6494 2
      vertex 89.4071 -55.86 0
      vertex 89.4071 -55.86 2
    endloop
  endfacet
  facet normal 0.659268 -0.751908 0
    outer loop
      vertex 86.5629 -55.0979 0
      vertex 86.7301 -54.9513 2
      vertex 86.5629 -55.0979 2
    endloop
  endfacet
  facet normal 0.659268 -0.751908 0
    outer loop
      vertex 86.7301 -54.9513 2
      vertex 86.5629 -55.0979 0
      vertex 86.7301 -54.9513 0
    endloop
  endfacet
  facet normal 0.321484 -0.946915 0
    outer loop
      vertex 87.1144 -54.7294 0
      vertex 87.325 -54.6579 2
      vertex 87.1144 -54.7294 2
    endloop
  endfacet
  facet normal 0.321484 -0.946915 0
    outer loop
      vertex 87.325 -54.6579 2
      vertex 87.1144 -54.7294 0
      vertex 87.325 -54.6579 0
    endloop
  endfacet
  facet normal 0.321484 0.946915 -0
    outer loop
      vertex 87.325 -57.9421 0
      vertex 87.1144 -57.8706 2
      vertex 87.325 -57.9421 2
    endloop
  endfacet
  facet normal 0.321484 0.946915 0
    outer loop
      vertex 87.1144 -57.8706 2
      vertex 87.325 -57.9421 0
      vertex 87.1144 -57.8706 0
    endloop
  endfacet
  facet normal -0.321484 0.946915 0
    outer loop
      vertex 88.4156 -57.8706 0
      vertex 88.205 -57.9421 2
      vertex 88.4156 -57.8706 2
    endloop
  endfacet
  facet normal -0.321484 0.946915 0
    outer loop
      vertex 88.205 -57.9421 2
      vertex 88.4156 -57.8706 0
      vertex 88.205 -57.9421 0
    endloop
  endfacet
  facet normal -0.896754 -0.44253 -3.29727e-18
    outer loop
      vertex 89.3356 -55.6494 0
      vertex 89.2372 -55.45 2
      vertex 89.2372 -55.45 0
    endloop
  endfacet
  facet normal -0.896754 -0.44253 -3.29727e-18
    outer loop
      vertex 89.2372 -55.45 2
      vertex 89.3356 -55.6494 0
      vertex 89.3356 -55.6494 2
    endloop
  endfacet
  facet normal 0.195165 -0.98077 0
    outer loop
      vertex 87.325 -54.6579 0
      vertex 87.5431 -54.6145 2
      vertex 87.325 -54.6579 2
    endloop
  endfacet
  facet normal 0.195165 -0.98077 0
    outer loop
      vertex 87.5431 -54.6145 2
      vertex 87.325 -54.6579 0
      vertex 87.5431 -54.6145 0
    endloop
  endfacet
  facet normal -0.997872 0.0652057 -4.4081e-19
    outer loop
      vertex 89.4505 -56.5219 0
      vertex 89.465 -56.3 2
      vertex 89.465 -56.3 0
    endloop
  endfacet
  facet normal -0.997872 0.0652057 -4.4081e-19
    outer loop
      vertex 89.465 -56.3 2
      vertex 89.4505 -56.5219 0
      vertex 89.4505 -56.5219 2
    endloop
  endfacet
  facet normal -0.946915 0.321484 1.76917e-18
    outer loop
      vertex 89.3356 -56.9506 0
      vertex 89.4071 -56.74 2
      vertex 89.4071 -56.74 0
    endloop
  endfacet
  facet normal -0.946915 0.321484 1.76917e-18
    outer loop
      vertex 89.4071 -56.74 2
      vertex 89.3356 -56.9506 0
      vertex 89.3356 -56.9506 2
    endloop
  endfacet
  facet normal 0.751908 0.659268 3.57676e-18
    outer loop
      vertex 86.5629 -57.5021 2
      vertex 86.4163 -57.3349 0
      vertex 86.4163 -57.3349 2
    endloop
  endfacet
  facet normal 0.751908 0.659268 3.57676e-18
    outer loop
      vertex 86.4163 -57.3349 0
      vertex 86.5629 -57.5021 2
      vertex 86.5629 -57.5021 0
    endloop
  endfacet
  facet normal 0.44253 -0.896754 0
    outer loop
      vertex 86.915 -54.8278 0
      vertex 87.1144 -54.7294 2
      vertex 86.915 -54.8278 2
    endloop
  endfacet
  facet normal 0.44253 -0.896754 0
    outer loop
      vertex 87.1144 -54.7294 2
      vertex 86.915 -54.8278 0
      vertex 87.1144 -54.7294 0
    endloop
  endfacet
  facet normal 0.98077 -0.195165 -6.03019e-19
    outer loop
      vertex 86.0795 -56.0781 2
      vertex 86.1229 -55.86 0
      vertex 86.1229 -55.86 2
    endloop
  endfacet
  facet normal 0.98077 -0.195165 -6.03019e-19
    outer loop
      vertex 86.1229 -55.86 0
      vertex 86.0795 -56.0781 2
      vertex 86.0795 -56.0781 0
    endloop
  endfacet
  facet normal 0.0652057 0.997872 -0
    outer loop
      vertex 87.765 -58 0
      vertex 87.5431 -57.9855 2
      vertex 87.765 -58 2
    endloop
  endfacet
  facet normal 0.0652057 0.997872 0
    outer loop
      vertex 87.5431 -57.9855 2
      vertex 87.765 -58 0
      vertex 87.5431 -57.9855 0
    endloop
  endfacet
  facet normal 0.751908 -0.659268 2.37708e-18
    outer loop
      vertex 86.4163 -55.2651 2
      vertex 86.5629 -55.0979 0
      vertex 86.5629 -55.0979 2
    endloop
  endfacet
  facet normal 0.751908 -0.659268 2.37708e-18
    outer loop
      vertex 86.5629 -55.0979 0
      vertex 86.4163 -55.2651 2
      vertex 86.4163 -55.2651 0
    endloop
  endfacet
  facet normal 0.831566 -0.555426 -1.76476e-18
    outer loop
      vertex 86.2928 -55.45 2
      vertex 86.4163 -55.2651 0
      vertex 86.4163 -55.2651 2
    endloop
  endfacet
  facet normal 0.831566 -0.555426 -1.76476e-18
    outer loop
      vertex 86.4163 -55.2651 0
      vertex 86.2928 -55.45 2
      vertex 86.2928 -55.45 0
    endloop
  endfacet
  facet normal -0.44253 0.896754 0
    outer loop
      vertex 88.615 -57.7722 0
      vertex 88.4156 -57.8706 2
      vertex 88.615 -57.7722 2
    endloop
  endfacet
  facet normal -0.44253 0.896754 0
    outer loop
      vertex 88.4156 -57.8706 2
      vertex 88.615 -57.7722 0
      vertex 88.4156 -57.8706 0
    endloop
  endfacet
  facet normal -0.831566 -0.555426 1.76476e-18
    outer loop
      vertex 89.2372 -55.45 0
      vertex 89.1137 -55.2651 2
      vertex 89.1137 -55.2651 0
    endloop
  endfacet
  facet normal -0.831566 -0.555426 1.76476e-18
    outer loop
      vertex 89.1137 -55.2651 2
      vertex 89.2372 -55.45 0
      vertex 89.2372 -55.45 2
    endloop
  endfacet
  facet normal 0.946915 0.321484 -1.76917e-18
    outer loop
      vertex 86.1944 -56.9506 2
      vertex 86.1229 -56.74 0
      vertex 86.1229 -56.74 2
    endloop
  endfacet
  facet normal 0.946915 0.321484 -1.76917e-18
    outer loop
      vertex 86.1229 -56.74 0
      vertex 86.1944 -56.9506 2
      vertex 86.1944 -56.9506 0
    endloop
  endfacet
  facet normal -0.555426 -0.831566 0
    outer loop
      vertex 88.615 -54.8278 0
      vertex 88.7999 -54.9513 2
      vertex 88.615 -54.8278 2
    endloop
  endfacet
  facet normal -0.555426 -0.831566 -0
    outer loop
      vertex 88.7999 -54.9513 2
      vertex 88.615 -54.8278 0
      vertex 88.7999 -54.9513 0
    endloop
  endfacet
  facet normal -0.98077 0.195165 -6.03019e-19
    outer loop
      vertex 89.4071 -56.74 0
      vertex 89.4505 -56.5219 2
      vertex 89.4505 -56.5219 0
    endloop
  endfacet
  facet normal -0.98077 0.195165 -6.03019e-19
    outer loop
      vertex 89.4505 -56.5219 2
      vertex 89.4071 -56.74 0
      vertex 89.4071 -56.74 2
    endloop
  endfacet
  facet normal -0.659268 -0.751908 0
    outer loop
      vertex 88.7999 -54.9513 0
      vertex 88.9671 -55.0979 2
      vertex 88.7999 -54.9513 2
    endloop
  endfacet
  facet normal -0.659268 -0.751908 -0
    outer loop
      vertex 88.9671 -55.0979 2
      vertex 88.7999 -54.9513 0
      vertex 88.9671 -55.0979 0
    endloop
  endfacet
  facet normal 0.896754 0.44253 -3.29727e-18
    outer loop
      vertex 86.2928 -57.15 2
      vertex 86.1944 -56.9506 0
      vertex 86.1944 -56.9506 2
    endloop
  endfacet
  facet normal 0.896754 0.44253 -3.29727e-18
    outer loop
      vertex 86.1944 -56.9506 0
      vertex 86.2928 -57.15 2
      vertex 86.2928 -57.15 0
    endloop
  endfacet
  facet normal 0.831566 0.555426 1.20304e-18
    outer loop
      vertex 86.4163 -57.3349 2
      vertex 86.2928 -57.15 0
      vertex 86.2928 -57.15 2
    endloop
  endfacet
  facet normal 0.831566 0.555426 1.20304e-18
    outer loop
      vertex 86.2928 -57.15 0
      vertex 86.4163 -57.3349 2
      vertex 86.4163 -57.3349 0
    endloop
  endfacet
  facet normal 0.946915 -0.321484 1.76917e-18
    outer loop
      vertex 86.1229 -55.86 2
      vertex 86.1944 -55.6494 0
      vertex 86.1944 -55.6494 2
    endloop
  endfacet
  facet normal 0.946915 -0.321484 1.76917e-18
    outer loop
      vertex 86.1944 -55.6494 0
      vertex 86.1229 -55.86 2
      vertex 86.1229 -55.86 0
    endloop
  endfacet
  facet normal -0.321484 -0.946915 0
    outer loop
      vertex 88.205 -54.6579 0
      vertex 88.4156 -54.7294 2
      vertex 88.205 -54.6579 2
    endloop
  endfacet
  facet normal -0.321484 -0.946915 -0
    outer loop
      vertex 88.4156 -54.7294 2
      vertex 88.205 -54.6579 0
      vertex 88.4156 -54.7294 0
    endloop
  endfacet
  facet normal 0.98077 0.195165 6.03019e-19
    outer loop
      vertex 86.1229 -56.74 2
      vertex 86.0795 -56.5219 0
      vertex 86.0795 -56.5219 2
    endloop
  endfacet
  facet normal 0.98077 0.195165 6.03019e-19
    outer loop
      vertex 86.0795 -56.5219 0
      vertex 86.1229 -56.74 2
      vertex 86.1229 -56.74 0
    endloop
  endfacet
  facet normal -0.195165 0.98077 0
    outer loop
      vertex 88.205 -57.9421 0
      vertex 87.9869 -57.9855 2
      vertex 88.205 -57.9421 2
    endloop
  endfacet
  facet normal -0.195165 0.98077 0
    outer loop
      vertex 87.9869 -57.9855 2
      vertex 88.205 -57.9421 0
      vertex 87.9869 -57.9855 0
    endloop
  endfacet
  facet normal 0.0652057 -0.997872 0
    outer loop
      vertex 87.5431 -54.6145 0
      vertex 87.765 -54.6 2
      vertex 87.5431 -54.6145 2
    endloop
  endfacet
  facet normal 0.0652057 -0.997872 0
    outer loop
      vertex 87.765 -54.6 2
      vertex 87.5431 -54.6145 0
      vertex 87.765 -54.6 0
    endloop
  endfacet
  facet normal -0.555426 0.831566 0
    outer loop
      vertex 88.7999 -57.6487 0
      vertex 88.615 -57.7722 2
      vertex 88.7999 -57.6487 2
    endloop
  endfacet
  facet normal -0.555426 0.831566 0
    outer loop
      vertex 88.615 -57.7722 2
      vertex 88.7999 -57.6487 0
      vertex 88.615 -57.7722 0
    endloop
  endfacet
  facet normal 0.44253 0.896754 -0
    outer loop
      vertex 87.1144 -57.8706 0
      vertex 86.915 -57.7722 2
      vertex 87.1144 -57.8706 2
    endloop
  endfacet
  facet normal 0.44253 0.896754 0
    outer loop
      vertex 86.915 -57.7722 2
      vertex 87.1144 -57.8706 0
      vertex 86.915 -57.7722 0
    endloop
  endfacet
  facet normal -0.0652057 -0.997872 0
    outer loop
      vertex 87.765 -54.6 0
      vertex 87.9869 -54.6145 2
      vertex 87.765 -54.6 2
    endloop
  endfacet
  facet normal -0.0652057 -0.997872 -0
    outer loop
      vertex 87.9869 -54.6145 2
      vertex 87.765 -54.6 0
      vertex 87.9869 -54.6145 0
    endloop
  endfacet
  facet normal -0.751908 0.659268 -3.57676e-18
    outer loop
      vertex 88.9671 -57.5021 0
      vertex 89.1137 -57.3349 2
      vertex 89.1137 -57.3349 0
    endloop
  endfacet
  facet normal -0.751908 0.659268 -3.57676e-18
    outer loop
      vertex 89.1137 -57.3349 2
      vertex 88.9671 -57.5021 0
      vertex 88.9671 -57.5021 2
    endloop
  endfacet
  facet normal -0.659268 0.751908 0
    outer loop
      vertex 88.9671 -57.5021 0
      vertex 88.7999 -57.6487 2
      vertex 88.9671 -57.5021 2
    endloop
  endfacet
  facet normal -0.659268 0.751908 0
    outer loop
      vertex 88.7999 -57.6487 2
      vertex 88.9671 -57.5021 0
      vertex 88.7999 -57.6487 0
    endloop
  endfacet
  facet normal -0.831566 0.555426 -1.20304e-18
    outer loop
      vertex 89.1137 -57.3349 0
      vertex 89.2372 -57.15 2
      vertex 89.2372 -57.15 0
    endloop
  endfacet
  facet normal -0.831566 0.555426 -1.20304e-18
    outer loop
      vertex 89.2372 -57.15 2
      vertex 89.1137 -57.3349 0
      vertex 89.1137 -57.3349 2
    endloop
  endfacet
  facet normal -0.0652057 0.997872 0
    outer loop
      vertex 87.9869 -57.9855 0
      vertex 87.765 -58 2
      vertex 87.9869 -57.9855 2
    endloop
  endfacet
  facet normal -0.0652057 0.997872 0
    outer loop
      vertex 87.765 -58 2
      vertex 87.9869 -57.9855 0
      vertex 87.765 -58 0
    endloop
  endfacet
  facet normal 0.997872 0.0652057 4.4081e-19
    outer loop
      vertex 86.0795 -56.5219 2
      vertex 86.065 -56.3 0
      vertex 86.065 -56.3 2
    endloop
  endfacet
  facet normal 0.997872 0.0652057 4.4081e-19
    outer loop
      vertex 86.065 -56.3 0
      vertex 86.0795 -56.5219 2
      vertex 86.0795 -56.5219 0
    endloop
  endfacet
  facet normal -0.44253 -0.896754 0
    outer loop
      vertex 88.4156 -54.7294 0
      vertex 88.615 -54.8278 2
      vertex 88.4156 -54.7294 2
    endloop
  endfacet
  facet normal -0.44253 -0.896754 -0
    outer loop
      vertex 88.615 -54.8278 2
      vertex 88.4156 -54.7294 0
      vertex 88.615 -54.8278 0
    endloop
  endfacet
  facet normal -0.751908 -0.659268 -2.37708e-18
    outer loop
      vertex 89.1137 -55.2651 0
      vertex 88.9671 -55.0979 2
      vertex 88.9671 -55.0979 0
    endloop
  endfacet
  facet normal -0.751908 -0.659268 -2.37708e-18
    outer loop
      vertex 88.9671 -55.0979 2
      vertex 89.1137 -55.2651 0
      vertex 89.1137 -55.2651 2
    endloop
  endfacet
  facet normal -0.195165 -0.98077 0
    outer loop
      vertex 87.9869 -54.6145 0
      vertex 88.205 -54.6579 2
      vertex 87.9869 -54.6145 2
    endloop
  endfacet
  facet normal -0.195165 -0.98077 -0
    outer loop
      vertex 88.205 -54.6579 2
      vertex 87.9869 -54.6145 0
      vertex 88.205 -54.6579 0
    endloop
  endfacet
  facet normal 0.896754 -0.44253 3.29727e-18
    outer loop
      vertex 86.1944 -55.6494 2
      vertex 86.2928 -55.45 0
      vertex 86.2928 -55.45 2
    endloop
  endfacet
  facet normal 0.896754 -0.44253 3.29727e-18
    outer loop
      vertex 86.2928 -55.45 0
      vertex 86.1944 -55.6494 2
      vertex 86.1944 -55.6494 0
    endloop
  endfacet
  facet normal 0.997872 -0.0652057 -1.95586e-20
    outer loop
      vertex 86.065 -56.3 2
      vertex 86.0795 -56.0781 0
      vertex 86.0795 -56.0781 2
    endloop
  endfacet
  facet normal 0.997872 -0.0652057 -1.95586e-20
    outer loop
      vertex 86.0795 -56.0781 0
      vertex 86.065 -56.3 2
      vertex 86.065 -56.3 0
    endloop
  endfacet
  facet normal 0.555426 -0.831566 0
    outer loop
      vertex 86.7301 -54.9513 0
      vertex 86.915 -54.8278 2
      vertex 86.7301 -54.9513 2
    endloop
  endfacet
  facet normal 0.555426 -0.831566 0
    outer loop
      vertex 86.915 -54.8278 2
      vertex 86.7301 -54.9513 0
      vertex 86.915 -54.8278 0
    endloop
  endfacet
  facet normal -0.896754 0.44253 3.29727e-18
    outer loop
      vertex 89.2372 -57.15 0
      vertex 89.3356 -56.9506 2
      vertex 89.3356 -56.9506 0
    endloop
  endfacet
  facet normal -0.896754 0.44253 3.29727e-18
    outer loop
      vertex 89.3356 -56.9506 2
      vertex 89.2372 -57.15 0
      vertex 89.2372 -57.15 2
    endloop
  endfacet
  facet normal 0.555426 0.831566 -0
    outer loop
      vertex 86.915 -57.7722 0
      vertex 86.7301 -57.6487 2
      vertex 86.915 -57.7722 2
    endloop
  endfacet
  facet normal 0.555426 0.831566 0
    outer loop
      vertex 86.7301 -57.6487 2
      vertex 86.915 -57.7722 0
      vertex 86.7301 -57.6487 0
    endloop
  endfacet
  facet normal 0.195165 0.98077 -0
    outer loop
      vertex 87.5431 -57.9855 0
      vertex 87.325 -57.9421 2
      vertex 87.5431 -57.9855 2
    endloop
  endfacet
  facet normal 0.195165 0.98077 0
    outer loop
      vertex 87.325 -57.9421 2
      vertex 87.5431 -57.9855 0
      vertex 87.325 -57.9421 0
    endloop
  endfacet
  facet normal 0.659268 0.751908 -0
    outer loop
      vertex 86.7301 -57.6487 0
      vertex 86.5629 -57.5021 2
      vertex 86.7301 -57.6487 2
    endloop
  endfacet
  facet normal 0.659268 0.751908 0
    outer loop
      vertex 86.5629 -57.5021 2
      vertex 86.7301 -57.6487 0
      vertex 86.5629 -57.5021 0
    endloop
  endfacet
  facet normal 0.831566 -0.555426 -1.76476e-18
    outer loop
      vertex -89.2372 -55.45 2
      vertex -89.1137 -55.2651 0
      vertex -89.1137 -55.2651 2
    endloop
  endfacet
  facet normal 0.831566 -0.555426 -1.76476e-18
    outer loop
      vertex -89.1137 -55.2651 0
      vertex -89.2372 -55.45 2
      vertex -89.2372 -55.45 0
    endloop
  endfacet
  facet normal -0.98077 -0.195165 6.03019e-19
    outer loop
      vertex -86.0795 -56.0781 0
      vertex -86.1229 -55.86 2
      vertex -86.1229 -55.86 0
    endloop
  endfacet
  facet normal -0.98077 -0.195165 6.03019e-19
    outer loop
      vertex -86.1229 -55.86 2
      vertex -86.0795 -56.0781 0
      vertex -86.0795 -56.0781 2
    endloop
  endfacet
  facet normal -0.997872 -0.0652057 1.95586e-20
    outer loop
      vertex -86.065 -56.3 0
      vertex -86.0795 -56.0781 2
      vertex -86.0795 -56.0781 0
    endloop
  endfacet
  facet normal -0.997872 -0.0652057 1.95586e-20
    outer loop
      vertex -86.0795 -56.0781 2
      vertex -86.065 -56.3 0
      vertex -86.065 -56.3 2
    endloop
  endfacet
  facet normal 0.946915 0.321484 -1.76917e-18
    outer loop
      vertex -89.3356 -56.9506 2
      vertex -89.4071 -56.74 0
      vertex -89.4071 -56.74 2
    endloop
  endfacet
  facet normal 0.946915 0.321484 -1.76917e-18
    outer loop
      vertex -89.4071 -56.74 0
      vertex -89.3356 -56.9506 2
      vertex -89.3356 -56.9506 0
    endloop
  endfacet
  facet normal 0.195165 0.98077 -0
    outer loop
      vertex -87.9869 -57.9855 0
      vertex -88.205 -57.9421 2
      vertex -87.9869 -57.9855 2
    endloop
  endfacet
  facet normal 0.195165 0.98077 0
    outer loop
      vertex -88.205 -57.9421 2
      vertex -87.9869 -57.9855 0
      vertex -88.205 -57.9421 0
    endloop
  endfacet
  facet normal -0.659268 -0.751908 0
    outer loop
      vertex -86.7301 -54.9513 0
      vertex -86.5629 -55.0979 2
      vertex -86.7301 -54.9513 2
    endloop
  endfacet
  facet normal -0.659268 -0.751908 -0
    outer loop
      vertex -86.5629 -55.0979 2
      vertex -86.7301 -54.9513 0
      vertex -86.5629 -55.0979 0
    endloop
  endfacet
  facet normal -0.195165 0.98077 0
    outer loop
      vertex -87.325 -57.9421 0
      vertex -87.5431 -57.9855 2
      vertex -87.325 -57.9421 2
    endloop
  endfacet
  facet normal -0.195165 0.98077 0
    outer loop
      vertex -87.5431 -57.9855 2
      vertex -87.325 -57.9421 0
      vertex -87.5431 -57.9855 0
    endloop
  endfacet
  facet normal 0.44253 -0.896754 0
    outer loop
      vertex -88.615 -54.8278 0
      vertex -88.4156 -54.7294 2
      vertex -88.615 -54.8278 2
    endloop
  endfacet
  facet normal 0.44253 -0.896754 0
    outer loop
      vertex -88.4156 -54.7294 2
      vertex -88.615 -54.8278 0
      vertex -88.4156 -54.7294 0
    endloop
  endfacet
  facet normal 0.555426 0.831566 -0
    outer loop
      vertex -88.615 -57.7722 0
      vertex -88.7999 -57.6487 2
      vertex -88.615 -57.7722 2
    endloop
  endfacet
  facet normal 0.555426 0.831566 0
    outer loop
      vertex -88.7999 -57.6487 2
      vertex -88.615 -57.7722 0
      vertex -88.7999 -57.6487 0
    endloop
  endfacet
  facet normal 0.659268 -0.751908 0
    outer loop
      vertex -88.9671 -55.0979 0
      vertex -88.7999 -54.9513 2
      vertex -88.9671 -55.0979 2
    endloop
  endfacet
  facet normal 0.659268 -0.751908 0
    outer loop
      vertex -88.7999 -54.9513 2
      vertex -88.9671 -55.0979 0
      vertex -88.7999 -54.9513 0
    endloop
  endfacet
  facet normal -0.997872 0.0652057 -4.4081e-19
    outer loop
      vertex -86.0795 -56.5219 0
      vertex -86.065 -56.3 2
      vertex -86.065 -56.3 0
    endloop
  endfacet
  facet normal -0.997872 0.0652057 -4.4081e-19
    outer loop
      vertex -86.065 -56.3 2
      vertex -86.0795 -56.5219 0
      vertex -86.0795 -56.5219 2
    endloop
  endfacet
  facet normal -0.44253 0.896754 0
    outer loop
      vertex -86.915 -57.7722 0
      vertex -87.1144 -57.8706 2
      vertex -86.915 -57.7722 2
    endloop
  endfacet
  facet normal -0.44253 0.896754 0
    outer loop
      vertex -87.1144 -57.8706 2
      vertex -86.915 -57.7722 0
      vertex -87.1144 -57.8706 0
    endloop
  endfacet
  facet normal -0.831566 -0.555426 1.76476e-18
    outer loop
      vertex -86.2928 -55.45 0
      vertex -86.4163 -55.2651 2
      vertex -86.4163 -55.2651 0
    endloop
  endfacet
  facet normal -0.831566 -0.555426 1.76476e-18
    outer loop
      vertex -86.4163 -55.2651 2
      vertex -86.2928 -55.45 0
      vertex -86.2928 -55.45 2
    endloop
  endfacet
  facet normal -0.195165 -0.98077 0
    outer loop
      vertex -87.5431 -54.6145 0
      vertex -87.325 -54.6579 2
      vertex -87.5431 -54.6145 2
    endloop
  endfacet
  facet normal -0.195165 -0.98077 -0
    outer loop
      vertex -87.325 -54.6579 2
      vertex -87.5431 -54.6145 0
      vertex -87.325 -54.6579 0
    endloop
  endfacet
  facet normal 0.321484 -0.946915 0
    outer loop
      vertex -88.4156 -54.7294 0
      vertex -88.205 -54.6579 2
      vertex -88.4156 -54.7294 2
    endloop
  endfacet
  facet normal 0.321484 -0.946915 0
    outer loop
      vertex -88.205 -54.6579 2
      vertex -88.4156 -54.7294 0
      vertex -88.205 -54.6579 0
    endloop
  endfacet
  facet normal -0.751908 0.659268 -3.57676e-18
    outer loop
      vertex -86.5629 -57.5021 0
      vertex -86.4163 -57.3349 2
      vertex -86.4163 -57.3349 0
    endloop
  endfacet
  facet normal -0.751908 0.659268 -3.57676e-18
    outer loop
      vertex -86.4163 -57.3349 2
      vertex -86.5629 -57.5021 0
      vertex -86.5629 -57.5021 2
    endloop
  endfacet
  facet normal -0.98077 0.195165 -6.03019e-19
    outer loop
      vertex -86.1229 -56.74 0
      vertex -86.0795 -56.5219 2
      vertex -86.0795 -56.5219 0
    endloop
  endfacet
  facet normal -0.98077 0.195165 -6.03019e-19
    outer loop
      vertex -86.0795 -56.5219 2
      vertex -86.1229 -56.74 0
      vertex -86.1229 -56.74 2
    endloop
  endfacet
  facet normal 0.98077 0.195165 6.03019e-19
    outer loop
      vertex -89.4071 -56.74 2
      vertex -89.4505 -56.5219 0
      vertex -89.4505 -56.5219 2
    endloop
  endfacet
  facet normal 0.98077 0.195165 6.03019e-19
    outer loop
      vertex -89.4505 -56.5219 0
      vertex -89.4071 -56.74 2
      vertex -89.4071 -56.74 0
    endloop
  endfacet
  facet normal 0.751908 -0.659268 2.37708e-18
    outer loop
      vertex -89.1137 -55.2651 2
      vertex -88.9671 -55.0979 0
      vertex -88.9671 -55.0979 2
    endloop
  endfacet
  facet normal 0.751908 -0.659268 2.37708e-18
    outer loop
      vertex -88.9671 -55.0979 0
      vertex -89.1137 -55.2651 2
      vertex -89.1137 -55.2651 0
    endloop
  endfacet
  facet normal -0.896754 0.44253 3.29727e-18
    outer loop
      vertex -86.2928 -57.15 0
      vertex -86.1944 -56.9506 2
      vertex -86.1944 -56.9506 0
    endloop
  endfacet
  facet normal -0.896754 0.44253 3.29727e-18
    outer loop
      vertex -86.1944 -56.9506 2
      vertex -86.2928 -57.15 0
      vertex -86.2928 -57.15 2
    endloop
  endfacet
  facet normal 0.98077 -0.195165 -6.03019e-19
    outer loop
      vertex -89.4505 -56.0781 2
      vertex -89.4071 -55.86 0
      vertex -89.4071 -55.86 2
    endloop
  endfacet
  facet normal 0.98077 -0.195165 -6.03019e-19
    outer loop
      vertex -89.4071 -55.86 0
      vertex -89.4505 -56.0781 2
      vertex -89.4505 -56.0781 0
    endloop
  endfacet
  facet normal -0.321484 -0.946915 0
    outer loop
      vertex -87.325 -54.6579 0
      vertex -87.1144 -54.7294 2
      vertex -87.325 -54.6579 2
    endloop
  endfacet
  facet normal -0.321484 -0.946915 -0
    outer loop
      vertex -87.1144 -54.7294 2
      vertex -87.325 -54.6579 0
      vertex -87.1144 -54.7294 0
    endloop
  endfacet
  facet normal -0.896754 -0.44253 -3.29727e-18
    outer loop
      vertex -86.1944 -55.6494 0
      vertex -86.2928 -55.45 2
      vertex -86.2928 -55.45 0
    endloop
  endfacet
  facet normal -0.896754 -0.44253 -3.29727e-18
    outer loop
      vertex -86.2928 -55.45 2
      vertex -86.1944 -55.6494 0
      vertex -86.1944 -55.6494 2
    endloop
  endfacet
  facet normal 0.44253 0.896754 -0
    outer loop
      vertex -88.4156 -57.8706 0
      vertex -88.615 -57.7722 2
      vertex -88.4156 -57.8706 2
    endloop
  endfacet
  facet normal 0.44253 0.896754 0
    outer loop
      vertex -88.615 -57.7722 2
      vertex -88.4156 -57.8706 0
      vertex -88.615 -57.7722 0
    endloop
  endfacet
  facet normal -0.555426 -0.831566 0
    outer loop
      vertex -86.915 -54.8278 0
      vertex -86.7301 -54.9513 2
      vertex -86.915 -54.8278 2
    endloop
  endfacet
  facet normal -0.555426 -0.831566 -0
    outer loop
      vertex -86.7301 -54.9513 2
      vertex -86.915 -54.8278 0
      vertex -86.7301 -54.9513 0
    endloop
  endfacet
  facet normal -0.555426 0.831566 0
    outer loop
      vertex -86.7301 -57.6487 0
      vertex -86.915 -57.7722 2
      vertex -86.7301 -57.6487 2
    endloop
  endfacet
  facet normal -0.555426 0.831566 0
    outer loop
      vertex -86.915 -57.7722 2
      vertex -86.7301 -57.6487 0
      vertex -86.915 -57.7722 0
    endloop
  endfacet
  facet normal 0.195165 -0.98077 0
    outer loop
      vertex -88.205 -54.6579 0
      vertex -87.9869 -54.6145 2
      vertex -88.205 -54.6579 2
    endloop
  endfacet
  facet normal 0.195165 -0.98077 0
    outer loop
      vertex -87.9869 -54.6145 2
      vertex -88.205 -54.6579 0
      vertex -87.9869 -54.6145 0
    endloop
  endfacet
  facet normal -0.44253 -0.896754 0
    outer loop
      vertex -87.1144 -54.7294 0
      vertex -86.915 -54.8278 2
      vertex -87.1144 -54.7294 2
    endloop
  endfacet
  facet normal -0.44253 -0.896754 -0
    outer loop
      vertex -86.915 -54.8278 2
      vertex -87.1144 -54.7294 0
      vertex -86.915 -54.8278 0
    endloop
  endfacet
  facet normal -0.321484 0.946915 0
    outer loop
      vertex -87.1144 -57.8706 0
      vertex -87.325 -57.9421 2
      vertex -87.1144 -57.8706 2
    endloop
  endfacet
  facet normal -0.321484 0.946915 0
    outer loop
      vertex -87.325 -57.9421 2
      vertex -87.1144 -57.8706 0
      vertex -87.325 -57.9421 0
    endloop
  endfacet
  facet normal 0.896754 0.44253 -3.29727e-18
    outer loop
      vertex -89.2372 -57.15 2
      vertex -89.3356 -56.9506 0
      vertex -89.3356 -56.9506 2
    endloop
  endfacet
  facet normal 0.896754 0.44253 -3.29727e-18
    outer loop
      vertex -89.3356 -56.9506 0
      vertex -89.2372 -57.15 2
      vertex -89.2372 -57.15 0
    endloop
  endfacet
  facet normal -0.831566 0.555426 -1.20304e-18
    outer loop
      vertex -86.4163 -57.3349 0
      vertex -86.2928 -57.15 2
      vertex -86.2928 -57.15 0
    endloop
  endfacet
  facet normal -0.831566 0.555426 -1.20304e-18
    outer loop
      vertex -86.2928 -57.15 2
      vertex -86.4163 -57.3349 0
      vertex -86.4163 -57.3349 2
    endloop
  endfacet
  facet normal -0.0652057 0.997872 0
    outer loop
      vertex -87.5431 -57.9855 0
      vertex -87.765 -58 2
      vertex -87.5431 -57.9855 2
    endloop
  endfacet
  facet normal -0.0652057 0.997872 0
    outer loop
      vertex -87.765 -58 2
      vertex -87.5431 -57.9855 0
      vertex -87.765 -58 0
    endloop
  endfacet
  facet normal -0.0652057 -0.997872 0
    outer loop
      vertex -87.765 -54.6 0
      vertex -87.5431 -54.6145 2
      vertex -87.765 -54.6 2
    endloop
  endfacet
  facet normal -0.0652057 -0.997872 -0
    outer loop
      vertex -87.5431 -54.6145 2
      vertex -87.765 -54.6 0
      vertex -87.5431 -54.6145 0
    endloop
  endfacet
  facet normal 0.659268 0.751908 -0
    outer loop
      vertex -88.7999 -57.6487 0
      vertex -88.9671 -57.5021 2
      vertex -88.7999 -57.6487 2
    endloop
  endfacet
  facet normal 0.659268 0.751908 0
    outer loop
      vertex -88.9671 -57.5021 2
      vertex -88.7999 -57.6487 0
      vertex -88.9671 -57.5021 0
    endloop
  endfacet
  facet normal 0.751908 0.659268 3.57676e-18
    outer loop
      vertex -88.9671 -57.5021 2
      vertex -89.1137 -57.3349 0
      vertex -89.1137 -57.3349 2
    endloop
  endfacet
  facet normal 0.751908 0.659268 3.57676e-18
    outer loop
      vertex -89.1137 -57.3349 0
      vertex -88.9671 -57.5021 2
      vertex -88.9671 -57.5021 0
    endloop
  endfacet
  facet normal 0.997872 0.0652057 4.4081e-19
    outer loop
      vertex -89.4505 -56.5219 2
      vertex -89.465 -56.3 0
      vertex -89.465 -56.3 2
    endloop
  endfacet
  facet normal 0.997872 0.0652057 4.4081e-19
    outer loop
      vertex -89.465 -56.3 0
      vertex -89.4505 -56.5219 2
      vertex -89.4505 -56.5219 0
    endloop
  endfacet
  facet normal -0.751908 -0.659268 -2.37708e-18
    outer loop
      vertex -86.4163 -55.2651 0
      vertex -86.5629 -55.0979 2
      vertex -86.5629 -55.0979 0
    endloop
  endfacet
  facet normal -0.751908 -0.659268 -2.37708e-18
    outer loop
      vertex -86.5629 -55.0979 2
      vertex -86.4163 -55.2651 0
      vertex -86.4163 -55.2651 2
    endloop
  endfacet
  facet normal -0.659268 0.751908 0
    outer loop
      vertex -86.5629 -57.5021 0
      vertex -86.7301 -57.6487 2
      vertex -86.5629 -57.5021 2
    endloop
  endfacet
  facet normal -0.659268 0.751908 0
    outer loop
      vertex -86.7301 -57.6487 2
      vertex -86.5629 -57.5021 0
      vertex -86.7301 -57.6487 0
    endloop
  endfacet
  facet normal -0.946915 -0.321484 -1.76917e-18
    outer loop
      vertex -86.1229 -55.86 0
      vertex -86.1944 -55.6494 2
      vertex -86.1944 -55.6494 0
    endloop
  endfacet
  facet normal -0.946915 -0.321484 -1.76917e-18
    outer loop
      vertex -86.1944 -55.6494 2
      vertex -86.1229 -55.86 0
      vertex -86.1229 -55.86 2
    endloop
  endfacet
  facet normal 0.555426 -0.831566 0
    outer loop
      vertex -88.7999 -54.9513 0
      vertex -88.615 -54.8278 2
      vertex -88.7999 -54.9513 2
    endloop
  endfacet
  facet normal 0.555426 -0.831566 0
    outer loop
      vertex -88.615 -54.8278 2
      vertex -88.7999 -54.9513 0
      vertex -88.615 -54.8278 0
    endloop
  endfacet
  facet normal 0.0652057 -0.997872 0
    outer loop
      vertex -87.9869 -54.6145 0
      vertex -87.765 -54.6 2
      vertex -87.9869 -54.6145 2
    endloop
  endfacet
  facet normal 0.0652057 -0.997872 0
    outer loop
      vertex -87.765 -54.6 2
      vertex -87.9869 -54.6145 0
      vertex -87.765 -54.6 0
    endloop
  endfacet
  facet normal 0.321484 0.946915 -0
    outer loop
      vertex -88.205 -57.9421 0
      vertex -88.4156 -57.8706 2
      vertex -88.205 -57.9421 2
    endloop
  endfacet
  facet normal 0.321484 0.946915 0
    outer loop
      vertex -88.4156 -57.8706 2
      vertex -88.205 -57.9421 0
      vertex -88.4156 -57.8706 0
    endloop
  endfacet
  facet normal 0.0652057 0.997872 -0
    outer loop
      vertex -87.765 -58 0
      vertex -87.9869 -57.9855 2
      vertex -87.765 -58 2
    endloop
  endfacet
  facet normal 0.0652057 0.997872 0
    outer loop
      vertex -87.9869 -57.9855 2
      vertex -87.765 -58 0
      vertex -87.9869 -57.9855 0
    endloop
  endfacet
  facet normal 0.997872 -0.0652057 -1.95586e-20
    outer loop
      vertex -89.465 -56.3 2
      vertex -89.4505 -56.0781 0
      vertex -89.4505 -56.0781 2
    endloop
  endfacet
  facet normal 0.997872 -0.0652057 -1.95586e-20
    outer loop
      vertex -89.4505 -56.0781 0
      vertex -89.465 -56.3 2
      vertex -89.465 -56.3 0
    endloop
  endfacet
  facet normal 0.831566 0.555426 1.20304e-18
    outer loop
      vertex -89.1137 -57.3349 2
      vertex -89.2372 -57.15 0
      vertex -89.2372 -57.15 2
    endloop
  endfacet
  facet normal 0.831566 0.555426 1.20304e-18
    outer loop
      vertex -89.2372 -57.15 0
      vertex -89.1137 -57.3349 2
      vertex -89.1137 -57.3349 0
    endloop
  endfacet
  facet normal -0.946915 0.321484 1.76917e-18
    outer loop
      vertex -86.1944 -56.9506 0
      vertex -86.1229 -56.74 2
      vertex -86.1229 -56.74 0
    endloop
  endfacet
  facet normal -0.946915 0.321484 1.76917e-18
    outer loop
      vertex -86.1229 -56.74 2
      vertex -86.1944 -56.9506 0
      vertex -86.1944 -56.9506 2
    endloop
  endfacet
  facet normal 0.946915 -0.321484 1.76917e-18
    outer loop
      vertex -89.4071 -55.86 2
      vertex -89.3356 -55.6494 0
      vertex -89.3356 -55.6494 2
    endloop
  endfacet
  facet normal 0.946915 -0.321484 1.76917e-18
    outer loop
      vertex -89.3356 -55.6494 0
      vertex -89.4071 -55.86 2
      vertex -89.4071 -55.86 0
    endloop
  endfacet
  facet normal 0.896754 -0.44253 3.29727e-18
    outer loop
      vertex -89.3356 -55.6494 2
      vertex -89.2372 -55.45 0
      vertex -89.2372 -55.45 2
    endloop
  endfacet
  facet normal 0.896754 -0.44253 3.29727e-18
    outer loop
      vertex -89.2372 -55.45 0
      vertex -89.3356 -55.6494 2
      vertex -89.3356 -55.6494 0
    endloop
  endfacet
  facet normal -0.98077 -0.195167 -3.96019e-19
    outer loop
      vertex 89.4505 0.221894 0
      vertex 89.4071 0.439992 2
      vertex 89.4071 0.439992 0
    endloop
  endfacet
  facet normal -0.98077 -0.195167 -3.96019e-19
    outer loop
      vertex 89.4071 0.439992 2
      vertex 89.4505 0.221894 0
      vertex 89.4505 0.221894 2
    endloop
  endfacet
  facet normal -0.997872 -0.0652074 4.18257e-20
    outer loop
      vertex 89.465 0 0
      vertex 89.4505 0.221894 2
      vertex 89.4505 0.221894 0
    endloop
  endfacet
  facet normal -0.997872 -0.0652074 4.18257e-20
    outer loop
      vertex 89.4505 0.221894 2
      vertex 89.465 0 0
      vertex 89.465 0 2
    endloop
  endfacet
  facet normal -0.946901 -0.321526 -1.4336e-18
    outer loop
      vertex 89.4071 0.439992 0
      vertex 89.3356 0.650561 2
      vertex 89.3356 0.650561 0
    endloop
  endfacet
  facet normal -0.946901 -0.321526 -1.4336e-18
    outer loop
      vertex 89.3356 0.650561 2
      vertex 89.4071 0.439992 0
      vertex 89.4071 0.439992 2
    endloop
  endfacet
  facet normal -0.321403 -0.946943 0
    outer loop
      vertex 88.205 1.64207 0
      vertex 88.4156 1.57059 2
      vertex 88.205 1.64207 2
    endloop
  endfacet
  facet normal -0.321403 -0.946943 -0
    outer loop
      vertex 88.4156 1.57059 2
      vertex 88.205 1.64207 0
      vertex 88.4156 1.57059 0
    endloop
  endfacet
  facet normal 0.997872 0.0652074 4.18257e-20
    outer loop
      vertex 86.0795 -0.221894 2
      vertex 86.065 0 0
      vertex 86.065 0 2
    endloop
  endfacet
  facet normal 0.997872 0.0652074 4.18257e-20
    outer loop
      vertex 86.065 0 0
      vertex 86.0795 -0.221894 2
      vertex 86.0795 -0.221894 0
    endloop
  endfacet
  facet normal 0.946901 0.321526 -1.4336e-18
    outer loop
      vertex 86.1944 -0.650561 2
      vertex 86.1229 -0.439992 0
      vertex 86.1229 -0.439992 2
    endloop
  endfacet
  facet normal 0.946901 0.321526 -1.4336e-18
    outer loop
      vertex 86.1229 -0.439992 0
      vertex 86.1944 -0.650561 2
      vertex 86.1944 -0.650561 0
    endloop
  endfacet
  facet normal -0.659319 -0.751863 0
    outer loop
      vertex 88.7999 1.3487 0
      vertex 88.9671 1.20208 2
      vertex 88.7999 1.3487 2
    endloop
  endfacet
  facet normal -0.659319 -0.751863 -0
    outer loop
      vertex 88.9671 1.20208 2
      vertex 88.7999 1.3487 0
      vertex 88.9671 1.20208 0
    endloop
  endfacet
  facet normal 0.831553 0.555445 -2.83613e-18
    outer loop
      vertex 86.4163 -1.03489 2
      vertex 86.2928 -0.849999 0
      vertex 86.2928 -0.849999 2
    endloop
  endfacet
  facet normal 0.831553 0.555445 -2.83613e-18
    outer loop
      vertex 86.2928 -0.849999 0
      vertex 86.4163 -1.03489 2
      vertex 86.4163 -1.03489 0
    endloop
  endfacet
  facet normal -0.896787 0.442463 1.9815e-18
    outer loop
      vertex 89.2372 -0.849999 0
      vertex 89.3356 -0.650561 2
      vertex 89.3356 -0.650561 0
    endloop
  endfacet
  facet normal -0.896787 0.442463 1.9815e-18
    outer loop
      vertex 89.3356 -0.650561 2
      vertex 89.2372 -0.849999 0
      vertex 89.2372 -0.849999 2
    endloop
  endfacet
  facet normal 0.442349 0.896843 -0
    outer loop
      vertex 87.1144 -1.57059 0
      vertex 86.915 -1.47224 2
      vertex 87.1144 -1.57059 2
    endloop
  endfacet
  facet normal 0.442349 0.896843 0
    outer loop
      vertex 86.915 -1.47224 2
      vertex 87.1144 -1.57059 0
      vertex 86.915 -1.47224 0
    endloop
  endfacet
  facet normal -0.321403 0.946943 0
    outer loop
      vertex 88.4156 -1.57059 0
      vertex 88.205 -1.64207 2
      vertex 88.4156 -1.57059 2
    endloop
  endfacet
  facet normal -0.321403 0.946943 0
    outer loop
      vertex 88.205 -1.64207 2
      vertex 88.4156 -1.57059 0
      vertex 88.205 -1.64207 0
    endloop
  endfacet
  facet normal 0.751888 -0.659291 3.69885e-18
    outer loop
      vertex 86.4163 1.03489 2
      vertex 86.5629 1.20208 0
      vertex 86.5629 1.20208 2
    endloop
  endfacet
  facet normal 0.751888 -0.659291 3.69885e-18
    outer loop
      vertex 86.5629 1.20208 0
      vertex 86.4163 1.03489 2
      vertex 86.4163 1.03489 0
    endloop
  endfacet
  facet normal -0.896787 -0.442463 -1.9815e-18
    outer loop
      vertex 89.3356 0.650561 0
      vertex 89.2372 0.849999 2
      vertex 89.2372 0.849999 0
    endloop
  endfacet
  facet normal -0.896787 -0.442463 -1.9815e-18
    outer loop
      vertex 89.2372 0.849999 2
      vertex 89.3356 0.650561 0
      vertex 89.3356 0.650561 2
    endloop
  endfacet
  facet normal 0.659319 -0.751863 0
    outer loop
      vertex 86.5629 1.20208 0
      vertex 86.7301 1.3487 2
      vertex 86.5629 1.20208 2
    endloop
  endfacet
  facet normal 0.659319 -0.751863 0
    outer loop
      vertex 86.7301 1.3487 2
      vertex 86.5629 1.20208 0
      vertex 86.7301 1.3487 0
    endloop
  endfacet
  facet normal -0.831553 0.555445 2.83613e-18
    outer loop
      vertex 89.1137 -1.03489 0
      vertex 89.2372 -0.849999 2
      vertex 89.2372 -0.849999 0
    endloop
  endfacet
  facet normal -0.831553 0.555445 2.83613e-18
    outer loop
      vertex 89.2372 -0.849999 2
      vertex 89.1137 -1.03489 0
      vertex 89.1137 -1.03489 2
    endloop
  endfacet
  facet normal 0.442349 -0.896843 0
    outer loop
      vertex 86.915 1.47224 0
      vertex 87.1144 1.57059 2
      vertex 86.915 1.47224 2
    endloop
  endfacet
  facet normal 0.442349 -0.896843 0
    outer loop
      vertex 87.1144 1.57059 2
      vertex 86.915 1.47224 0
      vertex 87.1144 1.57059 0
    endloop
  endfacet
  facet normal -0.751888 0.659291 3.69885e-18
    outer loop
      vertex 88.9671 -1.20208 0
      vertex 89.1137 -1.03489 2
      vertex 89.1137 -1.03489 0
    endloop
  endfacet
  facet normal -0.751888 0.659291 3.69885e-18
    outer loop
      vertex 89.1137 -1.03489 2
      vertex 88.9671 -1.20208 0
      vertex 88.9671 -1.20208 2
    endloop
  endfacet
  facet normal 0.946901 -0.321526 1.4336e-18
    outer loop
      vertex 86.1229 0.439992 2
      vertex 86.1944 0.650561 0
      vertex 86.1944 0.650561 2
    endloop
  endfacet
  facet normal 0.946901 -0.321526 1.4336e-18
    outer loop
      vertex 86.1944 0.650561 0
      vertex 86.1229 0.439992 2
      vertex 86.1229 0.439992 0
    endloop
  endfacet
  facet normal 0.555551 0.831483 -0
    outer loop
      vertex 86.915 -1.47224 0
      vertex 86.7301 -1.3487 2
      vertex 86.915 -1.47224 2
    endloop
  endfacet
  facet normal 0.555551 0.831483 0
    outer loop
      vertex 86.7301 -1.3487 2
      vertex 86.915 -1.47224 0
      vertex 86.7301 -1.3487 0
    endloop
  endfacet
  facet normal -0.195122 0.980779 0
    outer loop
      vertex 88.205 -1.64207 0
      vertex 87.9869 -1.68546 2
      vertex 88.205 -1.64207 2
    endloop
  endfacet
  facet normal -0.195122 0.980779 0
    outer loop
      vertex 87.9869 -1.68546 2
      vertex 88.205 -1.64207 0
      vertex 87.9869 -1.68546 0
    endloop
  endfacet
  facet normal -0.997872 0.0652074 -4.18257e-20
    outer loop
      vertex 89.4505 -0.221894 0
      vertex 89.465 0 2
      vertex 89.465 0 0
    endloop
  endfacet
  facet normal -0.997872 0.0652074 -4.18257e-20
    outer loop
      vertex 89.465 0 2
      vertex 89.4505 -0.221894 0
      vertex 89.4505 -0.221894 2
    endloop
  endfacet
  facet normal -0.659319 0.751863 0
    outer loop
      vertex 88.9671 -1.20208 0
      vertex 88.7999 -1.3487 2
      vertex 88.9671 -1.20208 2
    endloop
  endfacet
  facet normal -0.659319 0.751863 0
    outer loop
      vertex 88.7999 -1.3487 2
      vertex 88.9671 -1.20208 0
      vertex 88.7999 -1.3487 0
    endloop
  endfacet
  facet normal -0.751888 -0.659291 -3.69885e-18
    outer loop
      vertex 89.1137 1.03489 0
      vertex 88.9671 1.20208 2
      vertex 88.9671 1.20208 0
    endloop
  endfacet
  facet normal -0.751888 -0.659291 -3.69885e-18
    outer loop
      vertex 88.9671 1.20208 2
      vertex 89.1137 1.03489 0
      vertex 89.1137 1.03489 2
    endloop
  endfacet
  facet normal -0.442349 -0.896843 0
    outer loop
      vertex 88.4156 1.57059 0
      vertex 88.615 1.47224 2
      vertex 88.4156 1.57059 2
    endloop
  endfacet
  facet normal -0.442349 -0.896843 -0
    outer loop
      vertex 88.615 1.47224 2
      vertex 88.4156 1.57059 0
      vertex 88.615 1.47224 0
    endloop
  endfacet
  facet normal -0.831553 -0.555445 -2.83613e-18
    outer loop
      vertex 89.2372 0.849999 0
      vertex 89.1137 1.03489 2
      vertex 89.1137 1.03489 0
    endloop
  endfacet
  facet normal -0.831553 -0.555445 -2.83613e-18
    outer loop
      vertex 89.1137 1.03489 2
      vertex 89.2372 0.849999 0
      vertex 89.2372 0.849999 2
    endloop
  endfacet
  facet normal -0.946901 0.321526 1.4336e-18
    outer loop
      vertex 89.3356 -0.650561 0
      vertex 89.4071 -0.439992 2
      vertex 89.4071 -0.439992 0
    endloop
  endfacet
  facet normal -0.946901 0.321526 1.4336e-18
    outer loop
      vertex 89.4071 -0.439992 2
      vertex 89.3356 -0.650561 0
      vertex 89.3356 -0.650561 2
    endloop
  endfacet
  facet normal -0.195122 -0.980779 0
    outer loop
      vertex 87.9869 1.68546 0
      vertex 88.205 1.64207 2
      vertex 87.9869 1.68546 2
    endloop
  endfacet
  facet normal -0.195122 -0.980779 -0
    outer loop
      vertex 88.205 1.64207 2
      vertex 87.9869 1.68546 0
      vertex 88.205 1.64207 0
    endloop
  endfacet
  facet normal 0.98077 0.195167 -3.96019e-19
    outer loop
      vertex 86.1229 -0.439992 2
      vertex 86.0795 -0.221894 0
      vertex 86.0795 -0.221894 2
    endloop
  endfacet
  facet normal 0.98077 0.195167 -3.96019e-19
    outer loop
      vertex 86.0795 -0.221894 0
      vertex 86.1229 -0.439992 2
      vertex 86.1229 -0.439992 0
    endloop
  endfacet
  facet normal -0.555551 -0.831483 0
    outer loop
      vertex 88.615 1.47224 0
      vertex 88.7999 1.3487 2
      vertex 88.615 1.47224 2
    endloop
  endfacet
  facet normal -0.555551 -0.831483 -0
    outer loop
      vertex 88.7999 1.3487 2
      vertex 88.615 1.47224 0
      vertex 88.7999 1.3487 0
    endloop
  endfacet
  facet normal 0.659319 0.751863 -0
    outer loop
      vertex 86.7301 -1.3487 0
      vertex 86.5629 -1.20208 2
      vertex 86.7301 -1.3487 2
    endloop
  endfacet
  facet normal 0.659319 0.751863 0
    outer loop
      vertex 86.5629 -1.20208 2
      vertex 86.7301 -1.3487 0
      vertex 86.5629 -1.20208 0
    endloop
  endfacet
  facet normal -0.0653848 0.99786 0
    outer loop
      vertex 87.9869 -1.68546 0
      vertex 87.765 -1.7 2
      vertex 87.9869 -1.68546 2
    endloop
  endfacet
  facet normal -0.0653848 0.99786 0
    outer loop
      vertex 87.765 -1.7 2
      vertex 87.9869 -1.68546 0
      vertex 87.765 -1.7 0
    endloop
  endfacet
  facet normal 0.321403 -0.946943 0
    outer loop
      vertex 87.1144 1.57059 0
      vertex 87.325 1.64207 2
      vertex 87.1144 1.57059 2
    endloop
  endfacet
  facet normal 0.321403 -0.946943 0
    outer loop
      vertex 87.325 1.64207 2
      vertex 87.1144 1.57059 0
      vertex 87.325 1.64207 0
    endloop
  endfacet
  facet normal 0.0653848 -0.99786 0
    outer loop
      vertex 87.5431 1.68546 0
      vertex 87.765 1.7 2
      vertex 87.5431 1.68546 2
    endloop
  endfacet
  facet normal 0.0653848 -0.99786 0
    outer loop
      vertex 87.765 1.7 2
      vertex 87.5431 1.68546 0
      vertex 87.765 1.7 0
    endloop
  endfacet
  facet normal 0.997872 -0.0652074 -4.18257e-20
    outer loop
      vertex 86.065 0 2
      vertex 86.0795 0.221894 0
      vertex 86.0795 0.221894 2
    endloop
  endfacet
  facet normal 0.997872 -0.0652074 -4.18257e-20
    outer loop
      vertex 86.0795 0.221894 0
      vertex 86.065 0 2
      vertex 86.065 0 0
    endloop
  endfacet
  facet normal 0.896787 0.442463 -1.9815e-18
    outer loop
      vertex 86.2928 -0.849999 2
      vertex 86.1944 -0.650561 0
      vertex 86.1944 -0.650561 2
    endloop
  endfacet
  facet normal 0.896787 0.442463 -1.9815e-18
    outer loop
      vertex 86.1944 -0.650561 0
      vertex 86.2928 -0.849999 2
      vertex 86.2928 -0.849999 0
    endloop
  endfacet
  facet normal 0.555551 -0.831483 0
    outer loop
      vertex 86.7301 1.3487 0
      vertex 86.915 1.47224 2
      vertex 86.7301 1.3487 2
    endloop
  endfacet
  facet normal 0.555551 -0.831483 0
    outer loop
      vertex 86.915 1.47224 2
      vertex 86.7301 1.3487 0
      vertex 86.915 1.47224 0
    endloop
  endfacet
  facet normal 0.195122 0.980779 -0
    outer loop
      vertex 87.5431 -1.68546 0
      vertex 87.325 -1.64207 2
      vertex 87.5431 -1.68546 2
    endloop
  endfacet
  facet normal 0.195122 0.980779 0
    outer loop
      vertex 87.325 -1.64207 2
      vertex 87.5431 -1.68546 0
      vertex 87.325 -1.64207 0
    endloop
  endfacet
  facet normal -0.98077 0.195167 3.96019e-19
    outer loop
      vertex 89.4071 -0.439992 0
      vertex 89.4505 -0.221894 2
      vertex 89.4505 -0.221894 0
    endloop
  endfacet
  facet normal -0.98077 0.195167 3.96019e-19
    outer loop
      vertex 89.4505 -0.221894 2
      vertex 89.4071 -0.439992 0
      vertex 89.4071 -0.439992 2
    endloop
  endfacet
  facet normal 0.0653848 0.99786 -0
    outer loop
      vertex 87.765 -1.7 0
      vertex 87.5431 -1.68546 2
      vertex 87.765 -1.7 2
    endloop
  endfacet
  facet normal 0.0653848 0.99786 0
    outer loop
      vertex 87.5431 -1.68546 2
      vertex 87.765 -1.7 0
      vertex 87.5431 -1.68546 0
    endloop
  endfacet
  facet normal -0.555551 0.831483 0
    outer loop
      vertex 88.7999 -1.3487 0
      vertex 88.615 -1.47224 2
      vertex 88.7999 -1.3487 2
    endloop
  endfacet
  facet normal -0.555551 0.831483 0
    outer loop
      vertex 88.615 -1.47224 2
      vertex 88.7999 -1.3487 0
      vertex 88.615 -1.47224 0
    endloop
  endfacet
  facet normal -0.0653848 -0.99786 0
    outer loop
      vertex 87.765 1.7 0
      vertex 87.9869 1.68546 2
      vertex 87.765 1.7 2
    endloop
  endfacet
  facet normal -0.0653848 -0.99786 -0
    outer loop
      vertex 87.9869 1.68546 2
      vertex 87.765 1.7 0
      vertex 87.9869 1.68546 0
    endloop
  endfacet
  facet normal -0.442349 0.896843 0
    outer loop
      vertex 88.615 -1.47224 0
      vertex 88.4156 -1.57059 2
      vertex 88.615 -1.47224 2
    endloop
  endfacet
  facet normal -0.442349 0.896843 0
    outer loop
      vertex 88.4156 -1.57059 2
      vertex 88.615 -1.47224 0
      vertex 88.4156 -1.57059 0
    endloop
  endfacet
  facet normal 0.195122 -0.980779 0
    outer loop
      vertex 87.325 1.64207 0
      vertex 87.5431 1.68546 2
      vertex 87.325 1.64207 2
    endloop
  endfacet
  facet normal 0.195122 -0.980779 0
    outer loop
      vertex 87.5431 1.68546 2
      vertex 87.325 1.64207 0
      vertex 87.5431 1.68546 0
    endloop
  endfacet
  facet normal 0.321403 0.946943 -0
    outer loop
      vertex 87.325 -1.64207 0
      vertex 87.1144 -1.57059 2
      vertex 87.325 -1.64207 2
    endloop
  endfacet
  facet normal 0.321403 0.946943 0
    outer loop
      vertex 87.1144 -1.57059 2
      vertex 87.325 -1.64207 0
      vertex 87.1144 -1.57059 0
    endloop
  endfacet
  facet normal 0.751888 0.659291 -3.69885e-18
    outer loop
      vertex 86.5629 -1.20208 2
      vertex 86.4163 -1.03489 0
      vertex 86.4163 -1.03489 2
    endloop
  endfacet
  facet normal 0.751888 0.659291 -3.69885e-18
    outer loop
      vertex 86.4163 -1.03489 0
      vertex 86.5629 -1.20208 2
      vertex 86.5629 -1.20208 0
    endloop
  endfacet
  facet normal 0.831553 -0.555445 2.83613e-18
    outer loop
      vertex 86.2928 0.849999 2
      vertex 86.4163 1.03489 0
      vertex 86.4163 1.03489 2
    endloop
  endfacet
  facet normal 0.831553 -0.555445 2.83613e-18
    outer loop
      vertex 86.4163 1.03489 0
      vertex 86.2928 0.849999 2
      vertex 86.2928 0.849999 0
    endloop
  endfacet
  facet normal 0.896787 -0.442463 1.9815e-18
    outer loop
      vertex 86.1944 0.650561 2
      vertex 86.2928 0.849999 0
      vertex 86.2928 0.849999 2
    endloop
  endfacet
  facet normal 0.896787 -0.442463 1.9815e-18
    outer loop
      vertex 86.2928 0.849999 0
      vertex 86.1944 0.650561 2
      vertex 86.1944 0.650561 0
    endloop
  endfacet
  facet normal 0.98077 -0.195167 3.96019e-19
    outer loop
      vertex 86.0795 0.221894 2
      vertex 86.1229 0.439992 0
      vertex 86.1229 0.439992 2
    endloop
  endfacet
  facet normal 0.98077 -0.195167 3.96019e-19
    outer loop
      vertex 86.1229 0.439992 0
      vertex 86.0795 0.221894 2
      vertex 86.0795 0.221894 0
    endloop
  endfacet
  facet normal 0.555551 -0.831483 0
    outer loop
      vertex -88.7999 1.3487 0
      vertex -88.615 1.47224 2
      vertex -88.7999 1.3487 2
    endloop
  endfacet
  facet normal 0.555551 -0.831483 0
    outer loop
      vertex -88.615 1.47224 2
      vertex -88.7999 1.3487 0
      vertex -88.615 1.47224 0
    endloop
  endfacet
  facet normal -0.831553 0.555445 2.83613e-18
    outer loop
      vertex -86.4163 -1.03489 0
      vertex -86.2928 -0.849999 2
      vertex -86.2928 -0.849999 0
    endloop
  endfacet
  facet normal -0.831553 0.555445 2.83613e-18
    outer loop
      vertex -86.2928 -0.849999 2
      vertex -86.4163 -1.03489 0
      vertex -86.4163 -1.03489 2
    endloop
  endfacet
  facet normal -0.98077 -0.195167 -3.96019e-19
    outer loop
      vertex -86.0795 0.221894 0
      vertex -86.1229 0.439992 2
      vertex -86.1229 0.439992 0
    endloop
  endfacet
  facet normal -0.98077 -0.195167 -3.96019e-19
    outer loop
      vertex -86.1229 0.439992 2
      vertex -86.0795 0.221894 0
      vertex -86.0795 0.221894 2
    endloop
  endfacet
  facet normal -0.997872 -0.0652074 4.18257e-20
    outer loop
      vertex -86.065 0 0
      vertex -86.0795 0.221894 2
      vertex -86.0795 0.221894 0
    endloop
  endfacet
  facet normal -0.997872 -0.0652074 4.18257e-20
    outer loop
      vertex -86.0795 0.221894 2
      vertex -86.065 0 0
      vertex -86.065 0 2
    endloop
  endfacet
  facet normal 0.831553 -0.555445 2.83613e-18
    outer loop
      vertex -89.2372 0.849999 2
      vertex -89.1137 1.03489 0
      vertex -89.1137 1.03489 2
    endloop
  endfacet
  facet normal 0.831553 -0.555445 2.83613e-18
    outer loop
      vertex -89.1137 1.03489 0
      vertex -89.2372 0.849999 2
      vertex -89.2372 0.849999 0
    endloop
  endfacet
  facet normal -0.555551 0.831483 0
    outer loop
      vertex -86.7301 -1.3487 0
      vertex -86.915 -1.47224 2
      vertex -86.7301 -1.3487 2
    endloop
  endfacet
  facet normal -0.555551 0.831483 0
    outer loop
      vertex -86.915 -1.47224 2
      vertex -86.7301 -1.3487 0
      vertex -86.915 -1.47224 0
    endloop
  endfacet
  facet normal -0.442349 -0.896843 0
    outer loop
      vertex -87.1144 1.57059 0
      vertex -86.915 1.47224 2
      vertex -87.1144 1.57059 2
    endloop
  endfacet
  facet normal -0.442349 -0.896843 -0
    outer loop
      vertex -86.915 1.47224 2
      vertex -87.1144 1.57059 0
      vertex -86.915 1.47224 0
    endloop
  endfacet
  facet normal 0.195122 0.980779 -0
    outer loop
      vertex -87.9869 -1.68546 0
      vertex -88.205 -1.64207 2
      vertex -87.9869 -1.68546 2
    endloop
  endfacet
  facet normal 0.195122 0.980779 0
    outer loop
      vertex -88.205 -1.64207 2
      vertex -87.9869 -1.68546 0
      vertex -88.205 -1.64207 0
    endloop
  endfacet
  facet normal -0.896787 -0.442463 -1.9815e-18
    outer loop
      vertex -86.1944 0.650561 0
      vertex -86.2928 0.849999 2
      vertex -86.2928 0.849999 0
    endloop
  endfacet
  facet normal -0.896787 -0.442463 -1.9815e-18
    outer loop
      vertex -86.2928 0.849999 2
      vertex -86.1944 0.650561 0
      vertex -86.1944 0.650561 2
    endloop
  endfacet
  facet normal -0.0653848 0.99786 0
    outer loop
      vertex -87.5431 -1.68546 0
      vertex -87.765 -1.7 2
      vertex -87.5431 -1.68546 2
    endloop
  endfacet
  facet normal -0.0653848 0.99786 0
    outer loop
      vertex -87.765 -1.7 2
      vertex -87.5431 -1.68546 0
      vertex -87.765 -1.7 0
    endloop
  endfacet
  facet normal -0.831553 -0.555445 -2.83613e-18
    outer loop
      vertex -86.2928 0.849999 0
      vertex -86.4163 1.03489 2
      vertex -86.4163 1.03489 0
    endloop
  endfacet
  facet normal -0.831553 -0.555445 -2.83613e-18
    outer loop
      vertex -86.4163 1.03489 2
      vertex -86.2928 0.849999 0
      vertex -86.2928 0.849999 2
    endloop
  endfacet
  facet normal -0.751888 0.659291 3.69885e-18
    outer loop
      vertex -86.5629 -1.20208 0
      vertex -86.4163 -1.03489 2
      vertex -86.4163 -1.03489 0
    endloop
  endfacet
  facet normal -0.751888 0.659291 3.69885e-18
    outer loop
      vertex -86.4163 -1.03489 2
      vertex -86.5629 -1.20208 0
      vertex -86.5629 -1.20208 2
    endloop
  endfacet
  facet normal 0.659319 -0.751863 0
    outer loop
      vertex -88.9671 1.20208 0
      vertex -88.7999 1.3487 2
      vertex -88.9671 1.20208 2
    endloop
  endfacet
  facet normal 0.659319 -0.751863 0
    outer loop
      vertex -88.7999 1.3487 2
      vertex -88.9671 1.20208 0
      vertex -88.7999 1.3487 0
    endloop
  endfacet
  facet normal 0.321403 -0.946943 0
    outer loop
      vertex -88.4156 1.57059 0
      vertex -88.205 1.64207 2
      vertex -88.4156 1.57059 2
    endloop
  endfacet
  facet normal 0.321403 -0.946943 0
    outer loop
      vertex -88.205 1.64207 2
      vertex -88.4156 1.57059 0
      vertex -88.205 1.64207 0
    endloop
  endfacet
  facet normal 0.321403 0.946943 -0
    outer loop
      vertex -88.205 -1.64207 0
      vertex -88.4156 -1.57059 2
      vertex -88.205 -1.64207 2
    endloop
  endfacet
  facet normal 0.321403 0.946943 0
    outer loop
      vertex -88.4156 -1.57059 2
      vertex -88.205 -1.64207 0
      vertex -88.4156 -1.57059 0
    endloop
  endfacet
  facet normal -0.321403 0.946943 0
    outer loop
      vertex -87.1144 -1.57059 0
      vertex -87.325 -1.64207 2
      vertex -87.1144 -1.57059 2
    endloop
  endfacet
  facet normal -0.321403 0.946943 0
    outer loop
      vertex -87.325 -1.64207 2
      vertex -87.1144 -1.57059 0
      vertex -87.325 -1.64207 0
    endloop
  endfacet
  facet normal 0.751888 0.659291 -3.69885e-18
    outer loop
      vertex -88.9671 -1.20208 2
      vertex -89.1137 -1.03489 0
      vertex -89.1137 -1.03489 2
    endloop
  endfacet
  facet normal 0.751888 0.659291 -3.69885e-18
    outer loop
      vertex -89.1137 -1.03489 0
      vertex -88.9671 -1.20208 2
      vertex -88.9671 -1.20208 0
    endloop
  endfacet
  facet normal -0.997872 0.0652074 -4.18257e-20
    outer loop
      vertex -86.0795 -0.221894 0
      vertex -86.065 0 2
      vertex -86.065 0 0
    endloop
  endfacet
  facet normal -0.997872 0.0652074 -4.18257e-20
    outer loop
      vertex -86.065 0 2
      vertex -86.0795 -0.221894 0
      vertex -86.0795 -0.221894 2
    endloop
  endfacet
  facet normal 0.442349 0.896843 -0
    outer loop
      vertex -88.4156 -1.57059 0
      vertex -88.615 -1.47224 2
      vertex -88.4156 -1.57059 2
    endloop
  endfacet
  facet normal 0.442349 0.896843 0
    outer loop
      vertex -88.615 -1.47224 2
      vertex -88.4156 -1.57059 0
      vertex -88.615 -1.47224 0
    endloop
  endfacet
  facet normal 0.896787 0.442463 -1.9815e-18
    outer loop
      vertex -89.2372 -0.849999 2
      vertex -89.3356 -0.650561 0
      vertex -89.3356 -0.650561 2
    endloop
  endfacet
  facet normal 0.896787 0.442463 -1.9815e-18
    outer loop
      vertex -89.3356 -0.650561 0
      vertex -89.2372 -0.849999 2
      vertex -89.2372 -0.849999 0
    endloop
  endfacet
  facet normal -0.321403 -0.946943 0
    outer loop
      vertex -87.325 1.64207 0
      vertex -87.1144 1.57059 2
      vertex -87.325 1.64207 2
    endloop
  endfacet
  facet normal -0.321403 -0.946943 -0
    outer loop
      vertex -87.1144 1.57059 2
      vertex -87.325 1.64207 0
      vertex -87.1144 1.57059 0
    endloop
  endfacet
  facet normal 0.659319 0.751863 -0
    outer loop
      vertex -88.7999 -1.3487 0
      vertex -88.9671 -1.20208 2
      vertex -88.7999 -1.3487 2
    endloop
  endfacet
  facet normal 0.659319 0.751863 0
    outer loop
      vertex -88.9671 -1.20208 2
      vertex -88.7999 -1.3487 0
      vertex -88.9671 -1.20208 0
    endloop
  endfacet
  facet normal -0.659319 -0.751863 0
    outer loop
      vertex -86.7301 1.3487 0
      vertex -86.5629 1.20208 2
      vertex -86.7301 1.3487 2
    endloop
  endfacet
  facet normal -0.659319 -0.751863 -0
    outer loop
      vertex -86.5629 1.20208 2
      vertex -86.7301 1.3487 0
      vertex -86.5629 1.20208 0
    endloop
  endfacet
  facet normal 0.946901 -0.321526 1.4336e-18
    outer loop
      vertex -89.4071 0.439992 2
      vertex -89.3356 0.650561 0
      vertex -89.3356 0.650561 2
    endloop
  endfacet
  facet normal 0.946901 -0.321526 1.4336e-18
    outer loop
      vertex -89.3356 0.650561 0
      vertex -89.4071 0.439992 2
      vertex -89.4071 0.439992 0
    endloop
  endfacet
  facet normal -0.896787 0.442463 1.9815e-18
    outer loop
      vertex -86.2928 -0.849999 0
      vertex -86.1944 -0.650561 2
      vertex -86.1944 -0.650561 0
    endloop
  endfacet
  facet normal -0.896787 0.442463 1.9815e-18
    outer loop
      vertex -86.1944 -0.650561 2
      vertex -86.2928 -0.849999 0
      vertex -86.2928 -0.849999 2
    endloop
  endfacet
  facet normal 0.0653848 0.99786 -0
    outer loop
      vertex -87.765 -1.7 0
      vertex -87.9869 -1.68546 2
      vertex -87.765 -1.7 2
    endloop
  endfacet
  facet normal 0.0653848 0.99786 0
    outer loop
      vertex -87.9869 -1.68546 2
      vertex -87.765 -1.7 0
      vertex -87.9869 -1.68546 0
    endloop
  endfacet
  facet normal -0.0653848 -0.99786 0
    outer loop
      vertex -87.765 1.7 0
      vertex -87.5431 1.68546 2
      vertex -87.765 1.7 2
    endloop
  endfacet
  facet normal -0.0653848 -0.99786 -0
    outer loop
      vertex -87.5431 1.68546 2
      vertex -87.765 1.7 0
      vertex -87.5431 1.68546 0
    endloop
  endfacet
  facet normal -0.195122 0.980779 0
    outer loop
      vertex -87.325 -1.64207 0
      vertex -87.5431 -1.68546 2
      vertex -87.325 -1.64207 2
    endloop
  endfacet
  facet normal -0.195122 0.980779 0
    outer loop
      vertex -87.5431 -1.68546 2
      vertex -87.325 -1.64207 0
      vertex -87.5431 -1.68546 0
    endloop
  endfacet
  facet normal 0.831553 0.555445 -2.83613e-18
    outer loop
      vertex -89.1137 -1.03489 2
      vertex -89.2372 -0.849999 0
      vertex -89.2372 -0.849999 2
    endloop
  endfacet
  facet normal 0.831553 0.555445 -2.83613e-18
    outer loop
      vertex -89.2372 -0.849999 0
      vertex -89.1137 -1.03489 2
      vertex -89.1137 -1.03489 0
    endloop
  endfacet
  facet normal -0.555551 -0.831483 0
    outer loop
      vertex -86.915 1.47224 0
      vertex -86.7301 1.3487 2
      vertex -86.915 1.47224 2
    endloop
  endfacet
  facet normal -0.555551 -0.831483 -0
    outer loop
      vertex -86.7301 1.3487 2
      vertex -86.915 1.47224 0
      vertex -86.7301 1.3487 0
    endloop
  endfacet
  facet normal 0.442349 -0.896843 0
    outer loop
      vertex -88.615 1.47224 0
      vertex -88.4156 1.57059 2
      vertex -88.615 1.47224 2
    endloop
  endfacet
  facet normal 0.442349 -0.896843 0
    outer loop
      vertex -88.4156 1.57059 2
      vertex -88.615 1.47224 0
      vertex -88.4156 1.57059 0
    endloop
  endfacet
  facet normal -0.659319 0.751863 0
    outer loop
      vertex -86.5629 -1.20208 0
      vertex -86.7301 -1.3487 2
      vertex -86.5629 -1.20208 2
    endloop
  endfacet
  facet normal -0.659319 0.751863 0
    outer loop
      vertex -86.7301 -1.3487 2
      vertex -86.5629 -1.20208 0
      vertex -86.7301 -1.3487 0
    endloop
  endfacet
  facet normal -0.946901 0.321526 1.4336e-18
    outer loop
      vertex -86.1944 -0.650561 0
      vertex -86.1229 -0.439992 2
      vertex -86.1229 -0.439992 0
    endloop
  endfacet
  facet normal -0.946901 0.321526 1.4336e-18
    outer loop
      vertex -86.1229 -0.439992 2
      vertex -86.1944 -0.650561 0
      vertex -86.1944 -0.650561 2
    endloop
  endfacet
  facet normal -0.195122 -0.980779 0
    outer loop
      vertex -87.5431 1.68546 0
      vertex -87.325 1.64207 2
      vertex -87.5431 1.68546 2
    endloop
  endfacet
  facet normal -0.195122 -0.980779 -0
    outer loop
      vertex -87.325 1.64207 2
      vertex -87.5431 1.68546 0
      vertex -87.325 1.64207 0
    endloop
  endfacet
  facet normal 0.997872 0.0652074 4.18257e-20
    outer loop
      vertex -89.4505 -0.221894 2
      vertex -89.465 0 0
      vertex -89.465 0 2
    endloop
  endfacet
  facet normal 0.997872 0.0652074 4.18257e-20
    outer loop
      vertex -89.465 0 0
      vertex -89.4505 -0.221894 2
      vertex -89.4505 -0.221894 0
    endloop
  endfacet
  facet normal 0.98077 -0.195167 3.96019e-19
    outer loop
      vertex -89.4505 0.221894 2
      vertex -89.4071 0.439992 0
      vertex -89.4071 0.439992 2
    endloop
  endfacet
  facet normal 0.98077 -0.195167 3.96019e-19
    outer loop
      vertex -89.4071 0.439992 0
      vertex -89.4505 0.221894 2
      vertex -89.4505 0.221894 0
    endloop
  endfacet
  facet normal -0.751888 -0.659291 -3.69885e-18
    outer loop
      vertex -86.4163 1.03489 0
      vertex -86.5629 1.20208 2
      vertex -86.5629 1.20208 0
    endloop
  endfacet
  facet normal -0.751888 -0.659291 -3.69885e-18
    outer loop
      vertex -86.5629 1.20208 2
      vertex -86.4163 1.03489 0
      vertex -86.4163 1.03489 2
    endloop
  endfacet
  facet normal -0.946901 -0.321526 -1.4336e-18
    outer loop
      vertex -86.1229 0.439992 0
      vertex -86.1944 0.650561 2
      vertex -86.1944 0.650561 0
    endloop
  endfacet
  facet normal -0.946901 -0.321526 -1.4336e-18
    outer loop
      vertex -86.1944 0.650561 2
      vertex -86.1229 0.439992 0
      vertex -86.1229 0.439992 2
    endloop
  endfacet
  facet normal 0.0653848 -0.99786 0
    outer loop
      vertex -87.9869 1.68546 0
      vertex -87.765 1.7 2
      vertex -87.9869 1.68546 2
    endloop
  endfacet
  facet normal 0.0653848 -0.99786 0
    outer loop
      vertex -87.765 1.7 2
      vertex -87.9869 1.68546 0
      vertex -87.765 1.7 0
    endloop
  endfacet
  facet normal 0.195122 -0.980779 0
    outer loop
      vertex -88.205 1.64207 0
      vertex -87.9869 1.68546 2
      vertex -88.205 1.64207 2
    endloop
  endfacet
  facet normal 0.195122 -0.980779 0
    outer loop
      vertex -87.9869 1.68546 2
      vertex -88.205 1.64207 0
      vertex -87.9869 1.68546 0
    endloop
  endfacet
  facet normal -0.98077 0.195167 3.96019e-19
    outer loop
      vertex -86.1229 -0.439992 0
      vertex -86.0795 -0.221894 2
      vertex -86.0795 -0.221894 0
    endloop
  endfacet
  facet normal -0.98077 0.195167 3.96019e-19
    outer loop
      vertex -86.0795 -0.221894 2
      vertex -86.1229 -0.439992 0
      vertex -86.1229 -0.439992 2
    endloop
  endfacet
  facet normal 0.997872 -0.0652074 -4.18257e-20
    outer loop
      vertex -89.465 0 2
      vertex -89.4505 0.221894 0
      vertex -89.4505 0.221894 2
    endloop
  endfacet
  facet normal 0.997872 -0.0652074 -4.18257e-20
    outer loop
      vertex -89.4505 0.221894 0
      vertex -89.465 0 2
      vertex -89.465 0 0
    endloop
  endfacet
  facet normal 0.946901 0.321526 -1.4336e-18
    outer loop
      vertex -89.3356 -0.650561 2
      vertex -89.4071 -0.439992 0
      vertex -89.4071 -0.439992 2
    endloop
  endfacet
  facet normal 0.946901 0.321526 -1.4336e-18
    outer loop
      vertex -89.4071 -0.439992 0
      vertex -89.3356 -0.650561 2
      vertex -89.3356 -0.650561 0
    endloop
  endfacet
  facet normal 0.98077 0.195167 -3.96019e-19
    outer loop
      vertex -89.4071 -0.439992 2
      vertex -89.4505 -0.221894 0
      vertex -89.4505 -0.221894 2
    endloop
  endfacet
  facet normal 0.98077 0.195167 -3.96019e-19
    outer loop
      vertex -89.4505 -0.221894 0
      vertex -89.4071 -0.439992 2
      vertex -89.4071 -0.439992 0
    endloop
  endfacet
  facet normal -0.442349 0.896843 0
    outer loop
      vertex -86.915 -1.47224 0
      vertex -87.1144 -1.57059 2
      vertex -86.915 -1.47224 2
    endloop
  endfacet
  facet normal -0.442349 0.896843 0
    outer loop
      vertex -87.1144 -1.57059 2
      vertex -86.915 -1.47224 0
      vertex -87.1144 -1.57059 0
    endloop
  endfacet
  facet normal 0.896787 -0.442463 1.9815e-18
    outer loop
      vertex -89.3356 0.650561 2
      vertex -89.2372 0.849999 0
      vertex -89.2372 0.849999 2
    endloop
  endfacet
  facet normal 0.896787 -0.442463 1.9815e-18
    outer loop
      vertex -89.2372 0.849999 0
      vertex -89.3356 0.650561 2
      vertex -89.3356 0.650561 0
    endloop
  endfacet
  facet normal 0.751888 -0.659291 3.69885e-18
    outer loop
      vertex -89.1137 1.03489 2
      vertex -88.9671 1.20208 0
      vertex -88.9671 1.20208 2
    endloop
  endfacet
  facet normal 0.751888 -0.659291 3.69885e-18
    outer loop
      vertex -88.9671 1.20208 0
      vertex -89.1137 1.03489 2
      vertex -89.1137 1.03489 0
    endloop
  endfacet
  facet normal 0.555551 0.831483 -0
    outer loop
      vertex -88.615 -1.47224 0
      vertex -88.7999 -1.3487 2
      vertex -88.615 -1.47224 2
    endloop
  endfacet
  facet normal 0.555551 0.831483 0
    outer loop
      vertex -88.7999 -1.3487 2
      vertex -88.615 -1.47224 0
      vertex -88.7999 -1.3487 0
    endloop
  endfacet
  facet normal -0.896843 -0.442349 2.43483e-18
    outer loop
      vertex 1.57059 56.9506 0
      vertex 1.47224 57.15 2
      vertex 1.47224 57.15 0
    endloop
  endfacet
  facet normal -0.896843 -0.442349 2.43483e-18
    outer loop
      vertex 1.47224 57.15 2
      vertex 1.57059 56.9506 0
      vertex 1.57059 56.9506 2
    endloop
  endfacet
  facet normal -0.980779 -0.195122 6.22108e-19
    outer loop
      vertex 1.68546 56.5219 0
      vertex 1.64207 56.74 2
      vertex 1.64207 56.74 0
    endloop
  endfacet
  facet normal -0.980779 -0.195122 6.22108e-19
    outer loop
      vertex 1.64207 56.74 2
      vertex 1.68546 56.5219 0
      vertex 1.68546 56.5219 2
    endloop
  endfacet
  facet normal -0.99786 -0.0653848 -1.32717e-19
    outer loop
      vertex 1.7 56.3 0
      vertex 1.68546 56.5219 2
      vertex 1.68546 56.5219 0
    endloop
  endfacet
  facet normal -0.99786 -0.0653848 -1.32717e-19
    outer loop
      vertex 1.68546 56.5219 2
      vertex 1.7 56.3 0
      vertex 1.7 56.3 2
    endloop
  endfacet
  facet normal -0.946943 -0.321403 1.65073e-18
    outer loop
      vertex 1.64207 56.74 0
      vertex 1.57059 56.9506 2
      vertex 1.57059 56.9506 0
    endloop
  endfacet
  facet normal -0.946943 -0.321403 1.65073e-18
    outer loop
      vertex 1.57059 56.9506 2
      vertex 1.64207 56.74 0
      vertex 1.64207 56.74 2
    endloop
  endfacet
  facet normal -0.442463 -0.896787 0
    outer loop
      vertex 0.650561 57.8706 0
      vertex 0.849999 57.7722 2
      vertex 0.650561 57.8706 2
    endloop
  endfacet
  facet normal -0.442463 -0.896787 -0
    outer loop
      vertex 0.849999 57.7722 2
      vertex 0.650561 57.8706 0
      vertex 0.849999 57.7722 0
    endloop
  endfacet
  facet normal 0.195167 -0.98077 0
    outer loop
      vertex -0.439992 57.9421 0
      vertex -0.221894 57.9855 2
      vertex -0.439992 57.9421 2
    endloop
  endfacet
  facet normal 0.195167 -0.98077 0
    outer loop
      vertex -0.221894 57.9855 2
      vertex -0.439992 57.9421 0
      vertex -0.221894 57.9855 0
    endloop
  endfacet
  facet normal -0.751863 -0.659319 -1.06067e-19
    outer loop
      vertex 1.3487 57.3349 0
      vertex 1.20208 57.5021 2
      vertex 1.20208 57.5021 0
    endloop
  endfacet
  facet normal -0.751863 -0.659319 -1.06067e-19
    outer loop
      vertex 1.20208 57.5021 2
      vertex 1.3487 57.3349 0
      vertex 1.3487 57.3349 2
    endloop
  endfacet
  facet normal 0.99786 0.0653848 8.50836e-20
    outer loop
      vertex -1.68546 56.0781 2
      vertex -1.7 56.3 0
      vertex -1.7 56.3 2
    endloop
  endfacet
  facet normal 0.99786 0.0653848 8.50836e-20
    outer loop
      vertex -1.7 56.3 0
      vertex -1.68546 56.0781 2
      vertex -1.68546 56.0781 0
    endloop
  endfacet
  facet normal -0.896843 0.442349 -2.43483e-18
    outer loop
      vertex 1.47224 55.45 0
      vertex 1.57059 55.6494 2
      vertex 1.57059 55.6494 0
    endloop
  endfacet
  facet normal -0.896843 0.442349 -2.43483e-18
    outer loop
      vertex 1.57059 55.6494 2
      vertex 1.47224 55.45 0
      vertex 1.47224 55.45 2
    endloop
  endfacet
  facet normal -0.751863 0.659319 -2.06065e-18
    outer loop
      vertex 1.20208 55.0979 0
      vertex 1.3487 55.2651 2
      vertex 1.3487 55.2651 0
    endloop
  endfacet
  facet normal -0.751863 0.659319 -2.06065e-18
    outer loop
      vertex 1.3487 55.2651 2
      vertex 1.20208 55.0979 0
      vertex 1.20208 55.0979 2
    endloop
  endfacet
  facet normal -0.321526 0.946901 0
    outer loop
      vertex 0.650561 54.7294 0
      vertex 0.439992 54.6579 2
      vertex 0.650561 54.7294 2
    endloop
  endfacet
  facet normal -0.321526 0.946901 0
    outer loop
      vertex 0.439992 54.6579 2
      vertex 0.650561 54.7294 0
      vertex 0.439992 54.6579 0
    endloop
  endfacet
  facet normal 0.980779 -0.195122 -6.22108e-19
    outer loop
      vertex -1.68546 56.5219 2
      vertex -1.64207 56.74 0
      vertex -1.64207 56.74 2
    endloop
  endfacet
  facet normal 0.980779 -0.195122 -6.22108e-19
    outer loop
      vertex -1.64207 56.74 0
      vertex -1.68546 56.5219 2
      vertex -1.68546 56.5219 0
    endloop
  endfacet
  facet normal -0.831483 0.555551 2.81192e-18
    outer loop
      vertex 1.3487 55.2651 0
      vertex 1.47224 55.45 2
      vertex 1.47224 55.45 0
    endloop
  endfacet
  facet normal -0.831483 0.555551 2.81192e-18
    outer loop
      vertex 1.47224 55.45 2
      vertex 1.3487 55.2651 0
      vertex 1.3487 55.2651 2
    endloop
  endfacet
  facet normal -0.99786 0.0653848 -8.50836e-20
    outer loop
      vertex 1.68546 56.0781 0
      vertex 1.7 56.3 2
      vertex 1.7 56.3 0
    endloop
  endfacet
  facet normal -0.99786 0.0653848 -8.50836e-20
    outer loop
      vertex 1.7 56.3 2
      vertex 1.68546 56.0781 0
      vertex 1.68546 56.0781 2
    endloop
  endfacet
  facet normal -0.980779 0.195122 -6.22108e-19
    outer loop
      vertex 1.64207 55.86 0
      vertex 1.68546 56.0781 2
      vertex 1.68546 56.0781 0
    endloop
  endfacet
  facet normal -0.980779 0.195122 -6.22108e-19
    outer loop
      vertex 1.68546 56.0781 2
      vertex 1.64207 55.86 0
      vertex 1.64207 55.86 2
    endloop
  endfacet
  facet normal -0.946943 0.321403 -1.65073e-18
    outer loop
      vertex 1.57059 55.6494 0
      vertex 1.64207 55.86 2
      vertex 1.64207 55.86 0
    endloop
  endfacet
  facet normal -0.946943 0.321403 -1.65073e-18
    outer loop
      vertex 1.64207 55.86 2
      vertex 1.57059 55.6494 0
      vertex 1.57059 55.6494 2
    endloop
  endfacet
  facet normal 0.0652074 0.997872 -0
    outer loop
      vertex 0 54.6 0
      vertex -0.221894 54.6145 2
      vertex 0 54.6 2
    endloop
  endfacet
  facet normal 0.0652074 0.997872 0
    outer loop
      vertex -0.221894 54.6145 2
      vertex 0 54.6 0
      vertex -0.221894 54.6145 0
    endloop
  endfacet
  facet normal 0.751863 -0.659319 1.06067e-19
    outer loop
      vertex -1.3487 57.3349 2
      vertex -1.20208 57.5021 0
      vertex -1.20208 57.5021 2
    endloop
  endfacet
  facet normal 0.751863 -0.659319 1.06067e-19
    outer loop
      vertex -1.20208 57.5021 0
      vertex -1.3487 57.3349 2
      vertex -1.3487 57.3349 0
    endloop
  endfacet
  facet normal 0.831483 -0.555551 2.73454e-18
    outer loop
      vertex -1.47224 57.15 2
      vertex -1.3487 57.3349 0
      vertex -1.3487 57.3349 2
    endloop
  endfacet
  facet normal 0.831483 -0.555551 2.73454e-18
    outer loop
      vertex -1.3487 57.3349 0
      vertex -1.47224 57.15 2
      vertex -1.47224 57.15 0
    endloop
  endfacet
  facet normal 0.946943 0.321403 1.65073e-18
    outer loop
      vertex -1.57059 55.6494 2
      vertex -1.64207 55.86 0
      vertex -1.64207 55.86 2
    endloop
  endfacet
  facet normal 0.946943 0.321403 1.65073e-18
    outer loop
      vertex -1.64207 55.86 0
      vertex -1.57059 55.6494 2
      vertex -1.57059 55.6494 0
    endloop
  endfacet
  facet normal 0.896843 0.442349 2.43483e-18
    outer loop
      vertex -1.47224 55.45 2
      vertex -1.57059 55.6494 0
      vertex -1.57059 55.6494 2
    endloop
  endfacet
  facet normal 0.896843 0.442349 2.43483e-18
    outer loop
      vertex -1.57059 55.6494 0
      vertex -1.47224 55.45 2
      vertex -1.47224 55.45 0
    endloop
  endfacet
  facet normal -0.831483 -0.555551 -2.73454e-18
    outer loop
      vertex 1.47224 57.15 0
      vertex 1.3487 57.3349 2
      vertex 1.3487 57.3349 0
    endloop
  endfacet
  facet normal -0.831483 -0.555551 -2.73454e-18
    outer loop
      vertex 1.3487 57.3349 2
      vertex 1.47224 57.15 0
      vertex 1.47224 57.15 2
    endloop
  endfacet
  facet normal -0.555445 -0.831553 0
    outer loop
      vertex 0.849999 57.7722 0
      vertex 1.03489 57.6487 2
      vertex 0.849999 57.7722 2
    endloop
  endfacet
  facet normal -0.555445 -0.831553 -0
    outer loop
      vertex 1.03489 57.6487 2
      vertex 0.849999 57.7722 0
      vertex 1.03489 57.6487 0
    endloop
  endfacet
  facet normal 0.659291 -0.751888 0
    outer loop
      vertex -1.20208 57.5021 0
      vertex -1.03489 57.6487 2
      vertex -1.20208 57.5021 2
    endloop
  endfacet
  facet normal 0.659291 -0.751888 0
    outer loop
      vertex -1.03489 57.6487 2
      vertex -1.20208 57.5021 0
      vertex -1.03489 57.6487 0
    endloop
  endfacet
  facet normal -0.195167 0.98077 0
    outer loop
      vertex 0.439992 54.6579 0
      vertex 0.221894 54.6145 2
      vertex 0.439992 54.6579 2
    endloop
  endfacet
  facet normal -0.195167 0.98077 0
    outer loop
      vertex 0.221894 54.6145 2
      vertex 0.439992 54.6579 0
      vertex 0.221894 54.6145 0
    endloop
  endfacet
  facet normal 0.896843 -0.442349 -2.43483e-18
    outer loop
      vertex -1.57059 56.9506 2
      vertex -1.47224 57.15 0
      vertex -1.47224 57.15 2
    endloop
  endfacet
  facet normal 0.896843 -0.442349 -2.43483e-18
    outer loop
      vertex -1.47224 57.15 0
      vertex -1.57059 56.9506 2
      vertex -1.57059 56.9506 0
    endloop
  endfacet
  facet normal -0.659291 -0.751888 0
    outer loop
      vertex 1.03489 57.6487 0
      vertex 1.20208 57.5021 2
      vertex 1.03489 57.6487 2
    endloop
  endfacet
  facet normal -0.659291 -0.751888 -0
    outer loop
      vertex 1.20208 57.5021 2
      vertex 1.03489 57.6487 0
      vertex 1.20208 57.5021 0
    endloop
  endfacet
  facet normal 0.555445 -0.831553 0
    outer loop
      vertex -1.03489 57.6487 0
      vertex -0.849999 57.7722 2
      vertex -1.03489 57.6487 2
    endloop
  endfacet
  facet normal 0.555445 -0.831553 0
    outer loop
      vertex -0.849999 57.7722 2
      vertex -1.03489 57.6487 0
      vertex -0.849999 57.7722 0
    endloop
  endfacet
  facet normal -0.321526 -0.946901 0
    outer loop
      vertex 0.439992 57.9421 0
      vertex 0.650561 57.8706 2
      vertex 0.439992 57.9421 2
    endloop
  endfacet
  facet normal -0.321526 -0.946901 -0
    outer loop
      vertex 0.650561 57.8706 2
      vertex 0.439992 57.9421 0
      vertex 0.650561 57.8706 0
    endloop
  endfacet
  facet normal 0.321526 -0.946901 0
    outer loop
      vertex -0.650561 57.8706 0
      vertex -0.439992 57.9421 2
      vertex -0.650561 57.8706 2
    endloop
  endfacet
  facet normal 0.321526 -0.946901 0
    outer loop
      vertex -0.439992 57.9421 2
      vertex -0.650561 57.8706 0
      vertex -0.439992 57.9421 0
    endloop
  endfacet
  facet normal -0.555445 0.831553 0
    outer loop
      vertex 1.03489 54.9513 0
      vertex 0.849999 54.8278 2
      vertex 1.03489 54.9513 2
    endloop
  endfacet
  facet normal -0.555445 0.831553 0
    outer loop
      vertex 0.849999 54.8278 2
      vertex 1.03489 54.9513 0
      vertex 0.849999 54.8278 0
    endloop
  endfacet
  facet normal 0.980779 0.195122 6.22108e-19
    outer loop
      vertex -1.64207 55.86 2
      vertex -1.68546 56.0781 0
      vertex -1.68546 56.0781 2
    endloop
  endfacet
  facet normal 0.980779 0.195122 6.22108e-19
    outer loop
      vertex -1.68546 56.0781 0
      vertex -1.64207 55.86 2
      vertex -1.64207 55.86 0
    endloop
  endfacet
  facet normal -0.195167 -0.98077 0
    outer loop
      vertex 0.221894 57.9855 0
      vertex 0.439992 57.9421 2
      vertex 0.221894 57.9855 2
    endloop
  endfacet
  facet normal -0.195167 -0.98077 -0
    outer loop
      vertex 0.439992 57.9421 2
      vertex 0.221894 57.9855 0
      vertex 0.439992 57.9421 0
    endloop
  endfacet
  facet normal 0.751863 0.659319 2.06065e-18
    outer loop
      vertex -1.20208 55.0979 2
      vertex -1.3487 55.2651 0
      vertex -1.3487 55.2651 2
    endloop
  endfacet
  facet normal 0.751863 0.659319 2.06065e-18
    outer loop
      vertex -1.3487 55.2651 0
      vertex -1.20208 55.0979 2
      vertex -1.20208 55.0979 0
    endloop
  endfacet
  facet normal -0.442463 0.896787 0
    outer loop
      vertex 0.849999 54.8278 0
      vertex 0.650561 54.7294 2
      vertex 0.849999 54.8278 2
    endloop
  endfacet
  facet normal -0.442463 0.896787 0
    outer loop
      vertex 0.650561 54.7294 2
      vertex 0.849999 54.8278 0
      vertex 0.650561 54.7294 0
    endloop
  endfacet
  facet normal 0.946943 -0.321403 -1.65073e-18
    outer loop
      vertex -1.64207 56.74 2
      vertex -1.57059 56.9506 0
      vertex -1.57059 56.9506 2
    endloop
  endfacet
  facet normal 0.946943 -0.321403 -1.65073e-18
    outer loop
      vertex -1.57059 56.9506 0
      vertex -1.64207 56.74 2
      vertex -1.64207 56.74 0
    endloop
  endfacet
  facet normal 0.321526 0.946901 -0
    outer loop
      vertex -0.439992 54.6579 0
      vertex -0.650561 54.7294 2
      vertex -0.439992 54.6579 2
    endloop
  endfacet
  facet normal 0.321526 0.946901 0
    outer loop
      vertex -0.650561 54.7294 2
      vertex -0.439992 54.6579 0
      vertex -0.650561 54.7294 0
    endloop
  endfacet
  facet normal 0.831483 0.555551 -2.81192e-18
    outer loop
      vertex -1.3487 55.2651 2
      vertex -1.47224 55.45 0
      vertex -1.47224 55.45 2
    endloop
  endfacet
  facet normal 0.831483 0.555551 -2.81192e-18
    outer loop
      vertex -1.47224 55.45 0
      vertex -1.3487 55.2651 2
      vertex -1.3487 55.2651 0
    endloop
  endfacet
  facet normal 0.659291 0.751888 -0
    outer loop
      vertex -1.03489 54.9513 0
      vertex -1.20208 55.0979 2
      vertex -1.03489 54.9513 2
    endloop
  endfacet
  facet normal 0.659291 0.751888 0
    outer loop
      vertex -1.20208 55.0979 2
      vertex -1.03489 54.9513 0
      vertex -1.20208 55.0979 0
    endloop
  endfacet
  facet normal 0.555445 0.831553 -0
    outer loop
      vertex -0.849999 54.8278 0
      vertex -1.03489 54.9513 2
      vertex -0.849999 54.8278 2
    endloop
  endfacet
  facet normal 0.555445 0.831553 0
    outer loop
      vertex -1.03489 54.9513 2
      vertex -0.849999 54.8278 0
      vertex -1.03489 54.9513 0
    endloop
  endfacet
  facet normal 0.0652074 -0.997872 0
    outer loop
      vertex -0.221894 57.9855 0
      vertex 0 58 2
      vertex -0.221894 57.9855 2
    endloop
  endfacet
  facet normal 0.0652074 -0.997872 0
    outer loop
      vertex 0 58 2
      vertex -0.221894 57.9855 0
      vertex 0 58 0
    endloop
  endfacet
  facet normal -0.0652074 -0.997872 0
    outer loop
      vertex 0 58 0
      vertex 0.221894 57.9855 2
      vertex 0 58 2
    endloop
  endfacet
  facet normal -0.0652074 -0.997872 -0
    outer loop
      vertex 0.221894 57.9855 2
      vertex 0 58 0
      vertex 0.221894 57.9855 0
    endloop
  endfacet
  facet normal -0.0652074 0.997872 0
    outer loop
      vertex 0.221894 54.6145 0
      vertex 0 54.6 2
      vertex 0.221894 54.6145 2
    endloop
  endfacet
  facet normal -0.0652074 0.997872 0
    outer loop
      vertex 0 54.6 2
      vertex 0.221894 54.6145 0
      vertex 0 54.6 0
    endloop
  endfacet
  facet normal -0.659291 0.751888 0
    outer loop
      vertex 1.20208 55.0979 0
      vertex 1.03489 54.9513 2
      vertex 1.20208 55.0979 2
    endloop
  endfacet
  facet normal -0.659291 0.751888 0
    outer loop
      vertex 1.03489 54.9513 2
      vertex 1.20208 55.0979 0
      vertex 1.03489 54.9513 0
    endloop
  endfacet
  facet normal 0.99786 -0.0653848 1.32717e-19
    outer loop
      vertex -1.7 56.3 2
      vertex -1.68546 56.5219 0
      vertex -1.68546 56.5219 2
    endloop
  endfacet
  facet normal 0.99786 -0.0653848 1.32717e-19
    outer loop
      vertex -1.68546 56.5219 0
      vertex -1.7 56.3 2
      vertex -1.7 56.3 0
    endloop
  endfacet
  facet normal 0.442463 -0.896787 0
    outer loop
      vertex -0.849999 57.7722 0
      vertex -0.650561 57.8706 2
      vertex -0.849999 57.7722 2
    endloop
  endfacet
  facet normal 0.442463 -0.896787 0
    outer loop
      vertex -0.650561 57.8706 2
      vertex -0.849999 57.7722 0
      vertex -0.650561 57.8706 0
    endloop
  endfacet
  facet normal 0.195167 0.98077 -0
    outer loop
      vertex -0.221894 54.6145 0
      vertex -0.439992 54.6579 2
      vertex -0.221894 54.6145 2
    endloop
  endfacet
  facet normal 0.195167 0.98077 0
    outer loop
      vertex -0.439992 54.6579 2
      vertex -0.221894 54.6145 0
      vertex -0.439992 54.6579 0
    endloop
  endfacet
  facet normal 0.442463 0.896787 -0
    outer loop
      vertex -0.650561 54.7294 0
      vertex -0.849999 54.8278 2
      vertex -0.650561 54.7294 2
    endloop
  endfacet
  facet normal 0.442463 0.896787 0
    outer loop
      vertex -0.849999 54.8278 2
      vertex -0.650561 54.7294 0
      vertex -0.849999 54.8278 0
    endloop
  endfacet
  facet normal -0.0653771 0.997861 0
    outer loop
      vertex 72.711 -41.9829 0
      vertex 72.45 -42 3.3
      vertex 72.711 -41.9829 3.3
    endloop
  endfacet
  facet normal -0.0653771 0.997861 0
    outer loop
      vertex 72.45 -42 3.3
      vertex 72.711 -41.9829 0
      vertex 72.45 -42 0
    endloop
  endfacet
  facet normal 1 -0 0
    outer loop
      vertex -74.45 -40 3.3
      vertex -74.45 40 0
      vertex -74.45 40 3.3
    endloop
  endfacet
  facet normal 1 0 0
    outer loop
      vertex -74.45 40 0
      vertex -74.45 -40 3.3
      vertex -74.45 -40 0
    endloop
  endfacet
  facet normal -0.997861 -0.0653771 -2.47346e-20
    outer loop
      vertex 74.45 40 0
      vertex 74.4329 40.261 3.3
      vertex 74.4329 40.261 0
    endloop
  endfacet
  facet normal -0.997861 -0.0653771 -2.47346e-20
    outer loop
      vertex 74.4329 40.261 3.3
      vertex 74.45 40 0
      vertex 74.45 40 3.3
    endloop
  endfacet
  facet normal 0.0653771 0.997861 -0
    outer loop
      vertex -72.45 -42 0
      vertex -72.711 -41.9829 3.3
      vertex -72.45 -42 3.3
    endloop
  endfacet
  facet normal 0.0653771 0.997861 0
    outer loop
      vertex -72.711 -41.9829 3.3
      vertex -72.45 -42 0
      vertex -72.711 -41.9829 0
    endloop
  endfacet
  facet normal 0.997861 -0.0653771 2.47346e-20
    outer loop
      vertex -74.45 40 3.3
      vertex -74.4329 40.261 0
      vertex -74.4329 40.261 3.3
    endloop
  endfacet
  facet normal 0.997861 -0.0653771 2.47346e-20
    outer loop
      vertex -74.4329 40.261 0
      vertex -74.45 40 3.3
      vertex -74.45 40 0
    endloop
  endfacet
  facet normal 0.751842 0.659343 -3.26576e-18
    outer loop
      vertex -73.8642 -41.4142 3.3
      vertex -74.0367 -41.2175 0
      vertex -74.0367 -41.2175 3.3
    endloop
  endfacet
  facet normal 0.751842 0.659343 -3.26576e-18
    outer loop
      vertex -74.0367 -41.2175 0
      vertex -73.8642 -41.4142 3.3
      vertex -73.8642 -41.4142 0
    endloop
  endfacet
  facet normal 0.94695 -0.321382 8.79362e-19
    outer loop
      vertex -74.3819 40.5176 3.3
      vertex -74.2978 40.7654 0
      vertex -74.2978 40.7654 3.3
    endloop
  endfacet
  facet normal 0.94695 -0.321382 8.79362e-19
    outer loop
      vertex -74.2978 40.7654 0
      vertex -74.3819 40.5176 3.3
      vertex -74.3819 40.5176 0
    endloop
  endfacet
  facet normal -0.751842 0.659343 3.26576e-18
    outer loop
      vertex 73.8642 -41.4142 0
      vertex 74.0367 -41.2175 3.3
      vertex 74.0367 -41.2175 0
    endloop
  endfacet
  facet normal -0.751842 0.659343 3.26576e-18
    outer loop
      vertex 74.0367 -41.2175 3.3
      vertex 73.8642 -41.4142 0
      vertex 73.8642 -41.4142 3.3
    endloop
  endfacet
  facet normal 0 1 -0
    outer loop
      vertex -18 -42 0
      vertex -72.45 -42 3.3
      vertex -18 -42 3.3
    endloop
  endfacet
  facet normal 0 1 0
    outer loop
      vertex -72.45 -42 3.3
      vertex -18 -42 0
      vertex -72.45 -42 0
    endloop
  endfacet
  facet normal 0 1 -0
    outer loop
      vertex 72.45 -42 0
      vertex 18 -42 3.3
      vertex 72.45 -42 3.3
    endloop
  endfacet
  facet normal 0 1 0
    outer loop
      vertex 18 -42 3.3
      vertex 72.45 -42 0
      vertex 18 -42 0
    endloop
  endfacet
  facet normal 0.442314 -0.89686 0
    outer loop
      vertex -73.45 41.7321 0
      vertex -73.2154 41.8478 3.3
      vertex -73.45 41.7321 3.3
    endloop
  endfacet
  facet normal 0.442314 -0.89686 0
    outer loop
      vertex -73.2154 41.8478 3.3
      vertex -73.45 41.7321 0
      vertex -73.2154 41.8478 0
    endloop
  endfacet
  facet normal 0.831344 0.555758 -2.75138e-18
    outer loop
      vertex -74.0367 -41.2175 3.3
      vertex -74.1821 -41 0
      vertex -74.1821 -41 3.3
    endloop
  endfacet
  facet normal 0.831344 0.555758 -2.75138e-18
    outer loop
      vertex -74.1821 -41 0
      vertex -74.0367 -41.2175 3.3
      vertex -74.0367 -41.2175 0
    endloop
  endfacet
  facet normal -0.980815 -0.19494 -5.48821e-19
    outer loop
      vertex 74.4329 40.261 0
      vertex 74.3819 40.5176 3.3
      vertex 74.3819 40.5176 0
    endloop
  endfacet
  facet normal -0.980815 -0.19494 -5.48821e-19
    outer loop
      vertex 74.3819 40.5176 3.3
      vertex 74.4329 40.261 0
      vertex 74.4329 40.261 3.3
    endloop
  endfacet
  facet normal 0 -1 0
    outer loop
      vertex -72.45 42 0
      vertex 72.45 42 3.3
      vertex -72.45 42 3.3
    endloop
  endfacet
  facet normal 0 -1 -0
    outer loop
      vertex 72.45 42 3.3
      vertex -72.45 42 0
      vertex 72.45 42 0
    endloop
  endfacet
  facet normal 0.19494 0.980815 -0
    outer loop
      vertex -72.711 -41.9829 0
      vertex -72.9676 -41.9319 3.3
      vertex -72.711 -41.9829 3.3
    endloop
  endfacet
  facet normal 0.19494 0.980815 0
    outer loop
      vertex -72.9676 -41.9319 3.3
      vertex -72.711 -41.9829 0
      vertex -72.9676 -41.9319 0
    endloop
  endfacet
  facet normal -0.0653771 -0.997861 0
    outer loop
      vertex 72.45 42 0
      vertex 72.711 41.9829 3.3
      vertex 72.45 42 3.3
    endloop
  endfacet
  facet normal -0.0653771 -0.997861 -0
    outer loop
      vertex 72.711 41.9829 3.3
      vertex 72.45 42 0
      vertex 72.711 41.9829 0
    endloop
  endfacet
  facet normal 0.19494 -0.980815 0
    outer loop
      vertex -72.9676 41.9319 0
      vertex -72.711 41.9829 3.3
      vertex -72.9676 41.9319 3.3
    endloop
  endfacet
  facet normal 0.19494 -0.980815 0
    outer loop
      vertex -72.711 41.9829 3.3
      vertex -72.9676 41.9319 0
      vertex -72.711 41.9829 0
    endloop
  endfacet
  facet normal -0.19494 -0.980815 0
    outer loop
      vertex 72.711 41.9829 0
      vertex 72.9676 41.9319 3.3
      vertex 72.711 41.9829 3.3
    endloop
  endfacet
  facet normal -0.19494 -0.980815 -0
    outer loop
      vertex 72.9676 41.9319 3.3
      vertex 72.711 41.9829 0
      vertex 72.9676 41.9319 0
    endloop
  endfacet
  facet normal 0.442314 0.89686 -0
    outer loop
      vertex -73.2154 -41.8478 0
      vertex -73.45 -41.7321 3.3
      vertex -73.2154 -41.8478 3.3
    endloop
  endfacet
  facet normal 0.442314 0.89686 0
    outer loop
      vertex -73.45 -41.7321 3.3
      vertex -73.2154 -41.8478 0
      vertex -73.45 -41.7321 0
    endloop
  endfacet
  facet normal 0.0653771 -0.997861 0
    outer loop
      vertex -72.711 41.9829 0
      vertex -72.45 42 3.3
      vertex -72.711 41.9829 3.3
    endloop
  endfacet
  facet normal 0.0653771 -0.997861 0
    outer loop
      vertex -72.45 42 3.3
      vertex -72.711 41.9829 0
      vertex -72.45 42 0
    endloop
  endfacet
  facet normal 0.980815 -0.19494 5.48821e-19
    outer loop
      vertex -74.4329 40.261 3.3
      vertex -74.3819 40.5176 0
      vertex -74.3819 40.5176 3.3
    endloop
  endfacet
  facet normal 0.980815 -0.19494 5.48821e-19
    outer loop
      vertex -74.3819 40.5176 0
      vertex -74.4329 40.261 3.3
      vertex -74.4329 40.261 0
    endloop
  endfacet
  facet normal -0.321382 -0.94695 0
    outer loop
      vertex 72.9676 41.9319 0
      vertex 73.2154 41.8478 3.3
      vertex 72.9676 41.9319 3.3
    endloop
  endfacet
  facet normal -0.321382 -0.94695 -0
    outer loop
      vertex 73.2154 41.8478 3.3
      vertex 72.9676 41.9319 0
      vertex 73.2154 41.8478 0
    endloop
  endfacet
  facet normal -0.659343 -0.751842 0
    outer loop
      vertex 73.6675 41.5867 0
      vertex 73.8642 41.4142 3.3
      vertex 73.6675 41.5867 3.3
    endloop
  endfacet
  facet normal -0.659343 -0.751842 -0
    outer loop
      vertex 73.8642 41.4142 3.3
      vertex 73.6675 41.5867 0
      vertex 73.8642 41.4142 0
    endloop
  endfacet
  facet normal -0.442314 -0.89686 0
    outer loop
      vertex 73.2154 41.8478 0
      vertex 73.45 41.7321 3.3
      vertex 73.2154 41.8478 3.3
    endloop
  endfacet
  facet normal -0.442314 -0.89686 -0
    outer loop
      vertex 73.45 41.7321 3.3
      vertex 73.2154 41.8478 0
      vertex 73.45 41.7321 0
    endloop
  endfacet
  facet normal 0.321382 0.94695 -0
    outer loop
      vertex -72.9676 -41.9319 0
      vertex -73.2154 -41.8478 3.3
      vertex -72.9676 -41.9319 3.3
    endloop
  endfacet
  facet normal 0.321382 0.94695 0
    outer loop
      vertex -73.2154 -41.8478 3.3
      vertex -72.9676 -41.9319 0
      vertex -73.2154 -41.8478 0
    endloop
  endfacet
  facet normal 0.997861 0.0653771 -2.47346e-20
    outer loop
      vertex -74.4329 -40.261 3.3
      vertex -74.45 -40 0
      vertex -74.45 -40 3.3
    endloop
  endfacet
  facet normal 0.997861 0.0653771 -2.47346e-20
    outer loop
      vertex -74.45 -40 0
      vertex -74.4329 -40.261 3.3
      vertex -74.4329 -40.261 0
    endloop
  endfacet
  facet normal -0.555758 -0.831344 0
    outer loop
      vertex 73.45 41.7321 0
      vertex 73.6675 41.5867 3.3
      vertex 73.45 41.7321 3.3
    endloop
  endfacet
  facet normal -0.555758 -0.831344 -0
    outer loop
      vertex 73.6675 41.5867 3.3
      vertex 73.45 41.7321 0
      vertex 73.6675 41.5867 0
    endloop
  endfacet
  facet normal 0.659343 -0.751842 0
    outer loop
      vertex -73.8642 41.4142 0
      vertex -73.6675 41.5867 3.3
      vertex -73.8642 41.4142 3.3
    endloop
  endfacet
  facet normal 0.659343 -0.751842 0
    outer loop
      vertex -73.6675 41.5867 3.3
      vertex -73.8642 41.4142 0
      vertex -73.6675 41.5867 0
    endloop
  endfacet
  facet normal 0.980815 0.19494 -5.48821e-19
    outer loop
      vertex -74.3819 -40.5176 3.3
      vertex -74.4329 -40.261 0
      vertex -74.4329 -40.261 3.3
    endloop
  endfacet
  facet normal 0.980815 0.19494 -5.48821e-19
    outer loop
      vertex -74.4329 -40.261 0
      vertex -74.3819 -40.5176 3.3
      vertex -74.3819 -40.5176 0
    endloop
  endfacet
  facet normal -0.831344 -0.555758 -2.75138e-18
    outer loop
      vertex 74.1821 41 0
      vertex 74.0367 41.2175 3.3
      vertex 74.0367 41.2175 0
    endloop
  endfacet
  facet normal -0.831344 -0.555758 -2.75138e-18
    outer loop
      vertex 74.0367 41.2175 3.3
      vertex 74.1821 41 0
      vertex 74.1821 41 3.3
    endloop
  endfacet
  facet normal -0.831344 0.555758 2.75138e-18
    outer loop
      vertex 74.0367 -41.2175 0
      vertex 74.1821 -41 3.3
      vertex 74.1821 -41 0
    endloop
  endfacet
  facet normal -0.831344 0.555758 2.75138e-18
    outer loop
      vertex 74.1821 -41 3.3
      vertex 74.0367 -41.2175 0
      vertex 74.0367 -41.2175 3.3
    endloop
  endfacet
  facet normal 0.89686 0.442314 4.01826e-19
    outer loop
      vertex -74.1821 -41 3.3
      vertex -74.2978 -40.7654 0
      vertex -74.2978 -40.7654 3.3
    endloop
  endfacet
  facet normal 0.89686 0.442314 4.01826e-19
    outer loop
      vertex -74.2978 -40.7654 0
      vertex -74.1821 -41 3.3
      vertex -74.1821 -41 0
    endloop
  endfacet
  facet normal -1 0 0
    outer loop
      vertex 74.45 -40 0
      vertex 74.45 40 3.3
      vertex 74.45 40 0
    endloop
  endfacet
  facet normal -1 -0 0
    outer loop
      vertex 74.45 40 3.3
      vertex 74.45 -40 0
      vertex 74.45 -40 3.3
    endloop
  endfacet
  facet normal -0.997861 0.0653771 2.47346e-20
    outer loop
      vertex 74.4329 -40.261 0
      vertex 74.45 -40 3.3
      vertex 74.45 -40 0
    endloop
  endfacet
  facet normal -0.997861 0.0653771 2.47346e-20
    outer loop
      vertex 74.45 -40 3.3
      vertex 74.4329 -40.261 0
      vertex 74.4329 -40.261 3.3
    endloop
  endfacet
  facet normal 0.555758 -0.831344 0
    outer loop
      vertex -73.6675 41.5867 0
      vertex -73.45 41.7321 3.3
      vertex -73.6675 41.5867 3.3
    endloop
  endfacet
  facet normal 0.555758 -0.831344 0
    outer loop
      vertex -73.45 41.7321 3.3
      vertex -73.6675 41.5867 0
      vertex -73.45 41.7321 0
    endloop
  endfacet
  facet normal 0.831344 -0.555758 2.75138e-18
    outer loop
      vertex -74.1821 41 3.3
      vertex -74.0367 41.2175 0
      vertex -74.0367 41.2175 3.3
    endloop
  endfacet
  facet normal 0.831344 -0.555758 2.75138e-18
    outer loop
      vertex -74.0367 41.2175 0
      vertex -74.1821 41 3.3
      vertex -74.1821 41 0
    endloop
  endfacet
  facet normal -0.321382 0.94695 0
    outer loop
      vertex 73.2154 -41.8478 0
      vertex 72.9676 -41.9319 3.3
      vertex 73.2154 -41.8478 3.3
    endloop
  endfacet
  facet normal -0.321382 0.94695 0
    outer loop
      vertex 72.9676 -41.9319 3.3
      vertex 73.2154 -41.8478 0
      vertex 72.9676 -41.9319 0
    endloop
  endfacet
  facet normal -0.980815 0.19494 5.48821e-19
    outer loop
      vertex 74.3819 -40.5176 0
      vertex 74.4329 -40.261 3.3
      vertex 74.4329 -40.261 0
    endloop
  endfacet
  facet normal -0.980815 0.19494 5.48821e-19
    outer loop
      vertex 74.4329 -40.261 3.3
      vertex 74.3819 -40.5176 0
      vertex 74.3819 -40.5176 3.3
    endloop
  endfacet
  facet normal 0.659343 0.751842 -0
    outer loop
      vertex -73.6675 -41.5867 0
      vertex -73.8642 -41.4142 3.3
      vertex -73.6675 -41.5867 3.3
    endloop
  endfacet
  facet normal 0.659343 0.751842 0
    outer loop
      vertex -73.8642 -41.4142 3.3
      vertex -73.6675 -41.5867 0
      vertex -73.8642 -41.4142 0
    endloop
  endfacet
  facet normal 0.321382 -0.94695 0
    outer loop
      vertex -73.2154 41.8478 0
      vertex -72.9676 41.9319 3.3
      vertex -73.2154 41.8478 3.3
    endloop
  endfacet
  facet normal 0.321382 -0.94695 0
    outer loop
      vertex -72.9676 41.9319 3.3
      vertex -73.2154 41.8478 0
      vertex -72.9676 41.9319 0
    endloop
  endfacet
  facet normal 0.89686 -0.442314 -4.01826e-19
    outer loop
      vertex -74.2978 40.7654 3.3
      vertex -74.1821 41 0
      vertex -74.1821 41 3.3
    endloop
  endfacet
  facet normal 0.89686 -0.442314 -4.01826e-19
    outer loop
      vertex -74.1821 41 0
      vertex -74.2978 40.7654 3.3
      vertex -74.2978 40.7654 0
    endloop
  endfacet
  facet normal -0.89686 -0.442314 4.01826e-19
    outer loop
      vertex 74.2978 40.7654 0
      vertex 74.1821 41 3.3
      vertex 74.1821 41 0
    endloop
  endfacet
  facet normal -0.89686 -0.442314 4.01826e-19
    outer loop
      vertex 74.1821 41 3.3
      vertex 74.2978 40.7654 0
      vertex 74.2978 40.7654 3.3
    endloop
  endfacet
  facet normal 0.94695 0.321382 -8.79362e-19
    outer loop
      vertex -74.2978 -40.7654 3.3
      vertex -74.3819 -40.5176 0
      vertex -74.3819 -40.5176 3.3
    endloop
  endfacet
  facet normal 0.94695 0.321382 -8.79362e-19
    outer loop
      vertex -74.3819 -40.5176 0
      vertex -74.2978 -40.7654 3.3
      vertex -74.2978 -40.7654 0
    endloop
  endfacet
  facet normal -0.659343 0.751842 0
    outer loop
      vertex 73.8642 -41.4142 0
      vertex 73.6675 -41.5867 3.3
      vertex 73.8642 -41.4142 3.3
    endloop
  endfacet
  facet normal -0.659343 0.751842 0
    outer loop
      vertex 73.6675 -41.5867 3.3
      vertex 73.8642 -41.4142 0
      vertex 73.6675 -41.5867 0
    endloop
  endfacet
  facet normal -0.751842 -0.659343 -3.26576e-18
    outer loop
      vertex 74.0367 41.2175 0
      vertex 73.8642 41.4142 3.3
      vertex 73.8642 41.4142 0
    endloop
  endfacet
  facet normal -0.751842 -0.659343 -3.26576e-18
    outer loop
      vertex 73.8642 41.4142 3.3
      vertex 74.0367 41.2175 0
      vertex 74.0367 41.2175 3.3
    endloop
  endfacet
  facet normal -0.94695 -0.321382 -8.79362e-19
    outer loop
      vertex 74.3819 40.5176 0
      vertex 74.2978 40.7654 3.3
      vertex 74.2978 40.7654 0
    endloop
  endfacet
  facet normal -0.94695 -0.321382 -8.79362e-19
    outer loop
      vertex 74.2978 40.7654 3.3
      vertex 74.3819 40.5176 0
      vertex 74.3819 40.5176 3.3
    endloop
  endfacet
  facet normal -0.442314 0.89686 0
    outer loop
      vertex 73.45 -41.7321 0
      vertex 73.2154 -41.8478 3.3
      vertex 73.45 -41.7321 3.3
    endloop
  endfacet
  facet normal -0.442314 0.89686 0
    outer loop
      vertex 73.2154 -41.8478 3.3
      vertex 73.45 -41.7321 0
      vertex 73.2154 -41.8478 0
    endloop
  endfacet
  facet normal -0.19494 0.980815 0
    outer loop
      vertex 72.9676 -41.9319 0
      vertex 72.711 -41.9829 3.3
      vertex 72.9676 -41.9319 3.3
    endloop
  endfacet
  facet normal -0.19494 0.980815 0
    outer loop
      vertex 72.711 -41.9829 3.3
      vertex 72.9676 -41.9319 0
      vertex 72.711 -41.9829 0
    endloop
  endfacet
  facet normal -0.555758 0.831344 0
    outer loop
      vertex 73.6675 -41.5867 0
      vertex 73.45 -41.7321 3.3
      vertex 73.6675 -41.5867 3.3
    endloop
  endfacet
  facet normal -0.555758 0.831344 0
    outer loop
      vertex 73.45 -41.7321 3.3
      vertex 73.6675 -41.5867 0
      vertex 73.45 -41.7321 0
    endloop
  endfacet
  facet normal -0.89686 0.442314 -4.01826e-19
    outer loop
      vertex 74.1821 -41 0
      vertex 74.2978 -40.7654 3.3
      vertex 74.2978 -40.7654 0
    endloop
  endfacet
  facet normal -0.89686 0.442314 -4.01826e-19
    outer loop
      vertex 74.2978 -40.7654 3.3
      vertex 74.1821 -41 0
      vertex 74.1821 -41 3.3
    endloop
  endfacet
  facet normal 0.555758 0.831344 -0
    outer loop
      vertex -73.45 -41.7321 0
      vertex -73.6675 -41.5867 3.3
      vertex -73.45 -41.7321 3.3
    endloop
  endfacet
  facet normal 0.555758 0.831344 0
    outer loop
      vertex -73.6675 -41.5867 3.3
      vertex -73.45 -41.7321 0
      vertex -73.6675 -41.5867 0
    endloop
  endfacet
  facet normal 0.751842 -0.659343 3.26576e-18
    outer loop
      vertex -74.0367 41.2175 3.3
      vertex -73.8642 41.4142 0
      vertex -73.8642 41.4142 3.3
    endloop
  endfacet
  facet normal 0.751842 -0.659343 3.26576e-18
    outer loop
      vertex -73.8642 41.4142 0
      vertex -74.0367 41.2175 3.3
      vertex -74.0367 41.2175 0
    endloop
  endfacet
  facet normal -0.94695 0.321382 8.79362e-19
    outer loop
      vertex 74.2978 -40.7654 0
      vertex 74.3819 -40.5176 3.3
      vertex 74.3819 -40.5176 0
    endloop
  endfacet
  facet normal -0.94695 0.321382 8.79362e-19
    outer loop
      vertex 74.3819 -40.5176 3.3
      vertex 74.2978 -40.7654 0
      vertex 74.2978 -40.7654 3.3
    endloop
  endfacet
  facet normal 1 0 0
    outer loop
      vertex -18 -49.8 2
      vertex -18 -42 3.3
      vertex -18 -49.8 3.3
    endloop
  endfacet
  facet normal 1 0 0
    outer loop
      vertex -18 -42 3.3
      vertex -18 -49.8 2
      vertex -18 -42 0
    endloop
  endfacet
  facet normal 1 0 0
    outer loop
      vertex -18 -60 0
      vertex -18 -49.8 2
      vertex -18 -60 2
    endloop
  endfacet
  facet normal 1 0 0
    outer loop
      vertex -18 -49.8 2
      vertex -18 -60 0
      vertex -18 -42 0
    endloop
  endfacet
  facet normal -1 0 0
    outer loop
      vertex 18 -42 0
      vertex 18 -49.8 2
      vertex 18 -42 3.3
    endloop
  endfacet
  facet normal -1 0 0
    outer loop
      vertex 18 -60 0
      vertex 18 -49.8 2
      vertex 18 -42 0
    endloop
  endfacet
  facet normal -1 -0 0
    outer loop
      vertex 18 -49.8 2
      vertex 18 -60 0
      vertex 18 -60 2
    endloop
  endfacet
  facet normal -1 -0 0
    outer loop
      vertex 18 -42 3.3
      vertex 18 -49.8 2
      vertex 18 -49.8 3.3
    endloop
  endfacet
  facet normal 0 1 -0
    outer loop
      vertex 18 -60 0
      vertex -18 -60 2
      vertex 18 -60 2
    endloop
  endfacet
  facet normal 0 1 0
    outer loop
      vertex -18 -60 2
      vertex 18 -60 0
      vertex -18 -60 0
    endloop
  endfacet
endsolid OpenSCAD_Model
